hp,dp,ap,offH,offD,offA,pnlH,pnlD,pnlA,worstPnl,riskRatio,riskLabel,concLabel
0.0000,0.0000,1.0000,999.000,999.000,1.010,10000000,10000000,-100000,-100000,1.0100,loss,extreme
0.0000,0.0100,0.9900,999.000,92.000,1.010,10000000,800000,1000,1000,0.9999,thin,extreme
0.0000,0.0200,0.9800,999.000,46.000,1.010,10000000,800000,102000,102000,0.9898,thin,extreme
0.0000,0.0300,0.9700,999.000,30.667,1.010,10000000,800000,203000,203000,0.9797,good,extreme
0.0000,0.0400,0.9600,999.000,23.000,1.010,10000000,800000,304000,304000,0.9696,good,extreme
0.0000,0.0500,0.9500,999.000,18.400,1.010,10000000,800000,405000,405000,0.9595,good,extreme
0.0000,0.0600,0.9400,999.000,15.333,1.010,10000000,800000,506000,506000,0.9494,good,extreme
0.0000,0.0700,0.9300,999.000,13.143,1.010,10000000,800000,607000,607000,0.9393,good,extreme
0.0000,0.0800,0.9200,999.000,11.500,1.010,10000000,800000,708000,708000,0.9292,good,extreme
0.0000,0.0900,0.9100,999.000,10.222,1.011,10000000,800000,800000,800000,0.9200,max,extreme
0.0000,0.1000,0.9000,999.000,9.200,1.022,10000000,800000,800000,800000,0.9200,max,extreme
0.0000,0.1100,0.8900,999.000,8.364,1.034,10000000,800000,800000,800000,0.9200,max,heavy
0.0000,0.1200,0.8800,999.000,7.667,1.045,10000000,800000,800000,800000,0.9200,max,heavy
0.0000,0.1300,0.8700,999.000,7.077,1.057,10000000,800000,800000,800000,0.9200,max,heavy
0.0000,0.1400,0.8600,999.000,6.571,1.070,10000000,800000,800000,800000,0.9200,good,heavy
0.0000,0.1500,0.8500,999.000,6.133,1.082,10000000,800000,800000,800000,0.9200,good,heavy
0.0000,0.1600,0.8400,999.000,5.750,1.095,10000000,800000,800000,800000,0.9200,max,heavy
0.0000,0.1700,0.8300,999.000,5.412,1.108,10000000,800000,800000,800000,0.9200,max,heavy
0.0000,0.1800,0.8200,999.000,5.111,1.122,10000000,800000,800000,800000,0.9200,max,heavy
0.0000,0.1900,0.8100,999.000,4.842,1.136,10000000,800000,800000,800000,0.9200,max,heavy
0.0000,0.2000,0.8000,999.000,4.600,1.150,10000000,800000,800000,800000,0.9200,max,heavy
0.0000,0.2100,0.7900,999.000,4.381,1.165,10000000,800000,800000,800000,0.9200,max,heavy
0.0000,0.2200,0.7800,999.000,4.182,1.179,10000000,800000,800000,800000,0.9200,max,heavy
0.0000,0.2300,0.7700,999.000,4.000,1.195,10000000,800000,800000,800000,0.9200,max,heavy
0.0000,0.2400,0.7600,999.000,3.833,1.211,10000000,800000,800000,800000,0.9200,max,heavy
0.0000,0.2500,0.7500,999.000,3.680,1.227,10000000,800000,800000,800000,0.9200,good,heavy
0.0000,0.2600,0.7400,999.000,3.538,1.243,10000000,800000,800000,800000,0.9200,max,heavy
0.0000,0.2700,0.7300,999.000,3.407,1.260,10000000,800000,800000,800000,0.9200,good,heavy
0.0000,0.2800,0.7200,999.000,3.286,1.278,10000000,800000,800000,800000,0.9200,good,heavy
0.0000,0.2900,0.7100,999.000,3.172,1.296,10000000,800000,800000,800000,0.9200,good,heavy
0.0000,0.3000,0.7000,999.000,3.067,1.314,10000000,800000,800000,800000,0.9200,good,heavy
0.0000,0.3100,0.6900,999.000,2.968,1.333,10000000,800000,800000,800000,0.9200,max,moderate
0.0000,0.3200,0.6800,999.000,2.875,1.353,10000000,800000,800000,800000,0.9200,max,moderate
0.0000,0.3300,0.6700,999.000,2.788,1.373,10000000,800000,800000,800000,0.9200,max,moderate
0.0000,0.3400,0.6600,999.000,2.706,1.394,10000000,800000,800000,800000,0.9200,max,moderate
0.0000,0.3500,0.6500,999.000,2.629,1.415,10000000,800000,800000,800000,0.9200,good,moderate
0.0000,0.3600,0.6400,999.000,2.556,1.438,10000000,800000,800000,800000,0.9200,max,moderate
0.0000,0.3700,0.6300,999.000,2.486,1.460,10000000,800000,800000,800000,0.9200,max,moderate
0.0000,0.3800,0.6200,999.000,2.421,1.484,10000000,800000,800000,800000,0.9200,max,moderate
0.0000,0.3900,0.6100,999.000,2.359,1.508,10000000,800000,800000,800000,0.9200,max,moderate
0.0000,0.4000,0.6000,999.000,2.300,1.533,10000000,800000,800000,800000,0.9200,max,moderate
0.0000,0.4100,0.5900,999.000,2.244,1.559,10000000,800000,800000,800000,0.9200,max,moderate
0.0000,0.4200,0.5800,999.000,2.190,1.586,10000000,800000,800000,800000,0.9200,good,moderate
0.0000,0.4300,0.5700,999.000,2.140,1.614,10000000,800000,800000,800000,0.9200,good,moderate
0.0000,0.4400,0.5600,999.000,2.091,1.643,10000000,800000,800000,800000,0.9200,good,moderate
0.0000,0.4500,0.5500,999.000,2.044,1.673,10000000,800000,800000,800000,0.9200,max,moderate
0.0000,0.4600,0.5400,999.000,2.000,1.704,10000000,800000,800000,800000,0.9200,max,moderate
0.0000,0.4700,0.5300,999.000,1.957,1.736,10000000,800000,800000,800000,0.9200,max,moderate
0.0000,0.4800,0.5200,999.000,1.917,1.769,10000000,800000,800000,800000,0.9200,max,moderate
0.0000,0.4900,0.5100,999.000,1.878,1.804,10000000,800000,800000,800000,0.9200,max,moderate
0.0000,0.5000,0.5000,999.000,1.840,1.840,10000000,800000,800000,800000,0.9200,max,moderate
0.0000,0.5100,0.4900,999.000,1.804,1.878,10000000,800000,800000,800000,0.9200,max,moderate
0.0000,0.5200,0.4800,999.000,1.769,1.917,10000000,800000,800000,800000,0.9200,max,moderate
0.0000,0.5300,0.4700,999.000,1.736,1.957,10000000,800000,800000,800000,0.9200,max,moderate
0.0000,0.5400,0.4600,999.000,1.704,2.000,10000000,800000,800000,800000,0.9200,max,moderate
0.0000,0.5500,0.4500,999.000,1.673,2.044,10000000,800000,800000,800000,0.9200,max,moderate
0.0000,0.5600,0.4400,999.000,1.643,2.091,10000000,800000,800000,800000,0.9200,good,moderate
0.0000,0.5700,0.4300,999.000,1.614,2.140,10000000,800000,800000,800000,0.9200,good,moderate
0.0000,0.5800,0.4200,999.000,1.586,2.190,10000000,800000,800000,800000,0.9200,good,moderate
0.0000,0.5900,0.4100,999.000,1.559,2.244,10000000,800000,800000,800000,0.9200,max,moderate
0.0000,0.6000,0.4000,999.000,1.533,2.300,10000000,800000,800000,800000,0.9200,max,moderate
0.0000,0.6100,0.3900,999.000,1.508,2.359,10000000,800000,800000,800000,0.9200,max,moderate
0.0000,0.6200,0.3800,999.000,1.484,2.421,10000000,800000,800000,800000,0.9200,max,moderate
0.0000,0.6300,0.3700,999.000,1.460,2.486,10000000,800000,800000,800000,0.9200,max,moderate
0.0000,0.6400,0.3600,999.000,1.438,2.556,10000000,800000,800000,800000,0.9200,max,moderate
0.0000,0.6500,0.3500,999.000,1.415,2.629,10000000,800000,800000,800000,0.9200,good,moderate
0.0000,0.6600,0.3400,999.000,1.394,2.706,10000000,800000,800000,800000,0.9200,max,moderate
0.0000,0.6700,0.3300,999.000,1.373,2.788,10000000,800000,800000,800000,0.9200,max,moderate
0.0000,0.6800,0.3200,999.000,1.353,2.875,10000000,800000,800000,800000,0.9200,max,moderate
0.0000,0.6900,0.3100,999.000,1.333,2.968,10000000,800000,800000,800000,0.9200,max,moderate
0.0000,0.7000,0.3000,999.000,1.314,3.067,10000000,800000,800000,800000,0.9200,good,heavy
0.0000,0.7100,0.2900,999.000,1.296,3.172,10000000,800000,800000,800000,0.9200,good,heavy
0.0000,0.7200,0.2800,999.000,1.278,3.286,10000000,800000,800000,800000,0.9200,good,heavy
0.0000,0.7300,0.2700,999.000,1.260,3.407,10000000,800000,800000,800000,0.9200,good,heavy
0.0000,0.7400,0.2600,999.000,1.243,3.538,10000000,800000,800000,800000,0.9200,max,heavy
0.0000,0.7500,0.2500,999.000,1.227,3.680,10000000,800000,800000,800000,0.9200,good,heavy
0.0000,0.7600,0.2400,999.000,1.211,3.833,10000000,800000,800000,800000,0.9200,max,heavy
0.0000,0.7700,0.2300,999.000,1.195,4.000,10000000,800000,800000,800000,0.9200,max,heavy
0.0000,0.7800,0.2200,999.000,1.179,4.182,10000000,800000,800000,800000,0.9200,max,heavy
0.0000,0.7900,0.2100,999.000,1.165,4.381,10000000,800000,800000,800000,0.9200,max,heavy
0.0000,0.8000,0.2000,999.000,1.150,4.600,10000000,800000,800000,800000,0.9200,max,heavy
0.0000,0.8100,0.1900,999.000,1.136,4.842,10000000,800000,800000,800000,0.9200,max,heavy
0.0000,0.8200,0.1800,999.000,1.122,5.111,10000000,800000,800000,800000,0.9200,max,heavy
0.0000,0.8300,0.1700,999.000,1.108,5.412,10000000,800000,800000,800000,0.9200,max,heavy
0.0000,0.8400,0.1600,999.000,1.095,5.750,10000000,800000,800000,800000,0.9200,max,heavy
0.0000,0.8500,0.1500,999.000,1.082,6.133,10000000,800000,800000,800000,0.9200,good,heavy
0.0000,0.8600,0.1400,999.000,1.070,6.571,10000000,800000,800000,800000,0.9200,good,heavy
0.0000,0.8700,0.1300,999.000,1.057,7.077,10000000,800000,800000,800000,0.9200,max,heavy
0.0000,0.8800,0.1200,999.000,1.045,7.667,10000000,800000,800000,800000,0.9200,max,heavy
0.0000,0.8900,0.1100,999.000,1.034,8.364,10000000,800000,800000,800000,0.9200,max,heavy
0.0000,0.9000,0.1000,999.000,1.022,9.200,10000000,800000,800000,800000,0.9200,max,extreme
0.0000,0.9100,0.0900,999.000,1.011,10.222,10000000,800000,800000,800000,0.9200,max,extreme
0.0000,0.9200,0.0800,999.000,1.010,11.500,10000000,708000,800000,708000,0.9292,good,extreme
0.0000,0.9300,0.0700,999.000,1.010,13.143,10000000,607000,800000,607000,0.9393,good,extreme
0.0000,0.9400,0.0600,999.000,1.010,15.333,10000000,506000,800000,506000,0.9494,good,extreme
0.0000,0.9500,0.0500,999.000,1.010,18.400,10000000,405000,800000,405000,0.9595,good,extreme
0.0000,0.9600,0.0400,999.000,1.010,23.000,10000000,304000,800000,304000,0.9696,good,extreme
0.0000,0.9700,0.0300,999.000,1.010,30.667,10000000,203000,800000,203000,0.9797,good,extreme
0.0000,0.9800,0.0200,999.000,1.010,46.000,10000000,102000,800000,102000,0.9898,thin,extreme
0.0000,0.9900,0.0100,999.000,1.010,92.000,10000000,1000,800000,1000,0.9999,thin,extreme
0.0000,1.0000,0.0000,999.000,1.010,999.000,10000000,-100000,10000000,-100000,1.0100,loss,extreme
0.0100,0.0000,0.9900,92.000,999.000,1.010,800000,10000000,1000,1000,0.9999,thin,extreme
0.0100,0.0100,0.9800,92.000,92.000,1.010,800000,800000,102000,102000,0.9898,thin,extreme
0.0100,0.0200,0.9700,92.000,46.000,1.010,800000,800000,203000,203000,0.9797,good,extreme
0.0100,0.0300,0.9600,92.000,30.667,1.010,800000,800000,304000,304000,0.9696,good,extreme
0.0100,0.0400,0.9500,92.000,23.000,1.010,800000,800000,405000,405000,0.9595,good,extreme
0.0100,0.0500,0.9400,92.000,18.400,1.010,800000,800000,506000,506000,0.9494,good,extreme
0.0100,0.0600,0.9300,92.000,15.333,1.010,800000,800000,607000,607000,0.9393,good,extreme
0.0100,0.0700,0.9200,92.000,13.143,1.010,800000,800000,708000,708000,0.9292,good,extreme
0.0100,0.0800,0.9100,92.000,11.500,1.011,800000,800000,800000,800000,0.9200,max,extreme
0.0100,0.0900,0.9000,92.000,10.222,1.022,800000,800000,800000,800000,0.9200,max,extreme
0.0100,0.1000,0.8900,92.000,9.200,1.034,800000,800000,800000,800000,0.9200,max,heavy
0.0100,0.1100,0.8800,92.000,8.364,1.045,800000,800000,800000,800000,0.9200,max,heavy
0.0100,0.1200,0.8700,92.000,7.667,1.057,800000,800000,800000,800000,0.9200,max,heavy
0.0100,0.1300,0.8600,92.000,7.077,1.070,800000,800000,800000,800000,0.9200,good,heavy
0.0100,0.1400,0.8500,92.000,6.571,1.082,800000,800000,800000,800000,0.9200,good,heavy
0.0100,0.1500,0.8400,92.000,6.133,1.095,800000,800000,800000,800000,0.9200,max,heavy
0.0100,0.1600,0.8300,92.000,5.750,1.108,800000,800000,800000,800000,0.9200,max,heavy
0.0100,0.1700,0.8200,92.000,5.412,1.122,800000,800000,800000,800000,0.9200,max,heavy
0.0100,0.1800,0.8100,92.000,5.111,1.136,800000,800000,800000,800000,0.9200,max,heavy
0.0100,0.1900,0.8000,92.000,4.842,1.150,800000,800000,800000,800000,0.9200,max,heavy
0.0100,0.2000,0.7900,92.000,4.600,1.165,800000,800000,800000,800000,0.9200,max,heavy
0.0100,0.2100,0.7800,92.000,4.381,1.179,800000,800000,800000,800000,0.9200,max,heavy
0.0100,0.2200,0.7700,92.000,4.182,1.195,800000,800000,800000,800000,0.9200,max,heavy
0.0100,0.2300,0.7600,92.000,4.000,1.211,800000,800000,800000,800000,0.9200,max,heavy
0.0100,0.2400,0.7500,92.000,3.833,1.227,800000,800000,800000,800000,0.9200,good,heavy
0.0100,0.2500,0.7400,92.000,3.680,1.243,800000,800000,800000,800000,0.9200,max,heavy
0.0100,0.2600,0.7300,92.000,3.538,1.260,800000,800000,800000,800000,0.9200,good,heavy
0.0100,0.2700,0.7200,92.000,3.407,1.278,800000,800000,800000,800000,0.9200,max,heavy
0.0100,0.2800,0.7100,92.000,3.286,1.296,800000,800000,800000,800000,0.9200,good,heavy
0.0100,0.2900,0.7000,92.000,3.172,1.314,800000,800000,800000,800000,0.9200,good,heavy
0.0100,0.3000,0.6900,92.000,3.067,1.333,800000,800000,800000,800000,0.9200,max,moderate
0.0100,0.3100,0.6800,92.000,2.968,1.353,800000,800000,800000,800000,0.9200,max,moderate
0.0100,0.3200,0.6700,92.000,2.875,1.373,800000,800000,800000,800000,0.9200,max,moderate
0.0100,0.3300,0.6600,92.000,2.788,1.394,800000,800000,800000,800000,0.9200,max,moderate
0.0100,0.3400,0.6500,92.000,2.706,1.415,800000,800000,800000,800000,0.9200,max,moderate
0.0100,0.3500,0.6400,92.000,2.629,1.438,800000,800000,800000,800000,0.9200,good,moderate
0.0100,0.3600,0.6300,92.000,2.556,1.460,800000,800000,800000,800000,0.9200,max,moderate
0.0100,0.3700,0.6200,92.000,2.486,1.484,800000,800000,800000,800000,0.9200,max,moderate
0.0100,0.3800,0.6100,92.000,2.421,1.508,800000,800000,800000,800000,0.9200,max,moderate
0.0100,0.3900,0.6000,92.000,2.359,1.533,800000,800000,800000,800000,0.9200,max,moderate
0.0100,0.4000,0.5900,92.000,2.300,1.559,800000,800000,800000,800000,0.9200,max,moderate
0.0100,0.4100,0.5800,92.000,2.244,1.586,800000,800000,800000,800000,0.9200,good,moderate
0.0100,0.4200,0.5700,92.000,2.190,1.614,800000,800000,800000,800000,0.9200,max,moderate
0.0100,0.4300,0.5600,92.000,2.140,1.643,800000,800000,800000,800000,0.9200,good,moderate
0.0100,0.4400,0.5500,92.000,2.091,1.673,800000,800000,800000,800000,0.9200,max,moderate
0.0100,0.4500,0.5400,92.000,2.044,1.704,800000,800000,800000,800000,0.9200,max,moderate
0.0100,0.4600,0.5300,92.000,2.000,1.736,800000,800000,800000,800000,0.9200,max,moderate
0.0100,0.4700,0.5200,92.000,1.957,1.769,800000,800000,800000,800000,0.9200,max,moderate
0.0100,0.4800,0.5100,92.000,1.917,1.804,800000,800000,800000,800000,0.9200,max,moderate
0.0100,0.4900,0.5000,92.000,1.878,1.840,800000,800000,800000,800000,0.9200,max,moderate
0.0100,0.5000,0.4900,92.000,1.840,1.878,800000,800000,800000,800000,0.9200,max,moderate
0.0100,0.5100,0.4800,92.000,1.804,1.917,800000,800000,800000,800000,0.9200,max,moderate
0.0100,0.5200,0.4700,92.000,1.769,1.957,800000,800000,800000,800000,0.9200,max,moderate
0.0100,0.5300,0.4600,92.000,1.736,2.000,800000,800000,800000,800000,0.9200,max,moderate
0.0100,0.5400,0.4500,92.000,1.704,2.044,800000,800000,800000,800000,0.9200,max,moderate
0.0100,0.5500,0.4400,92.000,1.673,2.091,800000,800000,800000,800000,0.9200,max,moderate
0.0100,0.5600,0.4300,92.000,1.643,2.140,800000,800000,800000,800000,0.9200,good,moderate
0.0100,0.5700,0.4200,92.000,1.614,2.190,800000,800000,800000,800000,0.9200,max,moderate
0.0100,0.5800,0.4100,92.000,1.586,2.244,800000,800000,800000,800000,0.9200,good,moderate
0.0100,0.5900,0.4000,92.000,1.559,2.300,800000,800000,800000,800000,0.9200,max,moderate
0.0100,0.6000,0.3900,92.000,1.533,2.359,800000,800000,800000,800000,0.9200,max,moderate
0.0100,0.6100,0.3800,92.000,1.508,2.421,800000,800000,800000,800000,0.9200,max,moderate
0.0100,0.6200,0.3700,92.000,1.484,2.486,800000,800000,800000,800000,0.9200,max,moderate
0.0100,0.6300,0.3600,92.000,1.460,2.556,800000,800000,800000,800000,0.9200,max,moderate
0.0100,0.6400,0.3500,92.000,1.438,2.629,800000,800000,800000,800000,0.9200,good,moderate
0.0100,0.6500,0.3400,92.000,1.415,2.706,800000,800000,800000,800000,0.9200,max,moderate
0.0100,0.6600,0.3300,92.000,1.394,2.788,800000,800000,800000,800000,0.9200,max,moderate
0.0100,0.6700,0.3200,92.000,1.373,2.875,800000,800000,800000,800000,0.9200,max,moderate
0.0100,0.6800,0.3100,92.000,1.353,2.968,800000,800000,800000,800000,0.9200,max,moderate
0.0100,0.6900,0.3000,92.000,1.333,3.067,800000,800000,800000,800000,0.9200,max,moderate
0.0100,0.7000,0.2900,92.000,1.314,3.172,800000,800000,800000,800000,0.9200,good,heavy
0.0100,0.7100,0.2800,92.000,1.296,3.286,800000,800000,800000,800000,0.9200,good,heavy
0.0100,0.7200,0.2700,92.000,1.278,3.407,800000,800000,800000,800000,0.9200,max,heavy
0.0100,0.7300,0.2600,92.000,1.260,3.538,800000,800000,800000,800000,0.9200,good,heavy
0.0100,0.7400,0.2500,92.000,1.243,3.680,800000,800000,800000,800000,0.9200,max,heavy
0.0100,0.7500,0.2400,92.000,1.227,3.833,800000,800000,800000,800000,0.9200,good,heavy
0.0100,0.7600,0.2300,92.000,1.211,4.000,800000,800000,800000,800000,0.9200,max,heavy
0.0100,0.7700,0.2200,92.000,1.195,4.182,800000,800000,800000,800000,0.9200,max,heavy
0.0100,0.7800,0.2100,92.000,1.179,4.381,800000,800000,800000,800000,0.9200,max,heavy
0.0100,0.7900,0.2000,92.000,1.165,4.600,800000,800000,800000,800000,0.9200,max,heavy
0.0100,0.8000,0.1900,92.000,1.150,4.842,800000,800000,800000,800000,0.9200,max,heavy
0.0100,0.8100,0.1800,92.000,1.136,5.111,800000,800000,800000,800000,0.9200,max,heavy
0.0100,0.8200,0.1700,92.000,1.122,5.412,800000,800000,800000,800000,0.9200,max,heavy
0.0100,0.8300,0.1600,92.000,1.108,5.750,800000,800000,800000,800000,0.9200,max,heavy
0.0100,0.8400,0.1500,92.000,1.095,6.133,800000,800000,800000,800000,0.9200,max,heavy
0.0100,0.8500,0.1400,92.000,1.082,6.571,800000,800000,800000,800000,0.9200,good,heavy
0.0100,0.8600,0.1300,92.000,1.070,7.077,800000,800000,800000,800000,0.9200,good,heavy
0.0100,0.8700,0.1200,92.000,1.057,7.667,800000,800000,800000,800000,0.9200,max,heavy
0.0100,0.8800,0.1100,92.000,1.045,8.364,800000,800000,800000,800000,0.9200,max,heavy
0.0100,0.8900,0.1000,92.000,1.034,9.200,800000,800000,800000,800000,0.9200,max,heavy
0.0100,0.9000,0.0900,92.000,1.022,10.222,800000,800000,800000,800000,0.9200,max,extreme
0.0100,0.9100,0.0800,92.000,1.011,11.500,800000,800000,800000,800000,0.9200,max,extreme
0.0100,0.9200,0.0700,92.000,1.010,13.143,800000,708000,800000,708000,0.9292,good,extreme
0.0100,0.9300,0.0600,92.000,1.010,15.333,800000,607000,800000,607000,0.9393,good,extreme
0.0100,0.9400,0.0500,92.000,1.010,18.400,800000,506000,800000,506000,0.9494,good,extreme
0.0100,0.9500,0.0400,92.000,1.010,23.000,800000,405000,800000,405000,0.9595,good,extreme
0.0100,0.9600,0.0300,92.000,1.010,30.667,800000,304000,800000,304000,0.9696,good,extreme
0.0100,0.9700,0.0200,92.000,1.010,46.000,800000,203000,800000,203000,0.9797,good,extreme
0.0100,0.9800,0.0100,92.000,1.010,92.000,800000,102000,800000,102000,0.9898,thin,extreme
0.0100,0.9900,0.0000,92.000,1.010,999.000,800000,1000,10000000,1000,0.9999,thin,extreme
0.0200,0.0000,0.9800,46.000,999.000,1.010,800000,10000000,102000,102000,0.9898,thin,extreme
0.0200,0.0100,0.9700,46.000,92.000,1.010,800000,800000,203000,203000,0.9797,good,extreme
0.0200,0.0200,0.9600,46.000,46.000,1.010,800000,800000,304000,304000,0.9696,good,extreme
0.0200,0.0300,0.9500,46.000,30.667,1.010,800000,800000,405000,405000,0.9595,good,extreme
0.0200,0.0400,0.9400,46.000,23.000,1.010,800000,800000,506000,506000,0.9494,good,extreme
0.0200,0.0500,0.9300,46.000,18.400,1.010,800000,800000,607000,607000,0.9393,good,extreme
0.0200,0.0600,0.9200,46.000,15.333,1.010,800000,800000,708000,708000,0.9292,good,extreme
0.0200,0.0700,0.9100,46.000,13.143,1.011,800000,800000,800000,800000,0.9200,good,extreme
0.0200,0.0800,0.9000,46.000,11.500,1.022,800000,800000,800000,800000,0.9200,max,extreme
0.0200,0.0900,0.8900,46.000,10.222,1.034,800000,800000,800000,800000,0.9200,max,heavy
0.0200,0.1000,0.8800,46.000,9.200,1.045,800000,800000,800000,800000,0.9200,max,heavy
0.0200,0.1100,0.8700,46.000,8.364,1.057,800000,800000,800000,800000,0.9200,max,heavy
0.0200,0.1200,0.8600,46.000,7.667,1.070,800000,800000,800000,800000,0.9200,good,heavy
0.0200,0.1300,0.8500,46.000,7.077,1.082,800000,800000,800000,800000,0.9200,good,heavy
0.0200,0.1400,0.8400,46.000,6.571,1.095,800000,800000,800000,800000,0.9200,good,heavy
0.0200,0.1500,0.8300,46.000,6.133,1.108,800000,800000,800000,800000,0.9200,max,heavy
0.0200,0.1600,0.8200,46.000,5.750,1.122,800000,800000,800000,800000,0.9200,max,heavy
0.0200,0.1700,0.8100,46.000,5.412,1.136,800000,800000,800000,800000,0.9200,max,heavy
0.0200,0.1800,0.8000,46.000,5.111,1.150,800000,800000,800000,800000,0.9200,max,heavy
0.0200,0.1900,0.7900,46.000,4.842,1.165,800000,800000,800000,800000,0.9200,max,heavy
0.0200,0.2000,0.7800,46.000,4.600,1.179,800000,800000,800000,800000,0.9200,max,heavy
0.0200,0.2100,0.7700,46.000,4.381,1.195,800000,800000,800000,800000,0.9200,max,heavy
0.0200,0.2200,0.7600,46.000,4.182,1.211,800000,800000,800000,800000,0.9200,max,heavy
0.0200,0.2300,0.7500,46.000,4.000,1.227,800000,800000,800000,800000,0.9200,good,heavy
0.0200,0.2400,0.7400,46.000,3.833,1.243,800000,800000,800000,800000,0.9200,max,heavy
0.0200,0.2500,0.7300,46.000,3.680,1.260,800000,800000,800000,800000,0.9200,good,heavy
0.0200,0.2600,0.7200,46.000,3.538,1.278,800000,800000,800000,800000,0.9200,max,heavy
0.0200,0.2700,0.7100,46.000,3.407,1.296,800000,800000,800000,800000,0.9200,max,heavy
0.0200,0.2800,0.7000,46.000,3.286,1.314,800000,800000,800000,800000,0.9200,good,heavy
0.0200,0.2900,0.6900,46.000,3.172,1.333,800000,800000,800000,800000,0.9200,good,moderate
0.0200,0.3000,0.6800,46.000,3.067,1.353,800000,800000,800000,800000,0.9200,max,moderate
0.0200,0.3100,0.6700,46.000,2.968,1.373,800000,800000,800000,800000,0.9200,max,moderate
0.0200,0.3200,0.6600,46.000,2.875,1.394,800000,800000,800000,800000,0.9200,max,moderate
0.0200,0.3300,0.6500,46.000,2.788,1.415,800000,800000,800000,800000,0.9200,max,moderate
0.0200,0.3400,0.6400,46.000,2.706,1.438,800000,800000,800000,800000,0.9200,max,moderate
0.0200,0.3500,0.6300,46.000,2.629,1.460,800000,800000,800000,800000,0.9200,good,moderate
0.0200,0.3600,0.6200,46.000,2.556,1.484,800000,800000,800000,800000,0.9200,max,moderate
0.0200,0.3700,0.6100,46.000,2.486,1.508,800000,800000,800000,800000,0.9200,max,moderate
0.0200,0.3800,0.6000,46.000,2.421,1.533,800000,800000,800000,800000,0.9200,max,moderate
0.0200,0.3900,0.5900,46.000,2.359,1.559,800000,800000,800000,800000,0.9200,max,moderate
0.0200,0.4000,0.5800,46.000,2.300,1.586,800000,800000,800000,800000,0.9200,good,moderate
0.0200,0.4100,0.5700,46.000,2.244,1.614,800000,800000,800000,800000,0.9200,max,moderate
0.0200,0.4200,0.5600,46.000,2.190,1.643,800000,800000,800000,800000,0.9200,good,moderate
0.0200,0.4300,0.5500,46.000,2.140,1.673,800000,800000,800000,800000,0.9200,good,moderate
0.0200,0.4400,0.5400,46.000,2.091,1.704,800000,800000,800000,800000,0.9200,max,moderate
0.0200,0.4500,0.5300,46.000,2.044,1.736,800000,800000,800000,800000,0.9200,max,moderate
0.0200,0.4600,0.5200,46.000,2.000,1.769,800000,800000,800000,800000,0.9200,max,moderate
0.0200,0.4700,0.5100,46.000,1.957,1.804,800000,800000,800000,800000,0.9200,max,moderate
0.0200,0.4800,0.5000,46.000,1.917,1.840,800000,800000,800000,800000,0.9200,max,moderate
0.0200,0.4900,0.4900,46.000,1.878,1.878,800000,800000,800000,800000,0.9200,max,balanced
0.0200,0.5000,0.4800,46.000,1.840,1.917,800000,800000,800000,800000,0.9200,max,moderate
0.0200,0.5100,0.4700,46.000,1.804,1.957,800000,800000,800000,800000,0.9200,max,moderate
0.0200,0.5200,0.4600,46.000,1.769,2.000,800000,800000,800000,800000,0.9200,max,moderate
0.0200,0.5300,0.4500,46.000,1.736,2.044,800000,800000,800000,800000,0.9200,max,moderate
0.0200,0.5400,0.4400,46.000,1.704,2.091,800000,800000,800000,800000,0.9200,max,moderate
0.0200,0.5500,0.4300,46.000,1.673,2.140,800000,800000,800000,800000,0.9200,good,moderate
0.0200,0.5600,0.4200,46.000,1.643,2.190,800000,800000,800000,800000,0.9200,good,moderate
0.0200,0.5700,0.4100,46.000,1.614,2.244,800000,800000,800000,800000,0.9200,max,moderate
0.0200,0.5800,0.4000,46.000,1.586,2.300,800000,800000,800000,800000,0.9200,good,moderate
0.0200,0.5900,0.3900,46.000,1.559,2.359,800000,800000,800000,800000,0.9200,max,moderate
0.0200,0.6000,0.3800,46.000,1.533,2.421,800000,800000,800000,800000,0.9200,max,moderate
0.0200,0.6100,0.3700,46.000,1.508,2.486,800000,800000,800000,800000,0.9200,max,moderate
0.0200,0.6200,0.3600,46.000,1.484,2.556,800000,800000,800000,800000,0.9200,max,moderate
0.0200,0.6300,0.3500,46.000,1.460,2.629,800000,800000,800000,800000,0.9200,good,moderate
0.0200,0.6400,0.3400,46.000,1.438,2.706,800000,800000,800000,800000,0.9200,max,moderate
0.0200,0.6500,0.3300,46.000,1.415,2.788,800000,800000,800000,800000,0.9200,max,moderate
0.0200,0.6600,0.3200,46.000,1.394,2.875,800000,800000,800000,800000,0.9200,max,moderate
0.0200,0.6700,0.3100,46.000,1.373,2.968,800000,800000,800000,800000,0.9200,max,moderate
0.0200,0.6800,0.3000,46.000,1.353,3.067,800000,800000,800000,800000,0.9200,max,moderate
0.0200,0.6900,0.2900,46.000,1.333,3.172,800000,800000,800000,800000,0.9200,good,moderate
0.0200,0.7000,0.2800,46.000,1.314,3.286,800000,800000,800000,800000,0.9200,good,heavy
0.0200,0.7100,0.2700,46.000,1.296,3.407,800000,800000,800000,800000,0.9200,max,heavy
0.0200,0.7200,0.2600,46.000,1.278,3.538,800000,800000,800000,800000,0.9200,max,heavy
0.0200,0.7300,0.2500,46.000,1.260,3.680,800000,800000,800000,800000,0.9200,good,heavy
0.0200,0.7400,0.2400,46.000,1.243,3.833,800000,800000,800000,800000,0.9200,max,heavy
0.0200,0.7500,0.2300,46.000,1.227,4.000,800000,800000,800000,800000,0.9200,good,heavy
0.0200,0.7600,0.2200,46.000,1.211,4.182,800000,800000,800000,800000,0.9200,max,heavy
0.0200,0.7700,0.2100,46.000,1.195,4.381,800000,800000,800000,800000,0.9200,max,heavy
0.0200,0.7800,0.2000,46.000,1.179,4.600,800000,800000,800000,800000,0.9200,max,heavy
0.0200,0.7900,0.1900,46.000,1.165,4.842,800000,800000,800000,800000,0.9200,max,heavy
0.0200,0.8000,0.1800,46.000,1.150,5.111,800000,800000,800000,800000,0.9200,max,heavy
0.0200,0.8100,0.1700,46.000,1.136,5.412,800000,800000,800000,800000,0.9200,max,heavy
0.0200,0.8200,0.1600,46.000,1.122,5.750,800000,800000,800000,800000,0.9200,max,heavy
0.0200,0.8300,0.1500,46.000,1.108,6.133,800000,800000,800000,800000,0.9200,max,heavy
0.0200,0.8400,0.1400,46.000,1.095,6.571,800000,800000,800000,800000,0.9200,good,heavy
0.0200,0.8500,0.1300,46.000,1.082,7.077,800000,800000,800000,800000,0.9200,good,heavy
0.0200,0.8600,0.1200,46.000,1.070,7.667,800000,800000,800000,800000,0.9200,good,heavy
0.0200,0.8700,0.1100,46.000,1.057,8.364,800000,800000,800000,800000,0.9200,max,heavy
0.0200,0.8800,0.1000,46.000,1.045,9.200,800000,800000,800000,800000,0.9200,max,heavy
0.0200,0.8900,0.0900,46.000,1.034,10.222,800000,800000,800000,800000,0.9200,max,heavy
0.0200,0.9000,0.0800,46.000,1.022,11.500,800000,800000,800000,800000,0.9200,max,extreme
0.0200,0.9100,0.0700,46.000,1.011,13.143,800000,800000,800000,800000,0.9200,good,extreme
0.0200,0.9200,0.0600,46.000,1.010,15.333,800000,708000,800000,708000,0.9292,good,extreme
0.0200,0.9300,0.0500,46.000,1.010,18.400,800000,607000,800000,607000,0.9393,good,extreme
0.0200,0.9400,0.0400,46.000,1.010,23.000,800000,506000,800000,506000,0.9494,good,extreme
0.0200,0.9500,0.0300,46.000,1.010,30.667,800000,405000,800000,405000,0.9595,good,extreme
0.0200,0.9600,0.0200,46.000,1.010,46.000,800000,304000,800000,304000,0.9696,good,extreme
0.0200,0.9700,0.0100,46.000,1.010,92.000,800000,203000,800000,203000,0.9797,good,extreme
0.0200,0.9800,0.0000,46.000,1.010,999.000,800000,102000,10000000,102000,0.9898,thin,extreme
0.0300,0.0000,0.9700,30.667,999.000,1.010,800000,10000000,203000,203000,0.9797,good,extreme
0.0300,0.0100,0.9600,30.667,92.000,1.010,800000,800000,304000,304000,0.9696,good,extreme
0.0300,0.0200,0.9500,30.667,46.000,1.010,800000,800000,405000,405000,0.9595,good,extreme
0.0300,0.0300,0.9400,30.667,30.667,1.010,800000,800000,506000,506000,0.9494,good,extreme
0.0300,0.0400,0.9300,30.667,23.000,1.010,800000,800000,607000,607000,0.9393,good,extreme
0.0300,0.0500,0.9200,30.667,18.400,1.010,800000,800000,708000,708000,0.9292,good,extreme
0.0300,0.0600,0.9100,30.667,15.333,1.011,800000,800000,800000,800000,0.9200,max,extreme
0.0300,0.0700,0.9000,30.667,13.143,1.022,800000,800000,800000,800000,0.9200,good,extreme
0.0300,0.0800,0.8900,30.667,11.500,1.034,800000,800000,800000,800000,0.9200,max,heavy
0.0300,0.0900,0.8800,30.667,10.222,1.045,800000,800000,800000,800000,0.9200,max,heavy
0.0300,0.1000,0.8700,30.667,9.200,1.057,800000,800000,800000,800000,0.9200,max,heavy
0.0300,0.1100,0.8600,30.667,8.364,1.070,800000,800000,800000,800000,0.9200,good,heavy
0.0300,0.1200,0.8500,30.667,7.667,1.082,800000,800000,800000,800000,0.9200,good,heavy
0.0300,0.1300,0.8400,30.667,7.077,1.095,800000,800000,800000,800000,0.9200,max,heavy
0.0300,0.1400,0.8300,30.667,6.571,1.108,800000,800000,800000,800000,0.9200,good,heavy
0.0300,0.1500,0.8200,30.667,6.133,1.122,800000,800000,800000,800000,0.9200,max,heavy
0.0300,0.1600,0.8100,30.667,5.750,1.136,800000,800000,800000,800000,0.9200,max,heavy
0.0300,0.1700,0.8000,30.667,5.412,1.150,800000,800000,800000,800000,0.9200,max,heavy
0.0300,0.1800,0.7900,30.667,5.111,1.165,800000,800000,800000,800000,0.9200,max,heavy
0.0300,0.1900,0.7800,30.667,4.842,1.179,800000,800000,800000,800000,0.9200,max,heavy
0.0300,0.2000,0.7700,30.667,4.600,1.195,800000,800000,800000,800000,0.9200,max,heavy
0.0300,0.2100,0.7600,30.667,4.381,1.211,800000,800000,800000,800000,0.9200,max,heavy
0.0300,0.2200,0.7500,30.667,4.182,1.227,800000,800000,800000,800000,0.9200,good,heavy
0.0300,0.2300,0.7400,30.667,4.000,1.243,800000,800000,800000,800000,0.9200,max,heavy
0.0300,0.2400,0.7300,30.667,3.833,1.260,800000,800000,800000,800000,0.9200,good,heavy
0.0300,0.2500,0.7200,30.667,3.680,1.278,800000,800000,800000,800000,0.9200,max,heavy
0.0300,0.2600,0.7100,30.667,3.538,1.296,800000,800000,800000,800000,0.9200,max,heavy
0.0300,0.2700,0.7000,30.667,3.407,1.314,800000,800000,800000,800000,0.9200,good,heavy
0.0300,0.2800,0.6900,30.667,3.286,1.333,800000,800000,800000,800000,0.9200,good,moderate
0.0300,0.2900,0.6800,30.667,3.172,1.353,800000,800000,800000,800000,0.9200,good,moderate
0.0300,0.3000,0.6700,30.667,3.067,1.373,800000,800000,800000,800000,0.9200,max,moderate
0.0300,0.3100,0.6600,30.667,2.968,1.394,800000,800000,800000,800000,0.9200,max,moderate
0.0300,0.3200,0.6500,30.667,2.875,1.415,800000,800000,800000,800000,0.9200,max,moderate
0.0300,0.3300,0.6400,30.667,2.788,1.438,800000,800000,800000,800000,0.9200,max,moderate
0.0300,0.3400,0.6300,30.667,2.706,1.460,800000,800000,800000,800000,0.9200,max,moderate
0.0300,0.3500,0.6200,30.667,2.629,1.484,800000,800000,800000,800000,0.9200,good,moderate
0.0300,0.3600,0.6100,30.667,2.556,1.508,800000,800000,800000,800000,0.9200,max,moderate
0.0300,0.3700,0.6000,30.667,2.486,1.533,800000,800000,800000,800000,0.9200,max,moderate
0.0300,0.3800,0.5900,30.667,2.421,1.559,800000,800000,800000,800000,0.9200,max,moderate
0.0300,0.3900,0.5800,30.667,2.359,1.586,800000,800000,800000,800000,0.9200,good,moderate
0.0300,0.4000,0.5700,30.667,2.300,1.614,800000,800000,800000,800000,0.9200,max,moderate
0.0300,0.4100,0.5600,30.667,2.244,1.643,800000,800000,800000,800000,0.9200,good,moderate
0.0300,0.4200,0.5500,30.667,2.190,1.673,800000,800000,800000,800000,0.9200,max,moderate
0.0300,0.4300,0.5400,30.667,2.140,1.704,800000,800000,800000,800000,0.9200,good,moderate
0.0300,0.4400,0.5300,30.667,2.091,1.736,800000,800000,800000,800000,0.9200,max,moderate
0.0300,0.4500,0.5200,30.667,2.044,1.769,800000,800000,800000,800000,0.9200,max,moderate
0.0300,0.4600,0.5100,30.667,2.000,1.804,800000,800000,800000,800000,0.9200,max,moderate
0.0300,0.4700,0.5000,30.667,1.957,1.840,800000,800000,800000,800000,0.9200,max,moderate
0.0300,0.4800,0.4900,30.667,1.917,1.878,800000,800000,800000,800000,0.9200,max,balanced
0.0300,0.4900,0.4800,30.667,1.878,1.917,800000,800000,800000,800000,0.9200,max,balanced
0.0300,0.5000,0.4700,30.667,1.840,1.957,800000,800000,800000,800000,0.9200,max,moderate
0.0300,0.5100,0.4600,30.667,1.804,2.000,800000,800000,800000,800000,0.9200,max,moderate
0.0300,0.5200,0.4500,30.667,1.769,2.044,800000,800000,800000,800000,0.9200,max,moderate
0.0300,0.5300,0.4400,30.667,1.736,2.091,800000,800000,800000,800000,0.9200,max,moderate
0.0300,0.5400,0.4300,30.667,1.704,2.140,800000,800000,800000,800000,0.9200,good,moderate
0.0300,0.5500,0.4200,30.667,1.673,2.190,800000,800000,800000,800000,0.9200,max,moderate
0.0300,0.5600,0.4100,30.667,1.643,2.244,800000,800000,800000,800000,0.9200,good,moderate
0.0300,0.5700,0.4000,30.667,1.614,2.300,800000,800000,800000,800000,0.9200,max,moderate
0.0300,0.5800,0.3900,30.667,1.586,2.359,800000,800000,800000,800000,0.9200,good,moderate
0.0300,0.5900,0.3800,30.667,1.559,2.421,800000,800000,800000,800000,0.9200,max,moderate
0.0300,0.6000,0.3700,30.667,1.533,2.486,800000,800000,800000,800000,0.9200,max,moderate
0.0300,0.6100,0.3600,30.667,1.508,2.556,800000,800000,800000,800000,0.9200,max,moderate
0.0300,0.6200,0.3500,30.667,1.484,2.629,800000,800000,800000,800000,0.9200,good,moderate
0.0300,0.6300,0.3400,30.667,1.460,2.706,800000,800000,800000,800000,0.9200,max,moderate
0.0300,0.6400,0.3300,30.667,1.438,2.788,800000,800000,800000,800000,0.9200,max,moderate
0.0300,0.6500,0.3200,30.667,1.415,2.875,800000,800000,800000,800000,0.9200,max,moderate
0.0300,0.6600,0.3100,30.667,1.394,2.968,800000,800000,800000,800000,0.9200,max,moderate
0.0300,0.6700,0.3000,30.667,1.373,3.067,800000,800000,800000,800000,0.9200,max,moderate
0.0300,0.6800,0.2900,30.667,1.353,3.172,800000,800000,800000,800000,0.9200,good,moderate
0.0300,0.6900,0.2800,30.667,1.333,3.286,800000,800000,800000,800000,0.9200,good,moderate
0.0300,0.7000,0.2700,30.667,1.314,3.407,800000,800000,800000,800000,0.9200,good,heavy
0.0300,0.7100,0.2600,30.667,1.296,3.538,800000,800000,800000,800000,0.9200,max,heavy
0.0300,0.7200,0.2500,30.667,1.278,3.680,800000,800000,800000,800000,0.9200,max,heavy
0.0300,0.7300,0.2400,30.667,1.260,3.833,800000,800000,800000,800000,0.9200,good,heavy
0.0300,0.7400,0.2300,30.667,1.243,4.000,800000,800000,800000,800000,0.9200,max,heavy
0.0300,0.7500,0.2200,30.667,1.227,4.182,800000,800000,800000,800000,0.9200,good,heavy
0.0300,0.7600,0.2100,30.667,1.211,4.381,800000,800000,800000,800000,0.9200,max,heavy
0.0300,0.7700,0.2000,30.667,1.195,4.600,800000,800000,800000,800000,0.9200,max,heavy
0.0300,0.7800,0.1900,30.667,1.179,4.842,800000,800000,800000,800000,0.9200,max,heavy
0.0300,0.7900,0.1800,30.667,1.165,5.111,800000,800000,800000,800000,0.9200,max,heavy
0.0300,0.8000,0.1700,30.667,1.150,5.412,800000,800000,800000,800000,0.9200,max,heavy
0.0300,0.8100,0.1600,30.667,1.136,5.750,800000,800000,800000,800000,0.9200,max,heavy
0.0300,0.8200,0.1500,30.667,1.122,6.133,800000,800000,800000,800000,0.9200,max,heavy
0.0300,0.8300,0.1400,30.667,1.108,6.571,800000,800000,800000,800000,0.9200,good,heavy
0.0300,0.8400,0.1300,30.667,1.095,7.077,800000,800000,800000,800000,0.9200,max,heavy
0.0300,0.8500,0.1200,30.667,1.082,7.667,800000,800000,800000,800000,0.9200,good,heavy
0.0300,0.8600,0.1100,30.667,1.070,8.364,800000,800000,800000,800000,0.9200,good,heavy
0.0300,0.8700,0.1000,30.667,1.057,9.200,800000,800000,800000,800000,0.9200,max,heavy
0.0300,0.8800,0.0900,30.667,1.045,10.222,800000,800000,800000,800000,0.9200,max,heavy
0.0300,0.8900,0.0800,30.667,1.034,11.500,800000,800000,800000,800000,0.9200,max,heavy
0.0300,0.9000,0.0700,30.667,1.022,13.143,800000,800000,800000,800000,0.9200,good,extreme
0.0300,0.9100,0.0600,30.667,1.011,15.333,800000,800000,800000,800000,0.9200,max,extreme
0.0300,0.9200,0.0500,30.667,1.010,18.400,800000,708000,800000,708000,0.9292,good,extreme
0.0300,0.9300,0.0400,30.667,1.010,23.000,800000,607000,800000,607000,0.9393,good,extreme
0.0300,0.9400,0.0300,30.667,1.010,30.667,800000,506000,800000,506000,0.9494,good,extreme
0.0300,0.9500,0.0200,30.667,1.010,46.000,800000,405000,800000,405000,0.9595,good,extreme
0.0300,0.9600,0.0100,30.667,1.010,92.000,800000,304000,800000,304000,0.9696,good,extreme
0.0300,0.9700,0.0000,30.667,1.010,999.000,800000,203000,10000000,203000,0.9797,good,extreme
0.0400,0.0000,0.9600,23.000,999.000,1.010,800000,10000000,304000,304000,0.9696,good,extreme
0.0400,0.0100,0.9500,23.000,92.000,1.010,800000,800000,405000,405000,0.9595,good,extreme
0.0400,0.0200,0.9400,23.000,46.000,1.010,800000,800000,506000,506000,0.9494,good,extreme
0.0400,0.0300,0.9300,23.000,30.667,1.010,800000,800000,607000,607000,0.9393,good,extreme
0.0400,0.0400,0.9200,23.000,23.000,1.010,800000,800000,708000,708000,0.9292,good,extreme
0.0400,0.0500,0.9100,23.000,18.400,1.011,800000,800000,800000,800000,0.9200,max,extreme
0.0400,0.0600,0.9000,23.000,15.333,1.022,800000,800000,800000,800000,0.9200,max,extreme
0.0400,0.0700,0.8900,23.000,13.143,1.034,800000,800000,800000,800000,0.9200,good,heavy
0.0400,0.0800,0.8800,23.000,11.500,1.045,800000,800000,800000,800000,0.9200,max,heavy
0.0400,0.0900,0.8700,23.000,10.222,1.057,800000,800000,800000,800000,0.9200,max,heavy
0.0400,0.1000,0.8600,23.000,9.200,1.070,800000,800000,800000,800000,0.9200,good,heavy
0.0400,0.1100,0.8500,23.000,8.364,1.082,800000,800000,800000,800000,0.9200,good,heavy
0.0400,0.1200,0.8400,23.000,7.667,1.095,800000,800000,800000,800000,0.9200,max,heavy
0.0400,0.1300,0.8300,23.000,7.077,1.108,800000,800000,800000,800000,0.9200,max,heavy
0.0400,0.1400,0.8200,23.000,6.571,1.122,800000,800000,800000,800000,0.9200,good,heavy
0.0400,0.1500,0.8100,23.000,6.133,1.136,800000,800000,800000,800000,0.9200,max,heavy
0.0400,0.1600,0.8000,23.000,5.750,1.150,800000,800000,800000,800000,0.9200,max,heavy
0.0400,0.1700,0.7900,23.000,5.412,1.165,800000,800000,800000,800000,0.9200,max,heavy
0.0400,0.1800,0.7800,23.000,5.111,1.179,800000,800000,800000,800000,0.9200,max,heavy
0.0400,0.1900,0.7700,23.000,4.842,1.195,800000,800000,800000,800000,0.9200,max,heavy
0.0400,0.2000,0.7600,23.000,4.600,1.211,800000,800000,800000,800000,0.9200,max,heavy
0.0400,0.2100,0.7500,23.000,4.381,1.227,800000,800000,800000,800000,0.9200,good,heavy
0.0400,0.2200,0.7400,23.000,4.182,1.243,800000,800000,800000,800000,0.9200,max,heavy
0.0400,0.2300,0.7300,23.000,4.000,1.260,800000,800000,800000,800000,0.9200,good,heavy
0.0400,0.2400,0.7200,23.000,3.833,1.278,800000,800000,800000,800000,0.9200,max,heavy
0.0400,0.2500,0.7100,23.000,3.680,1.296,800000,800000,800000,800000,0.9200,max,heavy
0.0400,0.2600,0.7000,23.000,3.538,1.314,800000,800000,800000,800000,0.9200,good,heavy
0.0400,0.2700,0.6900,23.000,3.407,1.333,800000,800000,800000,800000,0.9200,max,moderate
0.0400,0.2800,0.6800,23.000,3.286,1.353,800000,800000,800000,800000,0.9200,good,moderate
0.0400,0.2900,0.6700,23.000,3.172,1.373,800000,800000,800000,800000,0.9200,good,moderate
0.0400,0.3000,0.6600,23.000,3.067,1.394,800000,800000,800000,800000,0.9200,max,moderate
0.0400,0.3100,0.6500,23.000,2.968,1.415,800000,800000,800000,800000,0.9200,max,moderate
0.0400,0.3200,0.6400,23.000,2.875,1.438,800000,800000,800000,800000,0.9200,max,moderate
0.0400,0.3300,0.6300,23.000,2.788,1.460,800000,800000,800000,800000,0.9200,max,moderate
0.0400,0.3400,0.6200,23.000,2.706,1.484,800000,800000,800000,800000,0.9200,max,moderate
0.0400,0.3500,0.6100,23.000,2.629,1.508,800000,800000,800000,800000,0.9200,good,moderate
0.0400,0.3600,0.6000,23.000,2.556,1.533,800000,800000,800000,800000,0.9200,max,moderate
0.0400,0.3700,0.5900,23.000,2.486,1.559,800000,800000,800000,800000,0.9200,max,moderate
0.0400,0.3800,0.5800,23.000,2.421,1.586,800000,800000,800000,800000,0.9200,good,moderate
0.0400,0.3900,0.5700,23.000,2.359,1.614,800000,800000,800000,800000,0.9200,max,moderate
0.0400,0.4000,0.5600,23.000,2.300,1.643,800000,800000,800000,800000,0.9200,good,moderate
0.0400,0.4100,0.5500,23.000,2.244,1.673,800000,800000,800000,800000,0.9200,max,moderate
0.0400,0.4200,0.5400,23.000,2.190,1.704,800000,800000,800000,800000,0.9200,max,moderate
0.0400,0.4300,0.5300,23.000,2.140,1.736,800000,800000,800000,800000,0.9200,good,moderate
0.0400,0.4400,0.5200,23.000,2.091,1.769,800000,800000,800000,800000,0.9200,max,moderate
0.0400,0.4500,0.5100,23.000,2.044,1.804,800000,800000,800000,800000,0.9200,max,moderate
0.0400,0.4600,0.5000,23.000,2.000,1.840,800000,800000,800000,800000,0.9200,max,moderate
0.0400,0.4700,0.4900,23.000,1.957,1.878,800000,800000,800000,800000,0.9200,max,balanced
0.0400,0.4800,0.4800,23.000,1.917,1.917,800000,800000,800000,800000,0.9200,max,balanced
0.0400,0.4900,0.4700,23.000,1.878,1.957,800000,800000,800000,800000,0.9200,max,balanced
0.0400,0.5000,0.4600,23.000,1.840,2.000,800000,800000,800000,800000,0.9200,max,moderate
0.0400,0.5100,0.4500,23.000,1.804,2.044,800000,800000,800000,800000,0.9200,max,moderate
0.0400,0.5200,0.4400,23.000,1.769,2.091,800000,800000,800000,800000,0.9200,max,moderate
0.0400,0.5300,0.4300,23.000,1.736,2.140,800000,800000,800000,800000,0.9200,good,moderate
0.0400,0.5400,0.4200,23.000,1.704,2.190,800000,800000,800000,800000,0.9200,max,moderate
0.0400,0.5500,0.4100,23.000,1.673,2.244,800000,800000,800000,800000,0.9200,max,moderate
0.0400,0.5600,0.4000,23.000,1.643,2.300,800000,800000,800000,800000,0.9200,good,moderate
0.0400,0.5700,0.3900,23.000,1.614,2.359,800000,800000,800000,800000,0.9200,max,moderate
0.0400,0.5800,0.3800,23.000,1.586,2.421,800000,800000,800000,800000,0.9200,good,moderate
0.0400,0.5900,0.3700,23.000,1.559,2.486,800000,800000,800000,800000,0.9200,max,moderate
0.0400,0.6000,0.3600,23.000,1.533,2.556,800000,800000,800000,800000,0.9200,max,moderate
0.0400,0.6100,0.3500,23.000,1.508,2.629,800000,800000,800000,800000,0.9200,good,moderate
0.0400,0.6200,0.3400,23.000,1.484,2.706,800000,800000,800000,800000,0.9200,max,moderate
0.0400,0.6300,0.3300,23.000,1.460,2.788,800000,800000,800000,800000,0.9200,max,moderate
0.0400,0.6400,0.3200,23.000,1.438,2.875,800000,800000,800000,800000,0.9200,max,moderate
0.0400,0.6500,0.3100,23.000,1.415,2.968,800000,800000,800000,800000,0.9200,max,moderate
0.0400,0.6600,0.3000,23.000,1.394,3.067,800000,800000,800000,800000,0.9200,max,moderate
0.0400,0.6700,0.2900,23.000,1.373,3.172,800000,800000,800000,800000,0.9200,good,moderate
0.0400,0.6800,0.2800,23.000,1.353,3.286,800000,800000,800000,800000,0.9200,good,moderate
0.0400,0.6900,0.2700,23.000,1.333,3.407,800000,800000,800000,800000,0.9200,max,moderate
0.0400,0.7000,0.2600,23.000,1.314,3.538,800000,800000,800000,800000,0.9200,good,heavy
0.0400,0.7100,0.2500,23.000,1.296,3.680,800000,800000,800000,800000,0.9200,max,heavy
0.0400,0.7200,0.2400,23.000,1.278,3.833,800000,800000,800000,800000,0.9200,max,heavy
0.0400,0.7300,0.2300,23.000,1.260,4.000,800000,800000,800000,800000,0.9200,good,heavy
0.0400,0.7400,0.2200,23.000,1.243,4.182,800000,800000,800000,800000,0.9200,max,heavy
0.0400,0.7500,0.2100,23.000,1.227,4.381,800000,800000,800000,800000,0.9200,good,heavy
0.0400,0.7600,0.2000,23.000,1.211,4.600,800000,800000,800000,800000,0.9200,max,heavy
0.0400,0.7700,0.1900,23.000,1.195,4.842,800000,800000,800000,800000,0.9200,max,heavy
0.0400,0.7800,0.1800,23.000,1.179,5.111,800000,800000,800000,800000,0.9200,max,heavy
0.0400,0.7900,0.1700,23.000,1.165,5.412,800000,800000,800000,800000,0.9200,max,heavy
0.0400,0.8000,0.1600,23.000,1.150,5.750,800000,800000,800000,800000,0.9200,max,heavy
0.0400,0.8100,0.1500,23.000,1.136,6.133,800000,800000,800000,800000,0.9200,max,heavy
0.0400,0.8200,0.1400,23.000,1.122,6.571,800000,800000,800000,800000,0.9200,good,heavy
0.0400,0.8300,0.1300,23.000,1.108,7.077,800000,800000,800000,800000,0.9200,max,heavy
0.0400,0.8400,0.1200,23.000,1.095,7.667,800000,800000,800000,800000,0.9200,max,heavy
0.0400,0.8500,0.1100,23.000,1.082,8.364,800000,800000,800000,800000,0.9200,good,heavy
0.0400,0.8600,0.1000,23.000,1.070,9.200,800000,800000,800000,800000,0.9200,good,heavy
0.0400,0.8700,0.0900,23.000,1.057,10.222,800000,800000,800000,800000,0.9200,max,heavy
0.0400,0.8800,0.0800,23.000,1.045,11.500,800000,800000,800000,800000,0.9200,max,heavy
0.0400,0.8900,0.0700,23.000,1.034,13.143,800000,800000,800000,800000,0.9200,good,heavy
0.0400,0.9000,0.0600,23.000,1.022,15.333,800000,800000,800000,800000,0.9200,max,extreme
0.0400,0.9100,0.0500,23.000,1.011,18.400,800000,800000,800000,800000,0.9200,max,extreme
0.0400,0.9200,0.0400,23.000,1.010,23.000,800000,708000,800000,708000,0.9292,good,extreme
0.0400,0.9300,0.0300,23.000,1.010,30.667,800000,607000,800000,607000,0.9393,good,extreme
0.0400,0.9400,0.0200,23.000,1.010,46.000,800000,506000,800000,506000,0.9494,good,extreme
0.0400,0.9500,0.0100,23.000,1.010,92.000,800000,405000,800000,405000,0.9595,good,extreme
0.0400,0.9600,0.0000,23.000,1.010,999.000,800000,304000,10000000,304000,0.9696,good,extreme
0.0500,0.0000,0.9500,18.400,999.000,1.010,800000,10000000,405000,405000,0.9595,good,extreme
0.0500,0.0100,0.9400,18.400,92.000,1.010,800000,800000,506000,506000,0.9494,good,extreme
0.0500,0.0200,0.9300,18.400,46.000,1.010,800000,800000,607000,607000,0.9393,good,extreme
0.0500,0.0300,0.9200,18.400,30.667,1.010,800000,800000,708000,708000,0.9292,good,extreme
0.0500,0.0400,0.9100,18.400,23.000,1.011,800000,800000,800000,800000,0.9200,max,extreme
0.0500,0.0500,0.9000,18.400,18.400,1.022,800000,800000,800000,800000,0.9200,max,extreme
0.0500,0.0600,0.8900,18.400,15.333,1.034,800000,800000,800000,800000,0.9200,max,heavy
0.0500,0.0700,0.8800,18.400,13.143,1.045,800000,800000,800000,800000,0.9200,good,heavy
0.0500,0.0800,0.8700,18.400,11.500,1.057,800000,800000,800000,800000,0.9200,max,heavy
0.0500,0.0900,0.8600,18.400,10.222,1.070,800000,800000,800000,800000,0.9200,good,heavy
0.0500,0.1000,0.8500,18.400,9.200,1.082,800000,800000,800000,800000,0.9200,good,heavy
0.0500,0.1100,0.8400,18.400,8.364,1.095,800000,800000,800000,800000,0.9200,max,heavy
0.0500,0.1200,0.8300,18.400,7.667,1.108,800000,800000,800000,800000,0.9200,max,heavy
0.0500,0.1300,0.8200,18.400,7.077,1.122,800000,800000,800000,800000,0.9200,max,heavy
0.0500,0.1400,0.8100,18.400,6.571,1.136,800000,800000,800000,800000,0.9200,good,heavy
0.0500,0.1500,0.8000,18.400,6.133,1.150,800000,800000,800000,800000,0.9200,max,heavy
0.0500,0.1600,0.7900,18.400,5.750,1.165,800000,800000,800000,800000,0.9200,max,heavy
0.0500,0.1700,0.7800,18.400,5.412,1.179,800000,800000,800000,800000,0.9200,max,heavy
0.0500,0.1800,0.7700,18.400,5.111,1.195,800000,800000,800000,800000,0.9200,max,heavy
0.0500,0.1900,0.7600,18.400,4.842,1.211,800000,800000,800000,800000,0.9200,max,heavy
0.0500,0.2000,0.7500,18.400,4.600,1.227,800000,800000,800000,800000,0.9200,good,heavy
0.0500,0.2100,0.7400,18.400,4.381,1.243,800000,800000,800000,800000,0.9200,max,heavy
0.0500,0.2200,0.7300,18.400,4.182,1.260,800000,800000,800000,800000,0.9200,good,heavy
0.0500,0.2300,0.7200,18.400,4.000,1.278,800000,800000,800000,800000,0.9200,max,heavy
0.0500,0.2400,0.7100,18.400,3.833,1.296,800000,800000,800000,800000,0.9200,max,heavy
0.0500,0.2500,0.7000,18.400,3.680,1.314,800000,800000,800000,800000,0.9200,good,heavy
0.0500,0.2600,0.6900,18.400,3.538,1.333,800000,800000,800000,800000,0.9200,max,moderate
0.0500,0.2700,0.6800,18.400,3.407,1.353,800000,800000,800000,800000,0.9200,max,moderate
0.0500,0.2800,0.6700,18.400,3.286,1.373,800000,800000,800000,800000,0.9200,good,moderate
0.0500,0.2900,0.6600,18.400,3.172,1.394,800000,800000,800000,800000,0.9200,good,moderate
0.0500,0.3000,0.6500,18.400,3.067,1.415,800000,800000,800000,800000,0.9200,max,moderate
0.0500,0.3100,0.6400,18.400,2.968,1.438,800000,800000,800000,800000,0.9200,max,moderate
0.0500,0.3200,0.6300,18.400,2.875,1.460,800000,800000,800000,800000,0.9200,max,moderate
0.0500,0.3300,0.6200,18.400,2.788,1.484,800000,800000,800000,800000,0.9200,max,moderate
0.0500,0.3400,0.6100,18.400,2.706,1.508,800000,800000,800000,800000,0.9200,max,moderate
0.0500,0.3500,0.6000,18.400,2.629,1.533,800000,800000,800000,800000,0.9200,good,moderate
0.0500,0.3600,0.5900,18.400,2.556,1.559,800000,800000,800000,800000,0.9200,max,moderate
0.0500,0.3700,0.5800,18.400,2.486,1.586,800000,800000,800000,800000,0.9200,good,moderate
0.0500,0.3800,0.5700,18.400,2.421,1.614,800000,800000,800000,800000,0.9200,max,moderate
0.0500,0.3900,0.5600,18.400,2.359,1.643,800000,800000,800000,800000,0.9200,good,moderate
0.0500,0.4000,0.5500,18.400,2.300,1.673,800000,800000,800000,800000,0.9200,max,moderate
0.0500,0.4100,0.5400,18.400,2.244,1.704,800000,800000,800000,800000,0.9200,max,moderate
0.0500,0.4200,0.5300,18.400,2.190,1.736,800000,800000,800000,800000,0.9200,max,moderate
0.0500,0.4300,0.5200,18.400,2.140,1.769,800000,800000,800000,800000,0.9200,good,moderate
0.0500,0.4400,0.5100,18.400,2.091,1.804,800000,800000,800000,800000,0.9200,max,moderate
0.0500,0.4500,0.5000,18.400,2.044,1.840,800000,800000,800000,800000,0.9200,max,moderate
0.0500,0.4600,0.4900,18.400,2.000,1.878,800000,800000,800000,800000,0.9200,max,balanced
0.0500,0.4700,0.4800,18.400,1.957,1.917,800000,800000,800000,800000,0.9200,max,balanced
0.0500,0.4800,0.4700,18.400,1.917,1.957,800000,800000,800000,800000,0.9200,max,balanced
0.0500,0.4900,0.4600,18.400,1.878,2.000,800000,800000,800000,800000,0.9200,max,balanced
0.0500,0.5000,0.4500,18.400,1.840,2.044,800000,800000,800000,800000,0.9200,max,moderate
0.0500,0.5100,0.4400,18.400,1.804,2.091,800000,800000,800000,800000,0.9200,max,moderate
0.0500,0.5200,0.4300,18.400,1.769,2.140,800000,800000,800000,800000,0.9200,good,moderate
0.0500,0.5300,0.4200,18.400,1.736,2.190,800000,800000,800000,800000,0.9200,max,moderate
0.0500,0.5400,0.4100,18.400,1.704,2.244,800000,800000,800000,800000,0.9200,max,moderate
0.0500,0.5500,0.4000,18.400,1.673,2.300,800000,800000,800000,800000,0.9200,max,moderate
0.0500,0.5600,0.3900,18.400,1.643,2.359,800000,800000,800000,800000,0.9200,good,moderate
0.0500,0.5700,0.3800,18.400,1.614,2.421,800000,800000,800000,800000,0.9200,max,moderate
0.0500,0.5800,0.3700,18.400,1.586,2.486,800000,800000,800000,800000,0.9200,good,moderate
0.0500,0.5900,0.3600,18.400,1.559,2.556,800000,800000,800000,800000,0.9200,max,moderate
0.0500,0.6000,0.3500,18.400,1.533,2.629,800000,800000,800000,800000,0.9200,good,moderate
0.0500,0.6100,0.3400,18.400,1.508,2.706,800000,800000,800000,800000,0.9200,max,moderate
0.0500,0.6200,0.3300,18.400,1.484,2.788,800000,800000,800000,800000,0.9200,max,moderate
0.0500,0.6300,0.3200,18.400,1.460,2.875,800000,800000,800000,800000,0.9200,max,moderate
0.0500,0.6400,0.3100,18.400,1.438,2.968,800000,800000,800000,800000,0.9200,max,moderate
0.0500,0.6500,0.3000,18.400,1.415,3.067,800000,800000,800000,800000,0.9200,max,moderate
0.0500,0.6600,0.2900,18.400,1.394,3.172,800000,800000,800000,800000,0.9200,good,moderate
0.0500,0.6700,0.2800,18.400,1.373,3.286,800000,800000,800000,800000,0.9200,good,moderate
0.0500,0.6800,0.2700,18.400,1.353,3.407,800000,800000,800000,800000,0.9200,max,moderate
0.0500,0.6900,0.2600,18.400,1.333,3.538,800000,800000,800000,800000,0.9200,max,moderate
0.0500,0.7000,0.2500,18.400,1.314,3.680,800000,800000,800000,800000,0.9200,good,heavy
0.0500,0.7100,0.2400,18.400,1.296,3.833,800000,800000,800000,800000,0.9200,max,heavy
0.0500,0.7200,0.2300,18.400,1.278,4.000,800000,800000,800000,800000,0.9200,max,heavy
0.0500,0.7300,0.2200,18.400,1.260,4.182,800000,800000,800000,800000,0.9200,good,heavy
0.0500,0.7400,0.2100,18.400,1.243,4.381,800000,800000,800000,800000,0.9200,max,heavy
0.0500,0.7500,0.2000,18.400,1.227,4.600,800000,800000,800000,800000,0.9200,good,heavy
0.0500,0.7600,0.1900,18.400,1.211,4.842,800000,800000,800000,800000,0.9200,max,heavy
0.0500,0.7700,0.1800,18.400,1.195,5.111,800000,800000,800000,800000,0.9200,max,heavy
0.0500,0.7800,0.1700,18.400,1.179,5.412,800000,800000,800000,800000,0.9200,max,heavy
0.0500,0.7900,0.1600,18.400,1.165,5.750,800000,800000,800000,800000,0.9200,max,heavy
0.0500,0.8000,0.1500,18.400,1.150,6.133,800000,800000,800000,800000,0.9200,max,heavy
0.0500,0.8100,0.1400,18.400,1.136,6.571,800000,800000,800000,800000,0.9200,good,heavy
0.0500,0.8200,0.1300,18.400,1.122,7.077,800000,800000,800000,800000,0.9200,max,heavy
0.0500,0.8300,0.1200,18.400,1.108,7.667,800000,800000,800000,800000,0.9200,max,heavy
0.0500,0.8400,0.1100,18.400,1.095,8.364,800000,800000,800000,800000,0.9200,max,heavy
0.0500,0.8500,0.1000,18.400,1.082,9.200,800000,800000,800000,800000,0.9200,good,heavy
0.0500,0.8600,0.0900,18.400,1.070,10.222,800000,800000,800000,800000,0.9200,good,heavy
0.0500,0.8700,0.0800,18.400,1.057,11.500,800000,800000,800000,800000,0.9200,max,heavy
0.0500,0.8800,0.0700,18.400,1.045,13.143,800000,800000,800000,800000,0.9200,good,heavy
0.0500,0.8900,0.0600,18.400,1.034,15.333,800000,800000,800000,800000,0.9200,max,heavy
0.0500,0.9000,0.0500,18.400,1.022,18.400,800000,800000,800000,800000,0.9200,max,extreme
0.0500,0.9100,0.0400,18.400,1.011,23.000,800000,800000,800000,800000,0.9200,max,extreme
0.0500,0.9200,0.0300,18.400,1.010,30.667,800000,708000,800000,708000,0.9292,good,extreme
0.0500,0.9300,0.0200,18.400,1.010,46.000,800000,607000,800000,607000,0.9393,good,extreme
0.0500,0.9400,0.0100,18.400,1.010,92.000,800000,506000,800000,506000,0.9494,good,extreme
0.0500,0.9500,0.0000,18.400,1.010,999.000,800000,405000,10000000,405000,0.9595,good,extreme
0.0600,0.0000,0.9400,15.333,999.000,1.010,800000,10000000,506000,506000,0.9494,good,extreme
0.0600,0.0100,0.9300,15.333,92.000,1.010,800000,800000,607000,607000,0.9393,good,extreme
0.0600,0.0200,0.9200,15.333,46.000,1.010,800000,800000,708000,708000,0.9292,good,extreme
0.0600,0.0300,0.9100,15.333,30.667,1.011,800000,800000,800000,800000,0.9200,max,extreme
0.0600,0.0400,0.9000,15.333,23.000,1.022,800000,800000,800000,800000,0.9200,max,extreme
0.0600,0.0500,0.8900,15.333,18.400,1.034,800000,800000,800000,800000,0.9200,max,heavy
0.0600,0.0600,0.8800,15.333,15.333,1.045,800000,800000,800000,800000,0.9200,max,heavy
0.0600,0.0700,0.8700,15.333,13.143,1.057,800000,800000,800000,800000,0.9200,good,heavy
0.0600,0.0800,0.8600,15.333,11.500,1.070,800000,800000,800000,800000,0.9200,good,heavy
0.0600,0.0900,0.8500,15.333,10.222,1.082,800000,800000,800000,800000,0.9200,good,heavy
0.0600,0.1000,0.8400,15.333,9.200,1.095,800000,800000,800000,800000,0.9200,max,heavy
0.0600,0.1100,0.8300,15.333,8.364,1.108,800000,800000,800000,800000,0.9200,max,heavy
0.0600,0.1200,0.8200,15.333,7.667,1.122,800000,800000,800000,800000,0.9200,max,heavy
0.0600,0.1300,0.8100,15.333,7.077,1.136,800000,800000,800000,800000,0.9200,max,heavy
0.0600,0.1400,0.8000,15.333,6.571,1.150,800000,800000,800000,800000,0.9200,good,heavy
0.0600,0.1500,0.7900,15.333,6.133,1.165,800000,800000,800000,800000,0.9200,max,heavy
0.0600,0.1600,0.7800,15.333,5.750,1.179,800000,800000,800000,800000,0.9200,max,heavy
0.0600,0.1700,0.7700,15.333,5.412,1.195,800000,800000,800000,800000,0.9200,max,heavy
0.0600,0.1800,0.7600,15.333,5.111,1.211,800000,800000,800000,800000,0.9200,max,heavy
0.0600,0.1900,0.7500,15.333,4.842,1.227,800000,800000,800000,800000,0.9200,good,heavy
0.0600,0.2000,0.7400,15.333,4.600,1.243,800000,800000,800000,800000,0.9200,max,heavy
0.0600,0.2100,0.7300,15.333,4.381,1.260,800000,800000,800000,800000,0.9200,good,heavy
0.0600,0.2200,0.7200,15.333,4.182,1.278,800000,800000,800000,800000,0.9200,max,heavy
0.0600,0.2300,0.7100,15.333,4.000,1.296,800000,800000,800000,800000,0.9200,max,heavy
0.0600,0.2400,0.7000,15.333,3.833,1.314,800000,800000,800000,800000,0.9200,good,heavy
0.0600,0.2500,0.6900,15.333,3.680,1.333,800000,800000,800000,800000,0.9200,max,moderate
0.0600,0.2600,0.6800,15.333,3.538,1.353,800000,800000,800000,800000,0.9200,max,moderate
0.0600,0.2700,0.6700,15.333,3.407,1.373,800000,800000,800000,800000,0.9200,max,moderate
0.0600,0.2800,0.6600,15.333,3.286,1.394,800000,800000,800000,800000,0.9200,good,moderate
0.0600,0.2900,0.6500,15.333,3.172,1.415,800000,800000,800000,800000,0.9200,good,moderate
0.0600,0.3000,0.6400,15.333,3.067,1.438,800000,800000,800000,800000,0.9200,max,moderate
0.0600,0.3100,0.6300,15.333,2.968,1.460,800000,800000,800000,800000,0.9200,max,moderate
0.0600,0.3200,0.6200,15.333,2.875,1.484,800000,800000,800000,800000,0.9200,max,moderate
0.0600,0.3300,0.6100,15.333,2.788,1.508,800000,800000,800000,800000,0.9200,max,moderate
0.0600,0.3400,0.6000,15.333,2.706,1.533,800000,800000,800000,800000,0.9200,max,moderate
0.0600,0.3500,0.5900,15.333,2.629,1.559,800000,800000,800000,800000,0.9200,good,moderate
0.0600,0.3600,0.5800,15.333,2.556,1.586,800000,800000,800000,800000,0.9200,good,moderate
0.0600,0.3700,0.5700,15.333,2.486,1.614,800000,800000,800000,800000,0.9200,max,moderate
0.0600,0.3800,0.5600,15.333,2.421,1.643,800000,800000,800000,800000,0.9200,good,moderate
0.0600,0.3900,0.5500,15.333,2.359,1.673,800000,800000,800000,800000,0.9200,max,moderate
0.0600,0.4000,0.5400,15.333,2.300,1.704,800000,800000,800000,800000,0.9200,max,moderate
0.0600,0.4100,0.5300,15.333,2.244,1.736,800000,800000,800000,800000,0.9200,max,moderate
0.0600,0.4200,0.5200,15.333,2.190,1.769,800000,800000,800000,800000,0.9200,max,moderate
0.0600,0.4300,0.5100,15.333,2.140,1.804,800000,800000,800000,800000,0.9200,good,moderate
0.0600,0.4400,0.5000,15.333,2.091,1.840,800000,800000,800000,800000,0.9200,max,moderate
0.0600,0.4500,0.4900,15.333,2.044,1.878,800000,800000,800000,800000,0.9200,max,balanced
0.0600,0.4600,0.4800,15.333,2.000,1.917,800000,800000,800000,800000,0.9200,max,balanced
0.0600,0.4700,0.4700,15.333,1.957,1.957,800000,800000,800000,800000,0.9200,max,balanced
0.0600,0.4800,0.4600,15.333,1.917,2.000,800000,800000,800000,800000,0.9200,max,balanced
0.0600,0.4900,0.4500,15.333,1.878,2.044,800000,800000,800000,800000,0.9200,max,balanced
0.0600,0.5000,0.4400,15.333,1.840,2.091,800000,800000,800000,800000,0.9200,max,moderate
0.0600,0.5100,0.4300,15.333,1.804,2.140,800000,800000,800000,800000,0.9200,good,moderate
0.0600,0.5200,0.4200,15.333,1.769,2.190,800000,800000,800000,800000,0.9200,max,moderate
0.0600,0.5300,0.4100,15.333,1.736,2.244,800000,800000,800000,800000,0.9200,max,moderate
0.0600,0.5400,0.4000,15.333,1.704,2.300,800000,800000,800000,800000,0.9200,max,moderate
0.0600,0.5500,0.3900,15.333,1.673,2.359,800000,800000,800000,800000,0.9200,max,moderate
0.0600,0.5600,0.3800,15.333,1.643,2.421,800000,800000,800000,800000,0.9200,good,moderate
0.0600,0.5700,0.3700,15.333,1.614,2.486,800000,800000,800000,800000,0.9200,max,moderate
0.0600,0.5800,0.3600,15.333,1.586,2.556,800000,800000,800000,800000,0.9200,good,moderate
0.0600,0.5900,0.3500,15.333,1.559,2.629,800000,800000,800000,800000,0.9200,good,moderate
0.0600,0.6000,0.3400,15.333,1.533,2.706,800000,800000,800000,800000,0.9200,max,moderate
0.0600,0.6100,0.3300,15.333,1.508,2.788,800000,800000,800000,800000,0.9200,max,moderate
0.0600,0.6200,0.3200,15.333,1.484,2.875,800000,800000,800000,800000,0.9200,max,moderate
0.0600,0.6300,0.3100,15.333,1.460,2.968,800000,800000,800000,800000,0.9200,max,moderate
0.0600,0.6400,0.3000,15.333,1.438,3.067,800000,800000,800000,800000,0.9200,max,moderate
0.0600,0.6500,0.2900,15.333,1.415,3.172,800000,800000,800000,800000,0.9200,good,moderate
0.0600,0.6600,0.2800,15.333,1.394,3.286,800000,800000,800000,800000,0.9200,good,moderate
0.0600,0.6700,0.2700,15.333,1.373,3.407,800000,800000,800000,800000,0.9200,max,moderate
0.0600,0.6800,0.2600,15.333,1.353,3.538,800000,800000,800000,800000,0.9200,max,moderate
0.0600,0.6900,0.2500,15.333,1.333,3.680,800000,800000,800000,800000,0.9200,max,moderate
0.0600,0.7000,0.2400,15.333,1.314,3.833,800000,800000,800000,800000,0.9200,good,heavy
0.0600,0.7100,0.2300,15.333,1.296,4.000,800000,800000,800000,800000,0.9200,max,heavy
0.0600,0.7200,0.2200,15.333,1.278,4.182,800000,800000,800000,800000,0.9200,max,heavy
0.0600,0.7300,0.2100,15.333,1.260,4.381,800000,800000,800000,800000,0.9200,good,heavy
0.0600,0.7400,0.2000,15.333,1.243,4.600,800000,800000,800000,800000,0.9200,max,heavy
0.0600,0.7500,0.1900,15.333,1.227,4.842,800000,800000,800000,800000,0.9200,good,heavy
0.0600,0.7600,0.1800,15.333,1.211,5.111,800000,800000,800000,800000,0.9200,max,heavy
0.0600,0.7700,0.1700,15.333,1.195,5.412,800000,800000,800000,800000,0.9200,max,heavy
0.0600,0.7800,0.1600,15.333,1.179,5.750,800000,800000,800000,800000,0.9200,max,heavy
0.0600,0.7900,0.1500,15.333,1.165,6.133,800000,800000,800000,800000,0.9200,max,heavy
0.0600,0.8000,0.1400,15.333,1.150,6.571,800000,800000,800000,800000,0.9200,good,heavy
0.0600,0.8100,0.1300,15.333,1.136,7.077,800000,800000,800000,800000,0.9200,max,heavy
0.0600,0.8200,0.1200,15.333,1.122,7.667,800000,800000,800000,800000,0.9200,max,heavy
0.0600,0.8300,0.1100,15.333,1.108,8.364,800000,800000,800000,800000,0.9200,max,heavy
0.0600,0.8400,0.1000,15.333,1.095,9.200,800000,800000,800000,800000,0.9200,max,heavy
0.0600,0.8500,0.0900,15.333,1.082,10.222,800000,800000,800000,800000,0.9200,good,heavy
0.0600,0.8600,0.0800,15.333,1.070,11.500,800000,800000,800000,800000,0.9200,good,heavy
0.0600,0.8700,0.0700,15.333,1.057,13.143,800000,800000,800000,800000,0.9200,good,heavy
0.0600,0.8800,0.0600,15.333,1.045,15.333,800000,800000,800000,800000,0.9200,max,heavy
0.0600,0.8900,0.0500,15.333,1.034,18.400,800000,800000,800000,800000,0.9200,max,heavy
0.0600,0.9000,0.0400,15.333,1.022,23.000,800000,800000,800000,800000,0.9200,max,extreme
0.0600,0.9100,0.0300,15.333,1.011,30.667,800000,800000,800000,800000,0.9200,max,extreme
0.0600,0.9200,0.0200,15.333,1.010,46.000,800000,708000,800000,708000,0.9292,good,extreme
0.0600,0.9300,0.0100,15.333,1.010,92.000,800000,607000,800000,607000,0.9393,good,extreme
0.0600,0.9400,0.0000,15.333,1.010,999.000,800000,506000,10000000,506000,0.9494,good,extreme
0.0700,0.0000,0.9300,13.143,999.000,1.010,800000,10000000,607000,607000,0.9393,good,extreme
0.0700,0.0100,0.9200,13.143,92.000,1.010,800000,800000,708000,708000,0.9292,good,extreme
0.0700,0.0200,0.9100,13.143,46.000,1.011,800000,800000,800000,800000,0.9200,good,extreme
0.0700,0.0300,0.9000,13.143,30.667,1.022,800000,800000,800000,800000,0.9200,good,extreme
0.0700,0.0400,0.8900,13.143,23.000,1.034,800000,800000,800000,800000,0.9200,good,heavy
0.0700,0.0500,0.8800,13.143,18.400,1.045,800000,800000,800000,800000,0.9200,good,heavy
0.0700,0.0600,0.8700,13.143,15.333,1.057,800000,800000,800000,800000,0.9200,good,heavy
0.0700,0.0700,0.8600,13.143,13.143,1.070,800000,800000,800000,800000,0.9200,good,heavy
0.0700,0.0800,0.8500,13.143,11.500,1.082,800000,800000,800000,800000,0.9200,good,heavy
0.0700,0.0900,0.8400,13.143,10.222,1.095,800000,800000,800000,800000,0.9200,good,heavy
0.0700,0.1000,0.8300,13.143,9.200,1.108,800000,800000,800000,800000,0.9200,good,heavy
0.0700,0.1100,0.8200,13.143,8.364,1.122,800000,800000,800000,800000,0.9200,good,heavy
0.0700,0.1200,0.8100,13.143,7.667,1.136,800000,800000,800000,800000,0.9200,good,heavy
0.0700,0.1300,0.8000,13.143,7.077,1.150,800000,800000,800000,800000,0.9200,good,heavy
0.0700,0.1400,0.7900,13.143,6.571,1.165,800000,800000,800000,800000,0.9200,good,heavy
0.0700,0.1500,0.7800,13.143,6.133,1.179,800000,800000,800000,800000,0.9200,good,heavy
0.0700,0.1600,0.7700,13.143,5.750,1.195,800000,800000,800000,800000,0.9200,good,heavy
0.0700,0.1700,0.7600,13.143,5.412,1.211,800000,800000,800000,800000,0.9200,good,heavy
0.0700,0.1800,0.7500,13.143,5.111,1.227,800000,800000,800000,800000,0.9200,good,heavy
0.0700,0.1900,0.7400,13.143,4.842,1.243,800000,800000,800000,800000,0.9200,good,heavy
0.0700,0.2000,0.7300,13.143,4.600,1.260,800000,800000,800000,800000,0.9200,good,heavy
0.0700,0.2100,0.7200,13.143,4.381,1.278,800000,800000,800000,800000,0.9200,good,heavy
0.0700,0.2200,0.7100,13.143,4.182,1.296,800000,800000,800000,800000,0.9200,good,heavy
0.0700,0.2300,0.7000,13.143,4.000,1.314,800000,800000,800000,800000,0.9200,good,heavy
0.0700,0.2400,0.6900,13.143,3.833,1.333,800000,800000,800000,800000,0.9200,good,moderate
0.0700,0.2500,0.6800,13.143,3.680,1.353,800000,800000,800000,800000,0.9200,good,moderate
0.0700,0.2600,0.6700,13.143,3.538,1.373,800000,800000,800000,800000,0.9200,good,moderate
0.0700,0.2700,0.6600,13.143,3.407,1.394,800000,800000,800000,800000,0.9200,good,moderate
0.0700,0.2800,0.6500,13.143,3.286,1.415,800000,800000,800000,800000,0.9200,good,moderate
0.0700,0.2900,0.6400,13.143,3.172,1.438,800000,800000,800000,800000,0.9200,good,moderate
0.0700,0.3000,0.6300,13.143,3.067,1.460,800000,800000,800000,800000,0.9200,good,moderate
0.0700,0.3100,0.6200,13.143,2.968,1.484,800000,800000,800000,800000,0.9200,good,moderate
0.0700,0.3200,0.6100,13.143,2.875,1.508,800000,800000,800000,800000,0.9200,good,moderate
0.0700,0.3300,0.6000,13.143,2.788,1.533,800000,800000,800000,800000,0.9200,good,moderate
0.0700,0.3400,0.5900,13.143,2.706,1.559,800000,800000,800000,800000,0.9200,good,moderate
0.0700,0.3500,0.5800,13.143,2.629,1.586,800000,800000,800000,800000,0.9200,good,moderate
0.0700,0.3600,0.5700,13.143,2.556,1.614,800000,800000,800000,800000,0.9200,good,moderate
0.0700,0.3700,0.5600,13.143,2.486,1.643,800000,800000,800000,800000,0.9200,good,moderate
0.0700,0.3800,0.5500,13.143,2.421,1.673,800000,800000,800000,800000,0.9200,good,moderate
0.0700,0.3900,0.5400,13.143,2.359,1.704,800000,800000,800000,800000,0.9200,good,moderate
0.0700,0.4000,0.5300,13.143,2.300,1.736,800000,800000,800000,800000,0.9200,good,moderate
0.0700,0.4100,0.5200,13.143,2.244,1.769,800000,800000,800000,800000,0.9200,good,moderate
0.0700,0.4200,0.5100,13.143,2.190,1.804,800000,800000,800000,800000,0.9200,good,moderate
0.0700,0.4300,0.5000,13.143,2.140,1.840,800000,800000,800000,800000,0.9200,good,moderate
0.0700,0.4400,0.4900,13.143,2.091,1.878,800000,800000,800000,800000,0.9200,good,balanced
0.0700,0.4500,0.4800,13.143,2.044,1.917,800000,800000,800000,800000,0.9200,good,balanced
0.0700,0.4600,0.4700,13.143,2.000,1.957,800000,800000,800000,800000,0.9200,good,balanced
0.0700,0.4700,0.4600,13.143,1.957,2.000,800000,800000,800000,800000,0.9200,good,balanced
0.0700,0.4800,0.4500,13.143,1.917,2.044,800000,800000,800000,800000,0.9200,good,balanced
0.0700,0.4900,0.4400,13.143,1.878,2.091,800000,800000,800000,800000,0.9200,good,balanced
0.0700,0.5000,0.4300,13.143,1.840,2.140,800000,800000,800000,800000,0.9200,good,moderate
0.0700,0.5100,0.4200,13.143,1.804,2.190,800000,800000,800000,800000,0.9200,good,moderate
0.0700,0.5200,0.4100,13.143,1.769,2.244,800000,800000,800000,800000,0.9200,good,moderate
0.0700,0.5300,0.4000,13.143,1.736,2.300,800000,800000,800000,800000,0.9200,good,moderate
0.0700,0.5400,0.3900,13.143,1.704,2.359,800000,800000,800000,800000,0.9200,good,moderate
0.0700,0.5500,0.3800,13.143,1.673,2.421,800000,800000,800000,800000,0.9200,good,moderate
0.0700,0.5600,0.3700,13.143,1.643,2.486,800000,800000,800000,800000,0.9200,good,moderate
0.0700,0.5700,0.3600,13.143,1.614,2.556,800000,800000,800000,800000,0.9200,good,moderate
0.0700,0.5800,0.3500,13.143,1.586,2.629,800000,800000,800000,800000,0.9200,good,moderate
0.0700,0.5900,0.3400,13.143,1.559,2.706,800000,800000,800000,800000,0.9200,good,moderate
0.0700,0.6000,0.3300,13.143,1.533,2.788,800000,800000,800000,800000,0.9200,good,moderate
0.0700,0.6100,0.3200,13.143,1.508,2.875,800000,800000,800000,800000,0.9200,good,moderate
0.0700,0.6200,0.3100,13.143,1.484,2.968,800000,800000,800000,800000,0.9200,good,moderate
0.0700,0.6300,0.3000,13.143,1.460,3.067,800000,800000,800000,800000,0.9200,good,moderate
0.0700,0.6400,0.2900,13.143,1.438,3.172,800000,800000,800000,800000,0.9200,good,moderate
0.0700,0.6500,0.2800,13.143,1.415,3.286,800000,800000,800000,800000,0.9200,good,moderate
0.0700,0.6600,0.2700,13.143,1.394,3.407,800000,800000,800000,800000,0.9200,good,moderate
0.0700,0.6700,0.2600,13.143,1.373,3.538,800000,800000,800000,800000,0.9200,good,moderate
0.0700,0.6800,0.2500,13.143,1.353,3.680,800000,800000,800000,800000,0.9200,good,moderate
0.0700,0.6900,0.2400,13.143,1.333,3.833,800000,800000,800000,800000,0.9200,good,moderate
0.0700,0.7000,0.2300,13.143,1.314,4.000,800000,800000,800000,800000,0.9200,good,heavy
0.0700,0.7100,0.2200,13.143,1.296,4.182,800000,800000,800000,800000,0.9200,good,heavy
0.0700,0.7200,0.2100,13.143,1.278,4.381,800000,800000,800000,800000,0.9200,good,heavy
0.0700,0.7300,0.2000,13.143,1.260,4.600,800000,800000,800000,800000,0.9200,good,heavy
0.0700,0.7400,0.1900,13.143,1.243,4.842,800000,800000,800000,800000,0.9200,good,heavy
0.0700,0.7500,0.1800,13.143,1.227,5.111,800000,800000,800000,800000,0.9200,good,heavy
0.0700,0.7600,0.1700,13.143,1.211,5.412,800000,800000,800000,800000,0.9200,good,heavy
0.0700,0.7700,0.1600,13.143,1.195,5.750,800000,800000,800000,800000,0.9200,good,heavy
0.0700,0.7800,0.1500,13.143,1.179,6.133,800000,800000,800000,800000,0.9200,good,heavy
0.0700,0.7900,0.1400,13.143,1.165,6.571,800000,800000,800000,800000,0.9200,good,heavy
0.0700,0.8000,0.1300,13.143,1.150,7.077,800000,800000,800000,800000,0.9200,good,heavy
0.0700,0.8100,0.1200,13.143,1.136,7.667,800000,800000,800000,800000,0.9200,good,heavy
0.0700,0.8200,0.1100,13.143,1.122,8.364,800000,800000,800000,800000,0.9200,good,heavy
0.0700,0.8300,0.1000,13.143,1.108,9.200,800000,800000,800000,800000,0.9200,good,heavy
0.0700,0.8400,0.0900,13.143,1.095,10.222,800000,800000,800000,800000,0.9200,good,heavy
0.0700,0.8500,0.0800,13.143,1.082,11.500,800000,800000,800000,800000,0.9200,good,heavy
0.0700,0.8600,0.0700,13.143,1.070,13.143,800000,800000,800000,800000,0.9200,good,heavy
0.0700,0.8700,0.0600,13.143,1.057,15.333,800000,800000,800000,800000,0.9200,good,heavy
0.0700,0.8800,0.0500,13.143,1.045,18.400,800000,800000,800000,800000,0.9200,good,heavy
0.0700,0.8900,0.0400,13.143,1.034,23.000,800000,800000,800000,800000,0.9200,good,heavy
0.0700,0.9000,0.0300,13.143,1.022,30.667,800000,800000,800000,800000,0.9200,good,extreme
0.0700,0.9100,0.0200,13.143,1.011,46.000,800000,800000,800000,800000,0.9200,good,extreme
0.0700,0.9200,0.0100,13.143,1.010,92.000,800000,708000,800000,708000,0.9292,good,extreme
0.0700,0.9300,0.0000,13.143,1.010,999.000,800000,607000,10000000,607000,0.9393,good,extreme
0.0800,0.0000,0.9200,11.500,999.000,1.010,800000,10000000,708000,708000,0.9292,good,extreme
0.0800,0.0100,0.9100,11.500,92.000,1.011,800000,800000,800000,800000,0.9200,max,extreme
0.0800,0.0200,0.9000,11.500,46.000,1.022,800000,800000,800000,800000,0.9200,max,extreme
0.0800,0.0300,0.8900,11.500,30.667,1.034,800000,800000,800000,800000,0.9200,max,heavy
0.0800,0.0400,0.8800,11.500,23.000,1.045,800000,800000,800000,800000,0.9200,max,heavy
0.0800,0.0500,0.8700,11.500,18.400,1.057,800000,800000,800000,800000,0.9200,max,heavy
0.0800,0.0600,0.8600,11.500,15.333,1.070,800000,800000,800000,800000,0.9200,good,heavy
0.0800,0.0700,0.8500,11.500,13.143,1.082,800000,800000,800000,800000,0.9200,good,heavy
0.0800,0.0800,0.8400,11.500,11.500,1.095,800000,800000,800000,800000,0.9200,max,heavy
0.0800,0.0900,0.8300,11.500,10.222,1.108,800000,800000,800000,800000,0.9200,max,heavy
0.0800,0.1000,0.8200,11.500,9.200,1.122,800000,800000,800000,800000,0.9200,max,heavy
0.0800,0.1100,0.8100,11.500,8.364,1.136,800000,800000,800000,800000,0.9200,max,heavy
0.0800,0.1200,0.8000,11.500,7.667,1.150,800000,800000,800000,800000,0.9200,max,heavy
0.0800,0.1300,0.7900,11.500,7.077,1.165,800000,800000,800000,800000,0.9200,max,heavy
0.0800,0.1400,0.7800,11.500,6.571,1.179,800000,800000,800000,800000,0.9200,good,heavy
0.0800,0.1500,0.7700,11.500,6.133,1.195,800000,800000,800000,800000,0.9200,max,heavy
0.0800,0.1600,0.7600,11.500,5.750,1.211,800000,800000,800000,800000,0.9200,max,heavy
0.0800,0.1700,0.7500,11.500,5.412,1.227,800000,800000,800000,800000,0.9200,good,heavy
0.0800,0.1800,0.7400,11.500,5.111,1.243,800000,800000,800000,800000,0.9200,max,heavy
0.0800,0.1900,0.7300,11.500,4.842,1.260,800000,800000,800000,800000,0.9200,good,heavy
0.0800,0.2000,0.7200,11.500,4.600,1.278,800000,800000,800000,800000,0.9200,max,heavy
0.0800,0.2100,0.7100,11.500,4.381,1.296,800000,800000,800000,800000,0.9200,max,heavy
0.0800,0.2200,0.7000,11.500,4.182,1.314,800000,800000,800000,800000,0.9200,good,heavy
0.0800,0.2300,0.6900,11.500,4.000,1.333,800000,800000,800000,800000,0.9200,max,moderate
0.0800,0.2400,0.6800,11.500,3.833,1.353,800000,800000,800000,800000,0.9200,max,moderate
0.0800,0.2500,0.6700,11.500,3.680,1.373,800000,800000,800000,800000,0.9200,max,moderate
0.0800,0.2600,0.6600,11.500,3.538,1.394,800000,800000,800000,800000,0.9200,max,moderate
0.0800,0.2700,0.6500,11.500,3.407,1.415,800000,800000,800000,800000,0.9200,max,moderate
0.0800,0.2800,0.6400,11.500,3.286,1.438,800000,800000,800000,800000,0.9200,good,moderate
0.0800,0.2900,0.6300,11.500,3.172,1.460,800000,800000,800000,800000,0.9200,good,moderate
0.0800,0.3000,0.6200,11.500,3.067,1.484,800000,800000,800000,800000,0.9200,max,moderate
0.0800,0.3100,0.6100,11.500,2.968,1.508,800000,800000,800000,800000,0.9200,max,moderate
0.0800,0.3200,0.6000,11.500,2.875,1.533,800000,800000,800000,800000,0.9200,max,moderate
0.0800,0.3300,0.5900,11.500,2.788,1.559,800000,800000,800000,800000,0.9200,max,moderate
0.0800,0.3400,0.5800,11.500,2.706,1.586,800000,800000,800000,800000,0.9200,good,moderate
0.0800,0.3500,0.5700,11.500,2.629,1.614,800000,800000,800000,800000,0.9200,good,moderate
0.0800,0.3600,0.5600,11.500,2.556,1.643,800000,800000,800000,800000,0.9200,good,moderate
0.0800,0.3700,0.5500,11.500,2.486,1.673,800000,800000,800000,800000,0.9200,max,moderate
0.0800,0.3800,0.5400,11.500,2.421,1.704,800000,800000,800000,800000,0.9200,max,moderate
0.0800,0.3900,0.5300,11.500,2.359,1.736,800000,800000,800000,800000,0.9200,max,moderate
0.0800,0.4000,0.5200,11.500,2.300,1.769,800000,800000,800000,800000,0.9200,max,moderate
0.0800,0.4100,0.5100,11.500,2.244,1.804,800000,800000,800000,800000,0.9200,max,moderate
0.0800,0.4200,0.5000,11.500,2.190,1.840,800000,800000,800000,800000,0.9200,max,moderate
0.0800,0.4300,0.4900,11.500,2.140,1.878,800000,800000,800000,800000,0.9200,good,balanced
0.0800,0.4400,0.4800,11.500,2.091,1.917,800000,800000,800000,800000,0.9200,max,balanced
0.0800,0.4500,0.4700,11.500,2.044,1.957,800000,800000,800000,800000,0.9200,max,balanced
0.0800,0.4600,0.4600,11.500,2.000,2.000,800000,800000,800000,800000,0.9200,max,balanced
0.0800,0.4700,0.4500,11.500,1.957,2.044,800000,800000,800000,800000,0.9200,max,balanced
0.0800,0.4800,0.4400,11.500,1.917,2.091,800000,800000,800000,800000,0.9200,max,balanced
0.0800,0.4900,0.4300,11.500,1.878,2.140,800000,800000,800000,800000,0.9200,good,balanced
0.0800,0.5000,0.4200,11.500,1.840,2.190,800000,800000,800000,800000,0.9200,max,moderate
0.0800,0.5100,0.4100,11.500,1.804,2.244,800000,800000,800000,800000,0.9200,max,moderate
0.0800,0.5200,0.4000,11.500,1.769,2.300,800000,800000,800000,800000,0.9200,max,moderate
0.0800,0.5300,0.3900,11.500,1.736,2.359,800000,800000,800000,800000,0.9200,max,moderate
0.0800,0.5400,0.3800,11.500,1.704,2.421,800000,800000,800000,800000,0.9200,max,moderate
0.0800,0.5500,0.3700,11.500,1.673,2.486,800000,800000,800000,800000,0.9200,max,moderate
0.0800,0.5600,0.3600,11.500,1.643,2.556,800000,800000,800000,800000,0.9200,good,moderate
0.0800,0.5700,0.3500,11.500,1.614,2.629,800000,800000,800000,800000,0.9200,good,moderate
0.0800,0.5800,0.3400,11.500,1.586,2.706,800000,800000,800000,800000,0.9200,good,moderate
0.0800,0.5900,0.3300,11.500,1.559,2.788,800000,800000,800000,800000,0.9200,max,moderate
0.0800,0.6000,0.3200,11.500,1.533,2.875,800000,800000,800000,800000,0.9200,max,moderate
0.0800,0.6100,0.3100,11.500,1.508,2.968,800000,800000,800000,800000,0.9200,max,moderate
0.0800,0.6200,0.3000,11.500,1.484,3.067,800000,800000,800000,800000,0.9200,max,moderate
0.0800,0.6300,0.2900,11.500,1.460,3.172,800000,800000,800000,800000,0.9200,good,moderate
0.0800,0.6400,0.2800,11.500,1.438,3.286,800000,800000,800000,800000,0.9200,good,moderate
0.0800,0.6500,0.2700,11.500,1.415,3.407,800000,800000,800000,800000,0.9200,max,moderate
0.0800,0.6600,0.2600,11.500,1.394,3.538,800000,800000,800000,800000,0.9200,max,moderate
0.0800,0.6700,0.2500,11.500,1.373,3.680,800000,800000,800000,800000,0.9200,max,moderate
0.0800,0.6800,0.2400,11.500,1.353,3.833,800000,800000,800000,800000,0.9200,max,moderate
0.0800,0.6900,0.2300,11.500,1.333,4.000,800000,800000,800000,800000,0.9200,max,moderate
0.0800,0.7000,0.2200,11.500,1.314,4.182,800000,800000,800000,800000,0.9200,good,heavy
0.0800,0.7100,0.2100,11.500,1.296,4.381,800000,800000,800000,800000,0.9200,max,heavy
0.0800,0.7200,0.2000,11.500,1.278,4.600,800000,800000,800000,800000,0.9200,max,heavy
0.0800,0.7300,0.1900,11.500,1.260,4.842,800000,800000,800000,800000,0.9200,good,heavy
0.0800,0.7400,0.1800,11.500,1.243,5.111,800000,800000,800000,800000,0.9200,max,heavy
0.0800,0.7500,0.1700,11.500,1.227,5.412,800000,800000,800000,800000,0.9200,good,heavy
0.0800,0.7600,0.1600,11.500,1.211,5.750,800000,800000,800000,800000,0.9200,max,heavy
0.0800,0.7700,0.1500,11.500,1.195,6.133,800000,800000,800000,800000,0.9200,max,heavy
0.0800,0.7800,0.1400,11.500,1.179,6.571,800000,800000,800000,800000,0.9200,good,heavy
0.0800,0.7900,0.1300,11.500,1.165,7.077,800000,800000,800000,800000,0.9200,max,heavy
0.0800,0.8000,0.1200,11.500,1.150,7.667,800000,800000,800000,800000,0.9200,max,heavy
0.0800,0.8100,0.1100,11.500,1.136,8.364,800000,800000,800000,800000,0.9200,max,heavy
0.0800,0.8200,0.1000,11.500,1.122,9.200,800000,800000,800000,800000,0.9200,max,heavy
0.0800,0.8300,0.0900,11.500,1.108,10.222,800000,800000,800000,800000,0.9200,max,heavy
0.0800,0.8400,0.0800,11.500,1.095,11.500,800000,800000,800000,800000,0.9200,max,heavy
0.0800,0.8500,0.0700,11.500,1.082,13.143,800000,800000,800000,800000,0.9200,good,heavy
0.0800,0.8600,0.0600,11.500,1.070,15.333,800000,800000,800000,800000,0.9200,good,heavy
0.0800,0.8700,0.0500,11.500,1.057,18.400,800000,800000,800000,800000,0.9200,max,heavy
0.0800,0.8800,0.0400,11.500,1.045,23.000,800000,800000,800000,800000,0.9200,max,heavy
0.0800,0.8900,0.0300,11.500,1.034,30.667,800000,800000,800000,800000,0.9200,max,heavy
0.0800,0.9000,0.0200,11.500,1.022,46.000,800000,800000,800000,800000,0.9200,max,extreme
0.0800,0.9100,0.0100,11.500,1.011,92.000,800000,800000,800000,800000,0.9200,max,extreme
0.0800,0.9200,0.0000,11.500,1.010,999.000,800000,708000,10000000,708000,0.9292,good,extreme
0.0900,0.0000,0.9100,10.222,999.000,1.011,800000,10000000,800000,800000,0.9200,max,extreme
0.0900,0.0100,0.9000,10.222,92.000,1.022,800000,800000,800000,800000,0.9200,max,extreme
0.0900,0.0200,0.8900,10.222,46.000,1.034,800000,800000,800000,800000,0.9200,max,heavy
0.0900,0.0300,0.8800,10.222,30.667,1.045,800000,800000,800000,800000,0.9200,max,heavy
0.0900,0.0400,0.8700,10.222,23.000,1.057,800000,800000,800000,800000,0.9200,max,heavy
0.0900,0.0500,0.8600,10.222,18.400,1.070,800000,800000,800000,800000,0.9200,good,heavy
0.0900,0.0600,0.8500,10.222,15.333,1.082,800000,800000,800000,800000,0.9200,good,heavy
0.0900,0.0700,0.8400,10.222,13.143,1.095,800000,800000,800000,800000,0.9200,good,heavy
0.0900,0.0800,0.8300,10.222,11.500,1.108,800000,800000,800000,800000,0.9200,max,heavy
0.0900,0.0900,0.8200,10.222,10.222,1.122,800000,800000,800000,800000,0.9200,max,heavy
0.0900,0.1000,0.8100,10.222,9.200,1.136,800000,800000,800000,800000,0.9200,max,heavy
0.0900,0.1100,0.8000,10.222,8.364,1.150,800000,800000,800000,800000,0.9200,max,heavy
0.0900,0.1200,0.7900,10.222,7.667,1.165,800000,800000,800000,800000,0.9200,max,heavy
0.0900,0.1300,0.7800,10.222,7.077,1.179,800000,800000,800000,800000,0.9200,max,heavy
0.0900,0.1400,0.7700,10.222,6.571,1.195,800000,800000,800000,800000,0.9200,good,heavy
0.0900,0.1500,0.7600,10.222,6.133,1.211,800000,800000,800000,800000,0.9200,max,heavy
0.0900,0.1600,0.7500,10.222,5.750,1.227,800000,800000,800000,800000,0.9200,good,heavy
0.0900,0.1700,0.7400,10.222,5.412,1.243,800000,800000,800000,800000,0.9200,max,heavy
0.0900,0.1800,0.7300,10.222,5.111,1.260,800000,800000,800000,800000,0.9200,good,heavy
0.0900,0.1900,0.7200,10.222,4.842,1.278,800000,800000,800000,800000,0.9200,max,heavy
0.0900,0.2000,0.7100,10.222,4.600,1.296,800000,800000,800000,800000,0.9200,max,heavy
0.0900,0.2100,0.7000,10.222,4.381,1.314,800000,800000,800000,800000,0.9200,good,heavy
0.0900,0.2200,0.6900,10.222,4.182,1.333,800000,800000,800000,800000,0.9200,max,moderate
0.0900,0.2300,0.6800,10.222,4.000,1.353,800000,800000,800000,800000,0.9200,max,moderate
0.0900,0.2400,0.6700,10.222,3.833,1.373,800000,800000,800000,800000,0.9200,max,moderate
0.0900,0.2500,0.6600,10.222,3.680,1.394,800000,800000,800000,800000,0.9200,max,moderate
0.0900,0.2600,0.6500,10.222,3.538,1.415,800000,800000,800000,800000,0.9200,max,moderate
0.0900,0.2700,0.6400,10.222,3.407,1.438,800000,800000,800000,800000,0.9200,max,moderate
0.0900,0.2800,0.6300,10.222,3.286,1.460,800000,800000,800000,800000,0.9200,good,moderate
0.0900,0.2900,0.6200,10.222,3.172,1.484,800000,800000,800000,800000,0.9200,good,moderate
0.0900,0.3000,0.6100,10.222,3.067,1.508,800000,800000,800000,800000,0.9200,max,moderate
0.0900,0.3100,0.6000,10.222,2.968,1.533,800000,800000,800000,800000,0.9200,max,moderate
0.0900,0.3200,0.5900,10.222,2.875,1.559,800000,800000,800000,800000,0.9200,max,moderate
0.0900,0.3300,0.5800,10.222,2.788,1.586,800000,800000,800000,800000,0.9200,good,moderate
0.0900,0.3400,0.5700,10.222,2.706,1.614,800000,800000,800000,800000,0.9200,max,moderate
0.0900,0.3500,0.5600,10.222,2.629,1.643,800000,800000,800000,800000,0.9200,good,moderate
0.0900,0.3600,0.5500,10.222,2.556,1.673,800000,800000,800000,800000,0.9200,max,moderate
0.0900,0.3700,0.5400,10.222,2.486,1.704,800000,800000,800000,800000,0.9200,max,moderate
0.0900,0.3800,0.5300,10.222,2.421,1.736,800000,800000,800000,800000,0.9200,max,moderate
0.0900,0.3900,0.5200,10.222,2.359,1.769,800000,800000,800000,800000,0.9200,max,moderate
0.0900,0.4000,0.5100,10.222,2.300,1.804,800000,800000,800000,800000,0.9200,max,moderate
0.0900,0.4100,0.5000,10.222,2.244,1.840,800000,800000,800000,800000,0.9200,max,moderate
0.0900,0.4200,0.4900,10.222,2.190,1.878,800000,800000,800000,800000,0.9200,max,balanced
0.0900,0.4300,0.4800,10.222,2.140,1.917,800000,800000,800000,800000,0.9200,good,balanced
0.0900,0.4400,0.4700,10.222,2.091,1.957,800000,800000,800000,800000,0.9200,max,balanced
0.0900,0.4500,0.4600,10.222,2.044,2.000,800000,800000,800000,800000,0.9200,max,balanced
0.0900,0.4600,0.4500,10.222,2.000,2.044,800000,800000,800000,800000,0.9200,max,balanced
0.0900,0.4700,0.4400,10.222,1.957,2.091,800000,800000,800000,800000,0.9200,max,balanced
0.0900,0.4800,0.4300,10.222,1.917,2.140,800000,800000,800000,800000,0.9200,good,balanced
0.0900,0.4900,0.4200,10.222,1.878,2.190,800000,800000,800000,800000,0.9200,max,balanced
0.0900,0.5000,0.4100,10.222,1.840,2.244,800000,800000,800000,800000,0.9200,max,moderate
0.0900,0.5100,0.4000,10.222,1.804,2.300,800000,800000,800000,800000,0.9200,max,moderate
0.0900,0.5200,0.3900,10.222,1.769,2.359,800000,800000,800000,800000,0.9200,max,moderate
0.0900,0.5300,0.3800,10.222,1.736,2.421,800000,800000,800000,800000,0.9200,max,moderate
0.0900,0.5400,0.3700,10.222,1.704,2.486,800000,800000,800000,800000,0.9200,max,moderate
0.0900,0.5500,0.3600,10.222,1.673,2.556,800000,800000,800000,800000,0.9200,max,moderate
0.0900,0.5600,0.3500,10.222,1.643,2.629,800000,800000,800000,800000,0.9200,good,moderate
0.0900,0.5700,0.3400,10.222,1.614,2.706,800000,800000,800000,800000,0.9200,max,moderate
0.0900,0.5800,0.3300,10.222,1.586,2.788,800000,800000,800000,800000,0.9200,good,moderate
0.0900,0.5900,0.3200,10.222,1.559,2.875,800000,800000,800000,800000,0.9200,max,moderate
0.0900,0.6000,0.3100,10.222,1.533,2.968,800000,800000,800000,800000,0.9200,max,moderate
0.0900,0.6100,0.3000,10.222,1.508,3.067,800000,800000,800000,800000,0.9200,max,moderate
0.0900,0.6200,0.2900,10.222,1.484,3.172,800000,800000,800000,800000,0.9200,good,moderate
0.0900,0.6300,0.2800,10.222,1.460,3.286,800000,800000,800000,800000,0.9200,good,moderate
0.0900,0.6400,0.2700,10.222,1.438,3.407,800000,800000,800000,800000,0.9200,max,moderate
0.0900,0.6500,0.2600,10.222,1.415,3.538,800000,800000,800000,800000,0.9200,max,moderate
0.0900,0.6600,0.2500,10.222,1.394,3.680,800000,800000,800000,800000,0.9200,max,moderate
0.0900,0.6700,0.2400,10.222,1.373,3.833,800000,800000,800000,800000,0.9200,max,moderate
0.0900,0.6800,0.2300,10.222,1.353,4.000,800000,800000,800000,800000,0.9200,max,moderate
0.0900,0.6900,0.2200,10.222,1.333,4.182,800000,800000,800000,800000,0.9200,max,moderate
0.0900,0.7000,0.2100,10.222,1.314,4.381,800000,800000,800000,800000,0.9200,good,heavy
0.0900,0.7100,0.2000,10.222,1.296,4.600,800000,800000,800000,800000,0.9200,max,heavy
0.0900,0.7200,0.1900,10.222,1.278,4.842,800000,800000,800000,800000,0.9200,max,heavy
0.0900,0.7300,0.1800,10.222,1.260,5.111,800000,800000,800000,800000,0.9200,good,heavy
0.0900,0.7400,0.1700,10.222,1.243,5.412,800000,800000,800000,800000,0.9200,max,heavy
0.0900,0.7500,0.1600,10.222,1.227,5.750,800000,800000,800000,800000,0.9200,good,heavy
0.0900,0.7600,0.1500,10.222,1.211,6.133,800000,800000,800000,800000,0.9200,max,heavy
0.0900,0.7700,0.1400,10.222,1.195,6.571,800000,800000,800000,800000,0.9200,good,heavy
0.0900,0.7800,0.1300,10.222,1.179,7.077,800000,800000,800000,800000,0.9200,max,heavy
0.0900,0.7900,0.1200,10.222,1.165,7.667,800000,800000,800000,800000,0.9200,max,heavy
0.0900,0.8000,0.1100,10.222,1.150,8.364,800000,800000,800000,800000,0.9200,max,heavy
0.0900,0.8100,0.1000,10.222,1.136,9.200,800000,800000,800000,800000,0.9200,max,heavy
0.0900,0.8200,0.0900,10.222,1.122,10.222,800000,800000,800000,800000,0.9200,max,heavy
0.0900,0.8300,0.0800,10.222,1.108,11.500,800000,800000,800000,800000,0.9200,max,heavy
0.0900,0.8400,0.0700,10.222,1.095,13.143,800000,800000,800000,800000,0.9200,good,heavy
0.0900,0.8500,0.0600,10.222,1.082,15.333,800000,800000,800000,800000,0.9200,good,heavy
0.0900,0.8600,0.0500,10.222,1.070,18.400,800000,800000,800000,800000,0.9200,good,heavy
0.0900,0.8700,0.0400,10.222,1.057,23.000,800000,800000,800000,800000,0.9200,max,heavy
0.0900,0.8800,0.0300,10.222,1.045,30.667,800000,800000,800000,800000,0.9200,max,heavy
0.0900,0.8900,0.0200,10.222,1.034,46.000,800000,800000,800000,800000,0.9200,max,heavy
0.0900,0.9000,0.0100,10.222,1.022,92.000,800000,800000,800000,800000,0.9200,max,extreme
0.0900,0.9100,0.0000,10.222,1.011,999.000,800000,800000,10000000,800000,0.9200,max,extreme
0.1000,0.0000,0.9000,9.200,999.000,1.022,800000,10000000,800000,800000,0.9200,max,extreme
0.1000,0.0100,0.8900,9.200,92.000,1.034,800000,800000,800000,800000,0.9200,max,heavy
0.1000,0.0200,0.8800,9.200,46.000,1.045,800000,800000,800000,800000,0.9200,max,heavy
0.1000,0.0300,0.8700,9.200,30.667,1.057,800000,800000,800000,800000,0.9200,max,heavy
0.1000,0.0400,0.8600,9.200,23.000,1.070,800000,800000,800000,800000,0.9200,good,heavy
0.1000,0.0500,0.8500,9.200,18.400,1.082,800000,800000,800000,800000,0.9200,good,heavy
0.1000,0.0600,0.8400,9.200,15.333,1.095,800000,800000,800000,800000,0.9200,max,heavy
0.1000,0.0700,0.8300,9.200,13.143,1.108,800000,800000,800000,800000,0.9200,good,heavy
0.1000,0.0800,0.8200,9.200,11.500,1.122,800000,800000,800000,800000,0.9200,max,heavy
0.1000,0.0900,0.8100,9.200,10.222,1.136,800000,800000,800000,800000,0.9200,max,heavy
0.1000,0.1000,0.8000,9.200,9.200,1.150,800000,800000,800000,800000,0.9200,max,heavy
0.1000,0.1100,0.7900,9.200,8.364,1.165,800000,800000,800000,800000,0.9200,max,heavy
0.1000,0.1200,0.7800,9.200,7.667,1.179,800000,800000,800000,800000,0.9200,max,heavy
0.1000,0.1300,0.7700,9.200,7.077,1.195,800000,800000,800000,800000,0.9200,max,heavy
0.1000,0.1400,0.7600,9.200,6.571,1.211,800000,800000,800000,800000,0.9200,good,heavy
0.1000,0.1500,0.7500,9.200,6.133,1.227,800000,800000,800000,800000,0.9200,good,heavy
0.1000,0.1600,0.7400,9.200,5.750,1.243,800000,800000,800000,800000,0.9200,max,heavy
0.1000,0.1700,0.7300,9.200,5.412,1.260,800000,800000,800000,800000,0.9200,good,heavy
0.1000,0.1800,0.7200,9.200,5.111,1.278,800000,800000,800000,800000,0.9200,max,heavy
0.1000,0.1900,0.7100,9.200,4.842,1.296,800000,800000,800000,800000,0.9200,max,heavy
0.1000,0.2000,0.7000,9.200,4.600,1.314,800000,800000,800000,800000,0.9200,good,heavy
0.1000,0.2100,0.6900,9.200,4.381,1.333,800000,800000,800000,800000,0.9200,max,moderate
0.1000,0.2200,0.6800,9.200,4.182,1.353,800000,800000,800000,800000,0.9200,max,moderate
0.1000,0.2300,0.6700,9.200,4.000,1.373,800000,800000,800000,800000,0.9200,max,moderate
0.1000,0.2400,0.6600,9.200,3.833,1.394,800000,800000,800000,800000,0.9200,max,moderate
0.1000,0.2500,0.6500,9.200,3.680,1.415,800000,800000,800000,800000,0.9200,max,moderate
0.1000,0.2600,0.6400,9.200,3.538,1.438,800000,800000,800000,800000,0.9200,max,moderate
0.1000,0.2700,0.6300,9.200,3.407,1.460,800000,800000,800000,800000,0.9200,max,moderate
0.1000,0.2800,0.6200,9.200,3.286,1.484,800000,800000,800000,800000,0.9200,good,moderate
0.1000,0.2900,0.6100,9.200,3.172,1.508,800000,800000,800000,800000,0.9200,good,moderate
0.1000,0.3000,0.6000,9.200,3.067,1.533,800000,800000,800000,800000,0.9200,max,moderate
0.1000,0.3100,0.5900,9.200,2.968,1.559,800000,800000,800000,800000,0.9200,max,moderate
0.1000,0.3200,0.5800,9.200,2.875,1.586,800000,800000,800000,800000,0.9200,good,moderate
0.1000,0.3300,0.5700,9.200,2.788,1.614,800000,800000,800000,800000,0.9200,max,moderate
0.1000,0.3400,0.5600,9.200,2.706,1.643,800000,800000,800000,800000,0.9200,good,moderate
0.1000,0.3500,0.5500,9.200,2.629,1.673,800000,800000,800000,800000,0.9200,good,moderate
0.1000,0.3600,0.5400,9.200,2.556,1.704,800000,800000,800000,800000,0.9200,max,moderate
0.1000,0.3700,0.5300,9.200,2.486,1.736,800000,800000,800000,800000,0.9200,max,moderate
0.1000,0.3800,0.5200,9.200,2.421,1.769,800000,800000,800000,800000,0.9200,max,moderate
0.1000,0.3900,0.5100,9.200,2.359,1.804,800000,800000,800000,800000,0.9200,max,moderate
0.1000,0.4000,0.5000,9.200,2.300,1.840,800000,800000,800000,800000,0.9200,max,moderate
0.1000,0.4100,0.4900,9.200,2.244,1.878,800000,800000,800000,800000,0.9200,max,balanced
0.1000,0.4200,0.4800,9.200,2.190,1.917,800000,800000,800000,800000,0.9200,max,balanced
0.1000,0.4300,0.4700,9.200,2.140,1.957,800000,800000,800000,800000,0.9200,good,balanced
0.1000,0.4400,0.4600,9.200,2.091,2.000,800000,800000,800000,800000,0.9200,max,balanced
0.1000,0.4500,0.4500,9.200,2.044,2.044,800000,800000,800000,800000,0.9200,max,balanced
0.1000,0.4600,0.4400,9.200,2.000,2.091,800000,800000,800000,800000,0.9200,max,balanced
0.1000,0.4700,0.4300,9.200,1.957,2.140,800000,800000,800000,800000,0.9200,good,balanced
0.1000,0.4800,0.4200,9.200,1.917,2.190,800000,800000,800000,800000,0.9200,max,balanced
0.1000,0.4900,0.4100,9.200,1.878,2.244,800000,800000,800000,800000,0.9200,max,balanced
0.1000,0.5000,0.4000,9.200,1.840,2.300,800000,800000,800000,800000,0.9200,max,moderate
0.1000,0.5100,0.3900,9.200,1.804,2.359,800000,800000,800000,800000,0.9200,max,moderate
0.1000,0.5200,0.3800,9.200,1.769,2.421,800000,800000,800000,800000,0.9200,max,moderate
0.1000,0.5300,0.3700,9.200,1.736,2.486,800000,800000,800000,800000,0.9200,max,moderate
0.1000,0.5400,0.3600,9.200,1.704,2.556,800000,800000,800000,800000,0.9200,max,moderate
0.1000,0.5500,0.3500,9.200,1.673,2.629,800000,800000,800000,800000,0.9200,good,moderate
0.1000,0.5600,0.3400,9.200,1.643,2.706,800000,800000,800000,800000,0.9200,good,moderate
0.1000,0.5700,0.3300,9.200,1.614,2.788,800000,800000,800000,800000,0.9200,max,moderate
0.1000,0.5800,0.3200,9.200,1.586,2.875,800000,800000,800000,800000,0.9200,good,moderate
0.1000,0.5900,0.3100,9.200,1.559,2.968,800000,800000,800000,800000,0.9200,max,moderate
0.1000,0.6000,0.3000,9.200,1.533,3.067,800000,800000,800000,800000,0.9200,max,moderate
0.1000,0.6100,0.2900,9.200,1.508,3.172,800000,800000,800000,800000,0.9200,good,moderate
0.1000,0.6200,0.2800,9.200,1.484,3.286,800000,800000,800000,800000,0.9200,good,moderate
0.1000,0.6300,0.2700,9.200,1.460,3.407,800000,800000,800000,800000,0.9200,max,moderate
0.1000,0.6400,0.2600,9.200,1.438,3.538,800000,800000,800000,800000,0.9200,max,moderate
0.1000,0.6500,0.2500,9.200,1.415,3.680,800000,800000,800000,800000,0.9200,max,moderate
0.1000,0.6600,0.2400,9.200,1.394,3.833,800000,800000,800000,800000,0.9200,max,moderate
0.1000,0.6700,0.2300,9.200,1.373,4.000,800000,800000,800000,800000,0.9200,max,moderate
0.1000,0.6800,0.2200,9.200,1.353,4.182,800000,800000,800000,800000,0.9200,max,moderate
0.1000,0.6900,0.2100,9.200,1.333,4.381,800000,800000,800000,800000,0.9200,max,moderate
0.1000,0.7000,0.2000,9.200,1.314,4.600,800000,800000,800000,800000,0.9200,good,heavy
0.1000,0.7100,0.1900,9.200,1.296,4.842,800000,800000,800000,800000,0.9200,max,heavy
0.1000,0.7200,0.1800,9.200,1.278,5.111,800000,800000,800000,800000,0.9200,max,heavy
0.1000,0.7300,0.1700,9.200,1.260,5.412,800000,800000,800000,800000,0.9200,good,heavy
0.1000,0.7400,0.1600,9.200,1.243,5.750,800000,800000,800000,800000,0.9200,max,heavy
0.1000,0.7500,0.1500,9.200,1.227,6.133,800000,800000,800000,800000,0.9200,good,heavy
0.1000,0.7600,0.1400,9.200,1.211,6.571,800000,800000,800000,800000,0.9200,good,heavy
0.1000,0.7700,0.1300,9.200,1.195,7.077,800000,800000,800000,800000,0.9200,max,heavy
0.1000,0.7800,0.1200,9.200,1.179,7.667,800000,800000,800000,800000,0.9200,max,heavy
0.1000,0.7900,0.1100,9.200,1.165,8.364,800000,800000,800000,800000,0.9200,max,heavy
0.1000,0.8000,0.1000,9.200,1.150,9.200,800000,800000,800000,800000,0.9200,max,heavy
0.1000,0.8100,0.0900,9.200,1.136,10.222,800000,800000,800000,800000,0.9200,max,heavy
0.1000,0.8200,0.0800,9.200,1.122,11.500,800000,800000,800000,800000,0.9200,max,heavy
0.1000,0.8300,0.0700,9.200,1.108,13.143,800000,800000,800000,800000,0.9200,good,heavy
0.1000,0.8400,0.0600,9.200,1.095,15.333,800000,800000,800000,800000,0.9200,max,heavy
0.1000,0.8500,0.0500,9.200,1.082,18.400,800000,800000,800000,800000,0.9200,good,heavy
0.1000,0.8600,0.0400,9.200,1.070,23.000,800000,800000,800000,800000,0.9200,good,heavy
0.1000,0.8700,0.0300,9.200,1.057,30.667,800000,800000,800000,800000,0.9200,max,heavy
0.1000,0.8800,0.0200,9.200,1.045,46.000,800000,800000,800000,800000,0.9200,max,heavy
0.1000,0.8900,0.0100,9.200,1.034,92.000,800000,800000,800000,800000,0.9200,max,heavy
0.1000,0.9000,0.0000,9.200,1.022,999.000,800000,800000,10000000,800000,0.9200,max,extreme
0.1100,0.0000,0.8900,8.364,999.000,1.034,800000,10000000,800000,800000,0.9200,max,heavy
0.1100,0.0100,0.8800,8.364,92.000,1.045,800000,800000,800000,800000,0.9200,max,heavy
0.1100,0.0200,0.8700,8.364,46.000,1.057,800000,800000,800000,800000,0.9200,max,heavy
0.1100,0.0300,0.8600,8.364,30.667,1.070,800000,800000,800000,800000,0.9200,good,heavy
0.1100,0.0400,0.8500,8.364,23.000,1.082,800000,800000,800000,800000,0.9200,good,heavy
0.1100,0.0500,0.8400,8.364,18.400,1.095,800000,800000,800000,800000,0.9200,max,heavy
0.1100,0.0600,0.8300,8.364,15.333,1.108,800000,800000,800000,800000,0.9200,max,heavy
0.1100,0.0700,0.8200,8.364,13.143,1.122,800000,800000,800000,800000,0.9200,good,heavy
0.1100,0.0800,0.8100,8.364,11.500,1.136,800000,800000,800000,800000,0.9200,max,heavy
0.1100,0.0900,0.8000,8.364,10.222,1.150,800000,800000,800000,800000,0.9200,max,heavy
0.1100,0.1000,0.7900,8.364,9.200,1.165,800000,800000,800000,800000,0.9200,max,heavy
0.1100,0.1100,0.7800,8.364,8.364,1.179,800000,800000,800000,800000,0.9200,max,heavy
0.1100,0.1200,0.7700,8.364,7.667,1.195,800000,800000,800000,800000,0.9200,max,heavy
0.1100,0.1300,0.7600,8.364,7.077,1.211,800000,800000,800000,800000,0.9200,max,heavy
0.1100,0.1400,0.7500,8.364,6.571,1.227,800000,800000,800000,800000,0.9200,good,heavy
0.1100,0.1500,0.7400,8.364,6.133,1.243,800000,800000,800000,800000,0.9200,max,heavy
0.1100,0.1600,0.7300,8.364,5.750,1.260,800000,800000,800000,800000,0.9200,good,heavy
0.1100,0.1700,0.7200,8.364,5.412,1.278,800000,800000,800000,800000,0.9200,max,heavy
0.1100,0.1800,0.7100,8.364,5.111,1.296,800000,800000,800000,800000,0.9200,max,heavy
0.1100,0.1900,0.7000,8.364,4.842,1.314,800000,800000,800000,800000,0.9200,good,heavy
0.1100,0.2000,0.6900,8.364,4.600,1.333,800000,800000,800000,800000,0.9200,max,moderate
0.1100,0.2100,0.6800,8.364,4.381,1.353,800000,800000,800000,800000,0.9200,max,moderate
0.1100,0.2200,0.6700,8.364,4.182,1.373,800000,800000,800000,800000,0.9200,max,moderate
0.1100,0.2300,0.6600,8.364,4.000,1.394,800000,800000,800000,800000,0.9200,max,moderate
0.1100,0.2400,0.6500,8.364,3.833,1.415,800000,800000,800000,800000,0.9200,max,moderate
0.1100,0.2500,0.6400,8.364,3.680,1.438,800000,800000,800000,800000,0.9200,max,moderate
0.1100,0.2600,0.6300,8.364,3.538,1.460,800000,800000,800000,800000,0.9200,max,moderate
0.1100,0.2700,0.6200,8.364,3.407,1.484,800000,800000,800000,800000,0.9200,max,moderate
0.1100,0.2800,0.6100,8.364,3.286,1.508,800000,800000,800000,800000,0.9200,good,moderate
0.1100,0.2900,0.6000,8.364,3.172,1.533,800000,800000,800000,800000,0.9200,good,moderate
0.1100,0.3000,0.5900,8.364,3.067,1.559,800000,800000,800000,800000,0.9200,max,moderate
0.1100,0.3100,0.5800,8.364,2.968,1.586,800000,800000,800000,800000,0.9200,good,moderate
0.1100,0.3200,0.5700,8.364,2.875,1.614,800000,800000,800000,800000,0.9200,max,moderate
0.1100,0.3300,0.5600,8.364,2.788,1.643,800000,800000,800000,800000,0.9200,good,moderate
0.1100,0.3400,0.5500,8.364,2.706,1.673,800000,800000,800000,800000,0.9200,max,moderate
0.1100,0.3500,0.5400,8.364,2.629,1.704,800000,800000,800000,800000,0.9200,good,moderate
0.1100,0.3600,0.5300,8.364,2.556,1.736,800000,800000,800000,800000,0.9200,max,moderate
0.1100,0.3700,0.5200,8.364,2.486,1.769,800000,800000,800000,800000,0.9200,max,moderate
0.1100,0.3800,0.5100,8.364,2.421,1.804,800000,800000,800000,800000,0.9200,max,moderate
0.1100,0.3900,0.5000,8.364,2.359,1.840,800000,800000,800000,800000,0.9200,max,moderate
0.1100,0.4000,0.4900,8.364,2.300,1.878,800000,800000,800000,800000,0.9200,max,balanced
0.1100,0.4100,0.4800,8.364,2.244,1.917,800000,800000,800000,800000,0.9200,max,balanced
0.1100,0.4200,0.4700,8.364,2.190,1.957,800000,800000,800000,800000,0.9200,max,balanced
0.1100,0.4300,0.4600,8.364,2.140,2.000,800000,800000,800000,800000,0.9200,good,balanced
0.1100,0.4400,0.4500,8.364,2.091,2.044,800000,800000,800000,800000,0.9200,max,balanced
0.1100,0.4500,0.4400,8.364,2.044,2.091,800000,800000,800000,800000,0.9200,max,balanced
0.1100,0.4600,0.4300,8.364,2.000,2.140,800000,800000,800000,800000,0.9200,good,balanced
0.1100,0.4700,0.4200,8.364,1.957,2.190,800000,800000,800000,800000,0.9200,max,balanced
0.1100,0.4800,0.4100,8.364,1.917,2.244,800000,800000,800000,800000,0.9200,max,balanced
0.1100,0.4900,0.4000,8.364,1.878,2.300,800000,800000,800000,800000,0.9200,max,balanced
0.1100,0.5000,0.3900,8.364,1.840,2.359,800000,800000,800000,800000,0.9200,max,moderate
0.1100,0.5100,0.3800,8.364,1.804,2.421,800000,800000,800000,800000,0.9200,max,moderate
0.1100,0.5200,0.3700,8.364,1.769,2.486,800000,800000,800000,800000,0.9200,max,moderate
0.1100,0.5300,0.3600,8.364,1.736,2.556,800000,800000,800000,800000,0.9200,max,moderate
0.1100,0.5400,0.3500,8.364,1.704,2.629,800000,800000,800000,800000,0.9200,good,moderate
0.1100,0.5500,0.3400,8.364,1.673,2.706,800000,800000,800000,800000,0.9200,max,moderate
0.1100,0.5600,0.3300,8.364,1.643,2.788,800000,800000,800000,800000,0.9200,good,moderate
0.1100,0.5700,0.3200,8.364,1.614,2.875,800000,800000,800000,800000,0.9200,max,moderate
0.1100,0.5800,0.3100,8.364,1.586,2.968,800000,800000,800000,800000,0.9200,good,moderate
0.1100,0.5900,0.3000,8.364,1.559,3.067,800000,800000,800000,800000,0.9200,max,moderate
0.1100,0.6000,0.2900,8.364,1.533,3.172,800000,800000,800000,800000,0.9200,good,moderate
0.1100,0.6100,0.2800,8.364,1.508,3.286,800000,800000,800000,800000,0.9200,good,moderate
0.1100,0.6200,0.2700,8.364,1.484,3.407,800000,800000,800000,800000,0.9200,max,moderate
0.1100,0.6300,0.2600,8.364,1.460,3.538,800000,800000,800000,800000,0.9200,max,moderate
0.1100,0.6400,0.2500,8.364,1.438,3.680,800000,800000,800000,800000,0.9200,max,moderate
0.1100,0.6500,0.2400,8.364,1.415,3.833,800000,800000,800000,800000,0.9200,max,moderate
0.1100,0.6600,0.2300,8.364,1.394,4.000,800000,800000,800000,800000,0.9200,max,moderate
0.1100,0.6700,0.2200,8.364,1.373,4.182,800000,800000,800000,800000,0.9200,max,moderate
0.1100,0.6800,0.2100,8.364,1.353,4.381,800000,800000,800000,800000,0.9200,max,moderate
0.1100,0.6900,0.2000,8.364,1.333,4.600,800000,800000,800000,800000,0.9200,max,moderate
0.1100,0.7000,0.1900,8.364,1.314,4.842,800000,800000,800000,800000,0.9200,good,heavy
0.1100,0.7100,0.1800,8.364,1.296,5.111,800000,800000,800000,800000,0.9200,max,heavy
0.1100,0.7200,0.1700,8.364,1.278,5.412,800000,800000,800000,800000,0.9200,max,heavy
0.1100,0.7300,0.1600,8.364,1.260,5.750,800000,800000,800000,800000,0.9200,good,heavy
0.1100,0.7400,0.1500,8.364,1.243,6.133,800000,800000,800000,800000,0.9200,max,heavy
0.1100,0.7500,0.1400,8.364,1.227,6.571,800000,800000,800000,800000,0.9200,good,heavy
0.1100,0.7600,0.1300,8.364,1.211,7.077,800000,800000,800000,800000,0.9200,max,heavy
0.1100,0.7700,0.1200,8.364,1.195,7.667,800000,800000,800000,800000,0.9200,max,heavy
0.1100,0.7800,0.1100,8.364,1.179,8.364,800000,800000,800000,800000,0.9200,max,heavy
0.1100,0.7900,0.1000,8.364,1.165,9.200,800000,800000,800000,800000,0.9200,max,heavy
0.1100,0.8000,0.0900,8.364,1.150,10.222,800000,800000,800000,800000,0.9200,max,heavy
0.1100,0.8100,0.0800,8.364,1.136,11.500,800000,800000,800000,800000,0.9200,max,heavy
0.1100,0.8200,0.0700,8.364,1.122,13.143,800000,800000,800000,800000,0.9200,good,heavy
0.1100,0.8300,0.0600,8.364,1.108,15.333,800000,800000,800000,800000,0.9200,max,heavy
0.1100,0.8400,0.0500,8.364,1.095,18.400,800000,800000,800000,800000,0.9200,max,heavy
0.1100,0.8500,0.0400,8.364,1.082,23.000,800000,800000,800000,800000,0.9200,good,heavy
0.1100,0.8600,0.0300,8.364,1.070,30.667,800000,800000,800000,800000,0.9200,good,heavy
0.1100,0.8700,0.0200,8.364,1.057,46.000,800000,800000,800000,800000,0.9200,max,heavy
0.1100,0.8800,0.0100,8.364,1.045,92.000,800000,800000,800000,800000,0.9200,max,heavy
0.1100,0.8900,0.0000,8.364,1.034,999.000,800000,800000,10000000,800000,0.9200,max,heavy
0.1200,0.0000,0.8800,7.667,999.000,1.045,800000,10000000,800000,800000,0.9200,max,heavy
0.1200,0.0100,0.8700,7.667,92.000,1.057,800000,800000,800000,800000,0.9200,max,heavy
0.1200,0.0200,0.8600,7.667,46.000,1.070,800000,800000,800000,800000,0.9200,good,heavy
0.1200,0.0300,0.8500,7.667,30.667,1.082,800000,800000,800000,800000,0.9200,good,heavy
0.1200,0.0400,0.8400,7.667,23.000,1.095,800000,800000,800000,800000,0.9200,max,heavy
0.1200,0.0500,0.8300,7.667,18.400,1.108,800000,800000,800000,800000,0.9200,max,heavy
0.1200,0.0600,0.8200,7.667,15.333,1.122,800000,800000,800000,800000,0.9200,max,heavy
0.1200,0.0700,0.8100,7.667,13.143,1.136,800000,800000,800000,800000,0.9200,good,heavy
0.1200,0.0800,0.8000,7.667,11.500,1.150,800000,800000,800000,800000,0.9200,max,heavy
0.1200,0.0900,0.7900,7.667,10.222,1.165,800000,800000,800000,800000,0.9200,max,heavy
0.1200,0.1000,0.7800,7.667,9.200,1.179,800000,800000,800000,800000,0.9200,max,heavy
0.1200,0.1100,0.7700,7.667,8.364,1.195,800000,800000,800000,800000,0.9200,max,heavy
0.1200,0.1200,0.7600,7.667,7.667,1.211,800000,800000,800000,800000,0.9200,max,heavy
0.1200,0.1300,0.7500,7.667,7.077,1.227,800000,800000,800000,800000,0.9200,good,heavy
0.1200,0.1400,0.7400,7.667,6.571,1.243,800000,800000,800000,800000,0.9200,good,heavy
0.1200,0.1500,0.7300,7.667,6.133,1.260,800000,800000,800000,800000,0.9200,good,heavy
0.1200,0.1600,0.7200,7.667,5.750,1.278,800000,800000,800000,800000,0.9200,max,heavy
0.1200,0.1700,0.7100,7.667,5.412,1.296,800000,800000,800000,800000,0.9200,max,heavy
0.1200,0.1800,0.7000,7.667,5.111,1.314,800000,800000,800000,800000,0.9200,good,heavy
0.1200,0.1900,0.6900,7.667,4.842,1.333,800000,800000,800000,800000,0.9200,max,moderate
0.1200,0.2000,0.6800,7.667,4.600,1.353,800000,800000,800000,800000,0.9200,max,moderate
0.1200,0.2100,0.6700,7.667,4.381,1.373,800000,800000,800000,800000,0.9200,max,moderate
0.1200,0.2200,0.6600,7.667,4.182,1.394,800000,800000,800000,800000,0.9200,max,moderate
0.1200,0.2300,0.6500,7.667,4.000,1.415,800000,800000,800000,800000,0.9200,max,moderate
0.1200,0.2400,0.6400,7.667,3.833,1.438,800000,800000,800000,800000,0.9200,max,moderate
0.1200,0.2500,0.6300,7.667,3.680,1.460,800000,800000,800000,800000,0.9200,max,moderate
0.1200,0.2600,0.6200,7.667,3.538,1.484,800000,800000,800000,800000,0.9200,max,moderate
0.1200,0.2700,0.6100,7.667,3.407,1.508,800000,800000,800000,800000,0.9200,max,moderate
0.1200,0.2800,0.6000,7.667,3.286,1.533,800000,800000,800000,800000,0.9200,good,moderate
0.1200,0.2900,0.5900,7.667,3.172,1.559,800000,800000,800000,800000,0.9200,good,moderate
0.1200,0.3000,0.5800,7.667,3.067,1.586,800000,800000,800000,800000,0.9200,good,moderate
0.1200,0.3100,0.5700,7.667,2.968,1.614,800000,800000,800000,800000,0.9200,max,moderate
0.1200,0.3200,0.5600,7.667,2.875,1.643,800000,800000,800000,800000,0.9200,good,moderate
0.1200,0.3300,0.5500,7.667,2.788,1.673,800000,800000,800000,800000,0.9200,max,moderate
0.1200,0.3400,0.5400,7.667,2.706,1.704,800000,800000,800000,800000,0.9200,max,moderate
0.1200,0.3500,0.5300,7.667,2.629,1.736,800000,800000,800000,800000,0.9200,good,moderate
0.1200,0.3600,0.5200,7.667,2.556,1.769,800000,800000,800000,800000,0.9200,max,moderate
0.1200,0.3700,0.5100,7.667,2.486,1.804,800000,800000,800000,800000,0.9200,max,moderate
0.1200,0.3800,0.5000,7.667,2.421,1.840,800000,800000,800000,800000,0.9200,max,moderate
0.1200,0.3900,0.4900,7.667,2.359,1.878,800000,800000,800000,800000,0.9200,max,balanced
0.1200,0.4000,0.4800,7.667,2.300,1.917,800000,800000,800000,800000,0.9200,max,balanced
0.1200,0.4100,0.4700,7.667,2.244,1.957,800000,800000,800000,800000,0.9200,max,balanced
0.1200,0.4200,0.4600,7.667,2.190,2.000,800000,800000,800000,800000,0.9200,max,balanced
0.1200,0.4300,0.4500,7.667,2.140,2.044,800000,800000,800000,800000,0.9200,good,balanced
0.1200,0.4400,0.4400,7.667,2.091,2.091,800000,800000,800000,800000,0.9200,max,balanced
0.1200,0.4500,0.4300,7.667,2.044,2.140,800000,800000,800000,800000,0.9200,good,balanced
0.1200,0.4600,0.4200,7.667,2.000,2.190,800000,800000,800000,800000,0.9200,max,balanced
0.1200,0.4700,0.4100,7.667,1.957,2.244,800000,800000,800000,800000,0.9200,max,balanced
0.1200,0.4800,0.4000,7.667,1.917,2.300,800000,800000,800000,800000,0.9200,max,balanced
0.1200,0.4900,0.3900,7.667,1.878,2.359,800000,800000,800000,800000,0.9200,max,balanced
0.1200,0.5000,0.3800,7.667,1.840,2.421,800000,800000,800000,800000,0.9200,max,moderate
0.1200,0.5100,0.3700,7.667,1.804,2.486,800000,800000,800000,800000,0.9200,max,moderate
0.1200,0.5200,0.3600,7.667,1.769,2.556,800000,800000,800000,800000,0.9200,max,moderate
0.1200,0.5300,0.3500,7.667,1.736,2.629,800000,800000,800000,800000,0.9200,good,moderate
0.1200,0.5400,0.3400,7.667,1.704,2.706,800000,800000,800000,800000,0.9200,max,moderate
0.1200,0.5500,0.3300,7.667,1.673,2.788,800000,800000,800000,800000,0.9200,max,moderate
0.1200,0.5600,0.3200,7.667,1.643,2.875,800000,800000,800000,800000,0.9200,good,moderate
0.1200,0.5700,0.3100,7.667,1.614,2.968,800000,800000,800000,800000,0.9200,max,moderate
0.1200,0.5800,0.3000,7.667,1.586,3.067,800000,800000,800000,800000,0.9200,good,moderate
0.1200,0.5900,0.2900,7.667,1.559,3.172,800000,800000,800000,800000,0.9200,good,moderate
0.1200,0.6000,0.2800,7.667,1.533,3.286,800000,800000,800000,800000,0.9200,good,moderate
0.1200,0.6100,0.2700,7.667,1.508,3.407,800000,800000,800000,800000,0.9200,max,moderate
0.1200,0.6200,0.2600,7.667,1.484,3.538,800000,800000,800000,800000,0.9200,max,moderate
0.1200,0.6300,0.2500,7.667,1.460,3.680,800000,800000,800000,800000,0.9200,max,moderate
0.1200,0.6400,0.2400,7.667,1.438,3.833,800000,800000,800000,800000,0.9200,max,moderate
0.1200,0.6500,0.2300,7.667,1.415,4.000,800000,800000,800000,800000,0.9200,max,moderate
0.1200,0.6600,0.2200,7.667,1.394,4.182,800000,800000,800000,800000,0.9200,max,moderate
0.1200,0.6700,0.2100,7.667,1.373,4.381,800000,800000,800000,800000,0.9200,max,moderate
0.1200,0.6800,0.2000,7.667,1.353,4.600,800000,800000,800000,800000,0.9200,max,moderate
0.1200,0.6900,0.1900,7.667,1.333,4.842,800000,800000,800000,800000,0.9200,max,moderate
0.1200,0.7000,0.1800,7.667,1.314,5.111,800000,800000,800000,800000,0.9200,good,heavy
0.1200,0.7100,0.1700,7.667,1.296,5.412,800000,800000,800000,800000,0.9200,max,heavy
0.1200,0.7200,0.1600,7.667,1.278,5.750,800000,800000,800000,800000,0.9200,max,heavy
0.1200,0.7300,0.1500,7.667,1.260,6.133,800000,800000,800000,800000,0.9200,good,heavy
0.1200,0.7400,0.1400,7.667,1.243,6.571,800000,800000,800000,800000,0.9200,good,heavy
0.1200,0.7500,0.1300,7.667,1.227,7.077,800000,800000,800000,800000,0.9200,good,heavy
0.1200,0.7600,0.1200,7.667,1.211,7.667,800000,800000,800000,800000,0.9200,max,heavy
0.1200,0.7700,0.1100,7.667,1.195,8.364,800000,800000,800000,800000,0.9200,max,heavy
0.1200,0.7800,0.1000,7.667,1.179,9.200,800000,800000,800000,800000,0.9200,max,heavy
0.1200,0.7900,0.0900,7.667,1.165,10.222,800000,800000,800000,800000,0.9200,max,heavy
0.1200,0.8000,0.0800,7.667,1.150,11.500,800000,800000,800000,800000,0.9200,max,heavy
0.1200,0.8100,0.0700,7.667,1.136,13.143,800000,800000,800000,800000,0.9200,good,heavy
0.1200,0.8200,0.0600,7.667,1.122,15.333,800000,800000,800000,800000,0.9200,max,heavy
0.1200,0.8300,0.0500,7.667,1.108,18.400,800000,800000,800000,800000,0.9200,max,heavy
0.1200,0.8400,0.0400,7.667,1.095,23.000,800000,800000,800000,800000,0.9200,max,heavy
0.1200,0.8500,0.0300,7.667,1.082,30.667,800000,800000,800000,800000,0.9200,good,heavy
0.1200,0.8600,0.0200,7.667,1.070,46.000,800000,800000,800000,800000,0.9200,good,heavy
0.1200,0.8700,0.0100,7.667,1.057,92.000,800000,800000,800000,800000,0.9200,max,heavy
0.1200,0.8800,0.0000,7.667,1.045,999.000,800000,800000,10000000,800000,0.9200,max,heavy
0.1300,0.0000,0.8700,7.077,999.000,1.057,800000,10000000,800000,800000,0.9200,max,heavy
0.1300,0.0100,0.8600,7.077,92.000,1.070,800000,800000,800000,800000,0.9200,good,heavy
0.1300,0.0200,0.8500,7.077,46.000,1.082,800000,800000,800000,800000,0.9200,good,heavy
0.1300,0.0300,0.8400,7.077,30.667,1.095,800000,800000,800000,800000,0.9200,max,heavy
0.1300,0.0400,0.8300,7.077,23.000,1.108,800000,800000,800000,800000,0.9200,max,heavy
0.1300,0.0500,0.8200,7.077,18.400,1.122,800000,800000,800000,800000,0.9200,max,heavy
0.1300,0.0600,0.8100,7.077,15.333,1.136,800000,800000,800000,800000,0.9200,max,heavy
0.1300,0.0700,0.8000,7.077,13.143,1.150,800000,800000,800000,800000,0.9200,good,heavy
0.1300,0.0800,0.7900,7.077,11.500,1.165,800000,800000,800000,800000,0.9200,max,heavy
0.1300,0.0900,0.7800,7.077,10.222,1.179,800000,800000,800000,800000,0.9200,max,heavy
0.1300,0.1000,0.7700,7.077,9.200,1.195,800000,800000,800000,800000,0.9200,max,heavy
0.1300,0.1100,0.7600,7.077,8.364,1.211,800000,800000,800000,800000,0.9200,max,heavy
0.1300,0.1200,0.7500,7.077,7.667,1.227,800000,800000,800000,800000,0.9200,good,heavy
0.1300,0.1300,0.7400,7.077,7.077,1.243,800000,800000,800000,800000,0.9200,max,heavy
0.1300,0.1400,0.7300,7.077,6.571,1.260,800000,800000,800000,800000,0.9200,good,heavy
0.1300,0.1500,0.7200,7.077,6.133,1.278,800000,800000,800000,800000,0.9200,max,heavy
0.1300,0.1600,0.7100,7.077,5.750,1.296,800000,800000,800000,800000,0.9200,max,heavy
0.1300,0.1700,0.7000,7.077,5.412,1.314,800000,800000,800000,800000,0.9200,good,heavy
0.1300,0.1800,0.6900,7.077,5.111,1.333,800000,800000,800000,800000,0.9200,max,moderate
0.1300,0.1900,0.6800,7.077,4.842,1.353,800000,800000,800000,800000,0.9200,max,moderate
0.1300,0.2000,0.6700,7.077,4.600,1.373,800000,800000,800000,800000,0.9200,max,moderate
0.1300,0.2100,0.6600,7.077,4.381,1.394,800000,800000,800000,800000,0.9200,max,moderate
0.1300,0.2200,0.6500,7.077,4.182,1.415,800000,800000,800000,800000,0.9200,max,moderate
0.1300,0.2300,0.6400,7.077,4.000,1.438,800000,800000,800000,800000,0.9200,max,moderate
0.1300,0.2400,0.6300,7.077,3.833,1.460,800000,800000,800000,800000,0.9200,max,moderate
0.1300,0.2500,0.6200,7.077,3.680,1.484,800000,800000,800000,800000,0.9200,max,moderate
0.1300,0.2600,0.6100,7.077,3.538,1.508,800000,800000,800000,800000,0.9200,max,moderate
0.1300,0.2700,0.6000,7.077,3.407,1.533,800000,800000,800000,800000,0.9200,max,moderate
0.1300,0.2800,0.5900,7.077,3.286,1.559,800000,800000,800000,800000,0.9200,good,moderate
0.1300,0.2900,0.5800,7.077,3.172,1.586,800000,800000,800000,800000,0.9200,good,moderate
0.1300,0.3000,0.5700,7.077,3.067,1.614,800000,800000,800000,800000,0.9200,max,moderate
0.1300,0.3100,0.5600,7.077,2.968,1.643,800000,800000,800000,800000,0.9200,good,moderate
0.1300,0.3200,0.5500,7.077,2.875,1.673,800000,800000,800000,800000,0.9200,max,moderate
0.1300,0.3300,0.5400,7.077,2.788,1.704,800000,800000,800000,800000,0.9200,max,moderate
0.1300,0.3400,0.5300,7.077,2.706,1.736,800000,800000,800000,800000,0.9200,max,moderate
0.1300,0.3500,0.5200,7.077,2.629,1.769,800000,800000,800000,800000,0.9200,good,moderate
0.1300,0.3600,0.5100,7.077,2.556,1.804,800000,800000,800000,800000,0.9200,max,moderate
0.1300,0.3700,0.5000,7.077,2.486,1.840,800000,800000,800000,800000,0.9200,max,moderate
0.1300,0.3800,0.4900,7.077,2.421,1.878,800000,800000,800000,800000,0.9200,max,balanced
0.1300,0.3900,0.4800,7.077,2.359,1.917,800000,800000,800000,800000,0.9200,max,balanced
0.1300,0.4000,0.4700,7.077,2.300,1.957,800000,800000,800000,800000,0.9200,max,balanced
0.1300,0.4100,0.4600,7.077,2.244,2.000,800000,800000,800000,800000,0.9200,max,balanced
0.1300,0.4200,0.4500,7.077,2.190,2.044,800000,800000,800000,800000,0.9200,max,balanced
0.1300,0.4300,0.4400,7.077,2.140,2.091,800000,800000,800000,800000,0.9200,good,balanced
0.1300,0.4400,0.4300,7.077,2.091,2.140,800000,800000,800000,800000,0.9200,good,balanced
0.1300,0.4500,0.4200,7.077,2.044,2.190,800000,800000,800000,800000,0.9200,max,balanced
0.1300,0.4600,0.4100,7.077,2.000,2.244,800000,800000,800000,800000,0.9200,max,balanced
0.1300,0.4700,0.4000,7.077,1.957,2.300,800000,800000,800000,800000,0.9200,max,balanced
0.1300,0.4800,0.3900,7.077,1.917,2.359,800000,800000,800000,800000,0.9200,max,balanced
0.1300,0.4900,0.3800,7.077,1.878,2.421,800000,800000,800000,800000,0.9200,max,balanced
0.1300,0.5000,0.3700,7.077,1.840,2.486,800000,800000,800000,800000,0.9200,max,moderate
0.1300,0.5100,0.3600,7.077,1.804,2.556,800000,800000,800000,800000,0.9200,max,moderate
0.1300,0.5200,0.3500,7.077,1.769,2.629,800000,800000,800000,800000,0.9200,good,moderate
0.1300,0.5300,0.3400,7.077,1.736,2.706,800000,800000,800000,800000,0.9200,max,moderate
0.1300,0.5400,0.3300,7.077,1.704,2.788,800000,800000,800000,800000,0.9200,max,moderate
0.1300,0.5500,0.3200,7.077,1.673,2.875,800000,800000,800000,800000,0.9200,max,moderate
0.1300,0.5600,0.3100,7.077,1.643,2.968,800000,800000,800000,800000,0.9200,good,moderate
0.1300,0.5700,0.3000,7.077,1.614,3.067,800000,800000,800000,800000,0.9200,max,moderate
0.1300,0.5800,0.2900,7.077,1.586,3.172,800000,800000,800000,800000,0.9200,good,moderate
0.1300,0.5900,0.2800,7.077,1.559,3.286,800000,800000,800000,800000,0.9200,good,moderate
0.1300,0.6000,0.2700,7.077,1.533,3.407,800000,800000,800000,800000,0.9200,max,moderate
0.1300,0.6100,0.2600,7.077,1.508,3.538,800000,800000,800000,800000,0.9200,max,moderate
0.1300,0.6200,0.2500,7.077,1.484,3.680,800000,800000,800000,800000,0.9200,max,moderate
0.1300,0.6300,0.2400,7.077,1.460,3.833,800000,800000,800000,800000,0.9200,max,moderate
0.1300,0.6400,0.2300,7.077,1.438,4.000,800000,800000,800000,800000,0.9200,max,moderate
0.1300,0.6500,0.2200,7.077,1.415,4.182,800000,800000,800000,800000,0.9200,max,moderate
0.1300,0.6600,0.2100,7.077,1.394,4.381,800000,800000,800000,800000,0.9200,max,moderate
0.1300,0.6700,0.2000,7.077,1.373,4.600,800000,800000,800000,800000,0.9200,max,moderate
0.1300,0.6800,0.1900,7.077,1.353,4.842,800000,800000,800000,800000,0.9200,max,moderate
0.1300,0.6900,0.1800,7.077,1.333,5.111,800000,800000,800000,800000,0.9200,max,moderate
0.1300,0.7000,0.1700,7.077,1.314,5.412,800000,800000,800000,800000,0.9200,good,heavy
0.1300,0.7100,0.1600,7.077,1.296,5.750,800000,800000,800000,800000,0.9200,max,heavy
0.1300,0.7200,0.1500,7.077,1.278,6.133,800000,800000,800000,800000,0.9200,max,heavy
0.1300,0.7300,0.1400,7.077,1.260,6.571,800000,800000,800000,800000,0.9200,good,heavy
0.1300,0.7400,0.1300,7.077,1.243,7.077,800000,800000,800000,800000,0.9200,max,heavy
0.1300,0.7500,0.1200,7.077,1.227,7.667,800000,800000,800000,800000,0.9200,good,heavy
0.1300,0.7600,0.1100,7.077,1.211,8.364,800000,800000,800000,800000,0.9200,max,heavy
0.1300,0.7700,0.1000,7.077,1.195,9.200,800000,800000,800000,800000,0.9200,max,heavy
0.1300,0.7800,0.0900,7.077,1.179,10.222,800000,800000,800000,800000,0.9200,max,heavy
0.1300,0.7900,0.0800,7.077,1.165,11.500,800000,800000,800000,800000,0.9200,max,heavy
0.1300,0.8000,0.0700,7.077,1.150,13.143,800000,800000,800000,800000,0.9200,good,heavy
0.1300,0.8100,0.0600,7.077,1.136,15.333,800000,800000,800000,800000,0.9200,max,heavy
0.1300,0.8200,0.0500,7.077,1.122,18.400,800000,800000,800000,800000,0.9200,max,heavy
0.1300,0.8300,0.0400,7.077,1.108,23.000,800000,800000,800000,800000,0.9200,max,heavy
0.1300,0.8400,0.0300,7.077,1.095,30.667,800000,800000,800000,800000,0.9200,max,heavy
0.1300,0.8500,0.0200,7.077,1.082,46.000,800000,800000,800000,800000,0.9200,good,heavy
0.1300,0.8600,0.0100,7.077,1.070,92.000,800000,800000,800000,800000,0.9200,good,heavy
0.1300,0.8700,0.0000,7.077,1.057,999.000,800000,800000,10000000,800000,0.9200,max,heavy
0.1400,0.0000,0.8600,6.571,999.000,1.070,800000,10000000,800000,800000,0.9200,good,heavy
0.1400,0.0100,0.8500,6.571,92.000,1.082,800000,800000,800000,800000,0.9200,good,heavy
0.1400,0.0200,0.8400,6.571,46.000,1.095,800000,800000,800000,800000,0.9200,good,heavy
0.1400,0.0300,0.8300,6.571,30.667,1.108,800000,800000,800000,800000,0.9200,good,heavy
0.1400,0.0400,0.8200,6.571,23.000,1.122,800000,800000,800000,800000,0.9200,good,heavy
0.1400,0.0500,0.8100,6.571,18.400,1.136,800000,800000,800000,800000,0.9200,good,heavy
0.1400,0.0600,0.8000,6.571,15.333,1.150,800000,800000,800000,800000,0.9200,good,heavy
0.1400,0.0700,0.7900,6.571,13.143,1.165,800000,800000,800000,800000,0.9200,good,heavy
0.1400,0.0800,0.7800,6.571,11.500,1.179,800000,800000,800000,800000,0.9200,good,heavy
0.1400,0.0900,0.7700,6.571,10.222,1.195,800000,800000,800000,800000,0.9200,good,heavy
0.1400,0.1000,0.7600,6.571,9.200,1.211,800000,800000,800000,800000,0.9200,good,heavy
0.1400,0.1100,0.7500,6.571,8.364,1.227,800000,800000,800000,800000,0.9200,good,heavy
0.1400,0.1200,0.7400,6.571,7.667,1.243,800000,800000,800000,800000,0.9200,good,heavy
0.1400,0.1300,0.7300,6.571,7.077,1.260,800000,800000,800000,800000,0.9200,good,heavy
0.1400,0.1400,0.7200,6.571,6.571,1.278,800000,800000,800000,800000,0.9200,good,heavy
0.1400,0.1500,0.7100,6.571,6.133,1.296,800000,800000,800000,800000,0.9200,good,heavy
0.1400,0.1600,0.7000,6.571,5.750,1.314,800000,800000,800000,800000,0.9200,good,heavy
0.1400,0.1700,0.6900,6.571,5.412,1.333,800000,800000,800000,800000,0.9200,good,moderate
0.1400,0.1800,0.6800,6.571,5.111,1.353,800000,800000,800000,800000,0.9200,good,moderate
0.1400,0.1900,0.6700,6.571,4.842,1.373,800000,800000,800000,800000,0.9200,good,moderate
0.1400,0.2000,0.6600,6.571,4.600,1.394,800000,800000,800000,800000,0.9200,good,moderate
0.1400,0.2100,0.6500,6.571,4.381,1.415,800000,800000,800000,800000,0.9200,good,moderate
0.1400,0.2200,0.6400,6.571,4.182,1.438,800000,800000,800000,800000,0.9200,good,moderate
0.1400,0.2300,0.6300,6.571,4.000,1.460,800000,800000,800000,800000,0.9200,good,moderate
0.1400,0.2400,0.6200,6.571,3.833,1.484,800000,800000,800000,800000,0.9200,good,moderate
0.1400,0.2500,0.6100,6.571,3.680,1.508,800000,800000,800000,800000,0.9200,good,moderate
0.1400,0.2600,0.6000,6.571,3.538,1.533,800000,800000,800000,800000,0.9200,good,moderate
0.1400,0.2700,0.5900,6.571,3.407,1.559,800000,800000,800000,800000,0.9200,good,moderate
0.1400,0.2800,0.5800,6.571,3.286,1.586,800000,800000,800000,800000,0.9200,good,moderate
0.1400,0.2900,0.5700,6.571,3.172,1.614,800000,800000,800000,800000,0.9200,good,moderate
0.1400,0.3000,0.5600,6.571,3.067,1.643,800000,800000,800000,800000,0.9200,good,moderate
0.1400,0.3100,0.5500,6.571,2.968,1.673,800000,800000,800000,800000,0.9200,good,moderate
0.1400,0.3200,0.5400,6.571,2.875,1.704,800000,800000,800000,800000,0.9200,good,moderate
0.1400,0.3300,0.5300,6.571,2.788,1.736,800000,800000,800000,800000,0.9200,good,moderate
0.1400,0.3400,0.5200,6.571,2.706,1.769,800000,800000,800000,800000,0.9200,good,moderate
0.1400,0.3500,0.5100,6.571,2.629,1.804,800000,800000,800000,800000,0.9200,good,moderate
0.1400,0.3600,0.5000,6.571,2.556,1.840,800000,800000,800000,800000,0.9200,good,moderate
0.1400,0.3700,0.4900,6.571,2.486,1.878,800000,800000,800000,800000,0.9200,good,balanced
0.1400,0.3800,0.4800,6.571,2.421,1.917,800000,800000,800000,800000,0.9200,good,balanced
0.1400,0.3900,0.4700,6.571,2.359,1.957,800000,800000,800000,800000,0.9200,good,balanced
0.1400,0.4000,0.4600,6.571,2.300,2.000,800000,800000,800000,800000,0.9200,good,balanced
0.1400,0.4100,0.4500,6.571,2.244,2.044,800000,800000,800000,800000,0.9200,good,balanced
0.1400,0.4200,0.4400,6.571,2.190,2.091,800000,800000,800000,800000,0.9200,good,balanced
0.1400,0.4300,0.4300,6.571,2.140,2.140,800000,800000,800000,800000,0.9200,good,balanced
0.1400,0.4400,0.4200,6.571,2.091,2.190,800000,800000,800000,800000,0.9200,good,balanced
0.1400,0.4500,0.4100,6.571,2.044,2.244,800000,800000,800000,800000,0.9200,good,balanced
0.1400,0.4600,0.4000,6.571,2.000,2.300,800000,800000,800000,800000,0.9200,good,balanced
0.1400,0.4700,0.3900,6.571,1.957,2.359,800000,800000,800000,800000,0.9200,good,balanced
0.1400,0.4800,0.3800,6.571,1.917,2.421,800000,800000,800000,800000,0.9200,good,balanced
0.1400,0.4900,0.3700,6.571,1.878,2.486,800000,800000,800000,800000,0.9200,good,balanced
0.1400,0.5000,0.3600,6.571,1.840,2.556,800000,800000,800000,800000,0.9200,good,moderate
0.1400,0.5100,0.3500,6.571,1.804,2.629,800000,800000,800000,800000,0.9200,good,moderate
0.1400,0.5200,0.3400,6.571,1.769,2.706,800000,800000,800000,800000,0.9200,good,moderate
0.1400,0.5300,0.3300,6.571,1.736,2.788,800000,800000,800000,800000,0.9200,good,moderate
0.1400,0.5400,0.3200,6.571,1.704,2.875,800000,800000,800000,800000,0.9200,good,moderate
0.1400,0.5500,0.3100,6.571,1.673,2.968,800000,800000,800000,800000,0.9200,good,moderate
0.1400,0.5600,0.3000,6.571,1.643,3.067,800000,800000,800000,800000,0.9200,good,moderate
0.1400,0.5700,0.2900,6.571,1.614,3.172,800000,800000,800000,800000,0.9200,good,moderate
0.1400,0.5800,0.2800,6.571,1.586,3.286,800000,800000,800000,800000,0.9200,good,moderate
0.1400,0.5900,0.2700,6.571,1.559,3.407,800000,800000,800000,800000,0.9200,good,moderate
0.1400,0.6000,0.2600,6.571,1.533,3.538,800000,800000,800000,800000,0.9200,good,moderate
0.1400,0.6100,0.2500,6.571,1.508,3.680,800000,800000,800000,800000,0.9200,good,moderate
0.1400,0.6200,0.2400,6.571,1.484,3.833,800000,800000,800000,800000,0.9200,good,moderate
0.1400,0.6300,0.2300,6.571,1.460,4.000,800000,800000,800000,800000,0.9200,good,moderate
0.1400,0.6400,0.2200,6.571,1.438,4.182,800000,800000,800000,800000,0.9200,good,moderate
0.1400,0.6500,0.2100,6.571,1.415,4.381,800000,800000,800000,800000,0.9200,good,moderate
0.1400,0.6600,0.2000,6.571,1.394,4.600,800000,800000,800000,800000,0.9200,good,moderate
0.1400,0.6700,0.1900,6.571,1.373,4.842,800000,800000,800000,800000,0.9200,good,moderate
0.1400,0.6800,0.1800,6.571,1.353,5.111,800000,800000,800000,800000,0.9200,good,moderate
0.1400,0.6900,0.1700,6.571,1.333,5.412,800000,800000,800000,800000,0.9200,good,moderate
0.1400,0.7000,0.1600,6.571,1.314,5.750,800000,800000,800000,800000,0.9200,good,heavy
0.1400,0.7100,0.1500,6.571,1.296,6.133,800000,800000,800000,800000,0.9200,good,heavy
0.1400,0.7200,0.1400,6.571,1.278,6.571,800000,800000,800000,800000,0.9200,good,heavy
0.1400,0.7300,0.1300,6.571,1.260,7.077,800000,800000,800000,800000,0.9200,good,heavy
0.1400,0.7400,0.1200,6.571,1.243,7.667,800000,800000,800000,800000,0.9200,good,heavy
0.1400,0.7500,0.1100,6.571,1.227,8.364,800000,800000,800000,800000,0.9200,good,heavy
0.1400,0.7600,0.1000,6.571,1.211,9.200,800000,800000,800000,800000,0.9200,good,heavy
0.1400,0.7700,0.0900,6.571,1.195,10.222,800000,800000,800000,800000,0.9200,good,heavy
0.1400,0.7800,0.0800,6.571,1.179,11.500,800000,800000,800000,800000,0.9200,good,heavy
0.1400,0.7900,0.0700,6.571,1.165,13.143,800000,800000,800000,800000,0.9200,good,heavy
0.1400,0.8000,0.0600,6.571,1.150,15.333,800000,800000,800000,800000,0.9200,good,heavy
0.1400,0.8100,0.0500,6.571,1.136,18.400,800000,800000,800000,800000,0.9200,good,heavy
0.1400,0.8200,0.0400,6.571,1.122,23.000,800000,800000,800000,800000,0.9200,good,heavy
0.1400,0.8300,0.0300,6.571,1.108,30.667,800000,800000,800000,800000,0.9200,good,heavy
0.1400,0.8400,0.0200,6.571,1.095,46.000,800000,800000,800000,800000,0.9200,good,heavy
0.1400,0.8500,0.0100,6.571,1.082,92.000,800000,800000,800000,800000,0.9200,good,heavy
0.1400,0.8600,0.0000,6.571,1.070,999.000,800000,800000,10000000,800000,0.9200,good,heavy
0.1500,0.0000,0.8500,6.133,999.000,1.082,800000,10000000,800000,800000,0.9200,good,heavy
0.1500,0.0100,0.8400,6.133,92.000,1.095,800000,800000,800000,800000,0.9200,max,heavy
0.1500,0.0200,0.8300,6.133,46.000,1.108,800000,800000,800000,800000,0.9200,max,heavy
0.1500,0.0300,0.8200,6.133,30.667,1.122,800000,800000,800000,800000,0.9200,max,heavy
0.1500,0.0400,0.8100,6.133,23.000,1.136,800000,800000,800000,800000,0.9200,max,heavy
0.1500,0.0500,0.8000,6.133,18.400,1.150,800000,800000,800000,800000,0.9200,max,heavy
0.1500,0.0600,0.7900,6.133,15.333,1.165,800000,800000,800000,800000,0.9200,max,heavy
0.1500,0.0700,0.7800,6.133,13.143,1.179,800000,800000,800000,800000,0.9200,good,heavy
0.1500,0.0800,0.7700,6.133,11.500,1.195,800000,800000,800000,800000,0.9200,max,heavy
0.1500,0.0900,0.7600,6.133,10.222,1.211,800000,800000,800000,800000,0.9200,max,heavy
0.1500,0.1000,0.7500,6.133,9.200,1.227,800000,800000,800000,800000,0.9200,good,heavy
0.1500,0.1100,0.7400,6.133,8.364,1.243,800000,800000,800000,800000,0.9200,max,heavy
0.1500,0.1200,0.7300,6.133,7.667,1.260,800000,800000,800000,800000,0.9200,good,heavy
0.1500,0.1300,0.7200,6.133,7.077,1.278,800000,800000,800000,800000,0.9200,max,heavy
0.1500,0.1400,0.7100,6.133,6.571,1.296,800000,800000,800000,800000,0.9200,good,heavy
0.1500,0.1500,0.7000,6.133,6.133,1.314,800000,800000,800000,800000,0.9200,good,heavy
0.1500,0.1600,0.6900,6.133,5.750,1.333,800000,800000,800000,800000,0.9200,max,moderate
0.1500,0.1700,0.6800,6.133,5.412,1.353,800000,800000,800000,800000,0.9200,max,moderate
0.1500,0.1800,0.6700,6.133,5.111,1.373,800000,800000,800000,800000,0.9200,max,moderate
0.1500,0.1900,0.6600,6.133,4.842,1.394,800000,800000,800000,800000,0.9200,max,moderate
0.1500,0.2000,0.6500,6.133,4.600,1.415,800000,800000,800000,800000,0.9200,max,moderate
0.1500,0.2100,0.6400,6.133,4.381,1.438,800000,800000,800000,800000,0.9200,max,moderate
0.1500,0.2200,0.6300,6.133,4.182,1.460,800000,800000,800000,800000,0.9200,max,moderate
0.1500,0.2300,0.6200,6.133,4.000,1.484,800000,800000,800000,800000,0.9200,max,moderate
0.1500,0.2400,0.6100,6.133,3.833,1.508,800000,800000,800000,800000,0.9200,max,moderate
0.1500,0.2500,0.6000,6.133,3.680,1.533,800000,800000,800000,800000,0.9200,max,moderate
0.1500,0.2600,0.5900,6.133,3.538,1.559,800000,800000,800000,800000,0.9200,max,moderate
0.1500,0.2700,0.5800,6.133,3.407,1.586,800000,800000,800000,800000,0.9200,good,moderate
0.1500,0.2800,0.5700,6.133,3.286,1.614,800000,800000,800000,800000,0.9200,good,moderate
0.1500,0.2900,0.5600,6.133,3.172,1.643,800000,800000,800000,800000,0.9200,good,moderate
0.1500,0.3000,0.5500,6.133,3.067,1.673,800000,800000,800000,800000,0.9200,max,moderate
0.1500,0.3100,0.5400,6.133,2.968,1.704,800000,800000,800000,800000,0.9200,max,moderate
0.1500,0.3200,0.5300,6.133,2.875,1.736,800000,800000,800000,800000,0.9200,max,moderate
0.1500,0.3300,0.5200,6.133,2.788,1.769,800000,800000,800000,800000,0.9200,max,moderate
0.1500,0.3400,0.5100,6.133,2.706,1.804,800000,800000,800000,800000,0.9200,max,moderate
0.1500,0.3500,0.5000,6.133,2.629,1.840,800000,800000,800000,800000,0.9200,good,moderate
0.1500,0.3600,0.4900,6.133,2.556,1.878,800000,800000,800000,800000,0.9200,max,balanced
0.1500,0.3700,0.4800,6.133,2.486,1.917,800000,800000,800000,800000,0.9200,max,balanced
0.1500,0.3800,0.4700,6.133,2.421,1.957,800000,800000,800000,800000,0.9200,max,balanced
0.1500,0.3900,0.4600,6.133,2.359,2.000,800000,800000,800000,800000,0.9200,max,balanced
0.1500,0.4000,0.4500,6.133,2.300,2.044,800000,800000,800000,800000,0.9200,max,balanced
0.1500,0.4100,0.4400,6.133,2.244,2.091,800000,800000,800000,800000,0.9200,max,balanced
0.1500,0.4200,0.4300,6.133,2.190,2.140,800000,800000,800000,800000,0.9200,good,balanced
0.1500,0.4300,0.4200,6.133,2.140,2.190,800000,800000,800000,800000,0.9200,good,balanced
0.1500,0.4400,0.4100,6.133,2.091,2.244,800000,800000,800000,800000,0.9200,max,balanced
0.1500,0.4500,0.4000,6.133,2.044,2.300,800000,800000,800000,800000,0.9200,max,balanced
0.1500,0.4600,0.3900,6.133,2.000,2.359,800000,800000,800000,800000,0.9200,max,balanced
0.1500,0.4700,0.3800,6.133,1.957,2.421,800000,800000,800000,800000,0.9200,max,balanced
0.1500,0.4800,0.3700,6.133,1.917,2.486,800000,800000,800000,800000,0.9200,max,balanced
0.1500,0.4900,0.3600,6.133,1.878,2.556,800000,800000,800000,800000,0.9200,max,balanced
0.1500,0.5000,0.3500,6.133,1.840,2.629,800000,800000,800000,800000,0.9200,good,moderate
0.1500,0.5100,0.3400,6.133,1.804,2.706,800000,800000,800000,800000,0.9200,max,moderate
0.1500,0.5200,0.3300,6.133,1.769,2.788,800000,800000,800000,800000,0.9200,max,moderate
0.1500,0.5300,0.3200,6.133,1.736,2.875,800000,800000,800000,800000,0.9200,max,moderate
0.1500,0.5400,0.3100,6.133,1.704,2.968,800000,800000,800000,800000,0.9200,max,moderate
0.1500,0.5500,0.3000,6.133,1.673,3.067,800000,800000,800000,800000,0.9200,max,moderate
0.1500,0.5600,0.2900,6.133,1.643,3.172,800000,800000,800000,800000,0.9200,good,moderate
0.1500,0.5700,0.2800,6.133,1.614,3.286,800000,800000,800000,800000,0.9200,good,moderate
0.1500,0.5800,0.2700,6.133,1.586,3.407,800000,800000,800000,800000,0.9200,good,moderate
0.1500,0.5900,0.2600,6.133,1.559,3.538,800000,800000,800000,800000,0.9200,max,moderate
0.1500,0.6000,0.2500,6.133,1.533,3.680,800000,800000,800000,800000,0.9200,max,moderate
0.1500,0.6100,0.2400,6.133,1.508,3.833,800000,800000,800000,800000,0.9200,max,moderate
0.1500,0.6200,0.2300,6.133,1.484,4.000,800000,800000,800000,800000,0.9200,max,moderate
0.1500,0.6300,0.2200,6.133,1.460,4.182,800000,800000,800000,800000,0.9200,max,moderate
0.1500,0.6400,0.2100,6.133,1.438,4.381,800000,800000,800000,800000,0.9200,max,moderate
0.1500,0.6500,0.2000,6.133,1.415,4.600,800000,800000,800000,800000,0.9200,max,moderate
0.1500,0.6600,0.1900,6.133,1.394,4.842,800000,800000,800000,800000,0.9200,max,moderate
0.1500,0.6700,0.1800,6.133,1.373,5.111,800000,800000,800000,800000,0.9200,max,moderate
0.1500,0.6800,0.1700,6.133,1.353,5.412,800000,800000,800000,800000,0.9200,max,moderate
0.1500,0.6900,0.1600,6.133,1.333,5.750,800000,800000,800000,800000,0.9200,max,moderate
0.1500,0.7000,0.1500,6.133,1.314,6.133,800000,800000,800000,800000,0.9200,good,heavy
0.1500,0.7100,0.1400,6.133,1.296,6.571,800000,800000,800000,800000,0.9200,good,heavy
0.1500,0.7200,0.1300,6.133,1.278,7.077,800000,800000,800000,800000,0.9200,max,heavy
0.1500,0.7300,0.1200,6.133,1.260,7.667,800000,800000,800000,800000,0.9200,good,heavy
0.1500,0.7400,0.1100,6.133,1.243,8.364,800000,800000,800000,800000,0.9200,max,heavy
0.1500,0.7500,0.1000,6.133,1.227,9.200,800000,800000,800000,800000,0.9200,good,heavy
0.1500,0.7600,0.0900,6.133,1.211,10.222,800000,800000,800000,800000,0.9200,max,heavy
0.1500,0.7700,0.0800,6.133,1.195,11.500,800000,800000,800000,800000,0.9200,max,heavy
0.1500,0.7800,0.0700,6.133,1.179,13.143,800000,800000,800000,800000,0.9200,good,heavy
0.1500,0.7900,0.0600,6.133,1.165,15.333,800000,800000,800000,800000,0.9200,max,heavy
0.1500,0.8000,0.0500,6.133,1.150,18.400,800000,800000,800000,800000,0.9200,max,heavy
0.1500,0.8100,0.0400,6.133,1.136,23.000,800000,800000,800000,800000,0.9200,max,heavy
0.1500,0.8200,0.0300,6.133,1.122,30.667,800000,800000,800000,800000,0.9200,max,heavy
0.1500,0.8300,0.0200,6.133,1.108,46.000,800000,800000,800000,800000,0.9200,max,heavy
0.1500,0.8400,0.0100,6.133,1.095,92.000,800000,800000,800000,800000,0.9200,max,heavy
0.1500,0.8500,0.0000,6.133,1.082,999.000,800000,800000,10000000,800000,0.9200,good,heavy
0.1600,0.0000,0.8400,5.750,999.000,1.095,800000,10000000,800000,800000,0.9200,max,heavy
0.1600,0.0100,0.8300,5.750,92.000,1.108,800000,800000,800000,800000,0.9200,max,heavy
0.1600,0.0200,0.8200,5.750,46.000,1.122,800000,800000,800000,800000,0.9200,max,heavy
0.1600,0.0300,0.8100,5.750,30.667,1.136,800000,800000,800000,800000,0.9200,max,heavy
0.1600,0.0400,0.8000,5.750,23.000,1.150,800000,800000,800000,800000,0.9200,max,heavy
0.1600,0.0500,0.7900,5.750,18.400,1.165,800000,800000,800000,800000,0.9200,max,heavy
0.1600,0.0600,0.7800,5.750,15.333,1.179,800000,800000,800000,800000,0.9200,max,heavy
0.1600,0.0700,0.7700,5.750,13.143,1.195,800000,800000,800000,800000,0.9200,good,heavy
0.1600,0.0800,0.7600,5.750,11.500,1.211,800000,800000,800000,800000,0.9200,max,heavy
0.1600,0.0900,0.7500,5.750,10.222,1.227,800000,800000,800000,800000,0.9200,good,heavy
0.1600,0.1000,0.7400,5.750,9.200,1.243,800000,800000,800000,800000,0.9200,max,heavy
0.1600,0.1100,0.7300,5.750,8.364,1.260,800000,800000,800000,800000,0.9200,good,heavy
0.1600,0.1200,0.7200,5.750,7.667,1.278,800000,800000,800000,800000,0.9200,max,heavy
0.1600,0.1300,0.7100,5.750,7.077,1.296,800000,800000,800000,800000,0.9200,max,heavy
0.1600,0.1400,0.7000,5.750,6.571,1.314,800000,800000,800000,800000,0.9200,good,heavy
0.1600,0.1500,0.6900,5.750,6.133,1.333,800000,800000,800000,800000,0.9200,max,moderate
0.1600,0.1600,0.6800,5.750,5.750,1.353,800000,800000,800000,800000,0.9200,max,moderate
0.1600,0.1700,0.6700,5.750,5.412,1.373,800000,800000,800000,800000,0.9200,max,moderate
0.1600,0.1800,0.6600,5.750,5.111,1.394,800000,800000,800000,800000,0.9200,max,moderate
0.1600,0.1900,0.6500,5.750,4.842,1.415,800000,800000,800000,800000,0.9200,max,moderate
0.1600,0.2000,0.6400,5.750,4.600,1.438,800000,800000,800000,800000,0.9200,max,moderate
0.1600,0.2100,0.6300,5.750,4.381,1.460,800000,800000,800000,800000,0.9200,max,moderate
0.1600,0.2200,0.6200,5.750,4.182,1.484,800000,800000,800000,800000,0.9200,max,moderate
0.1600,0.2300,0.6100,5.750,4.000,1.508,800000,800000,800000,800000,0.9200,max,moderate
0.1600,0.2400,0.6000,5.750,3.833,1.533,800000,800000,800000,800000,0.9200,max,moderate
0.1600,0.2500,0.5900,5.750,3.680,1.559,800000,800000,800000,800000,0.9200,max,moderate
0.1600,0.2600,0.5800,5.750,3.538,1.586,800000,800000,800000,800000,0.9200,good,moderate
0.1600,0.2700,0.5700,5.750,3.407,1.614,800000,800000,800000,800000,0.9200,max,moderate
0.1600,0.2800,0.5600,5.750,3.286,1.643,800000,800000,800000,800000,0.9200,good,moderate
0.1600,0.2900,0.5500,5.750,3.172,1.673,800000,800000,800000,800000,0.9200,good,moderate
0.1600,0.3000,0.5400,5.750,3.067,1.704,800000,800000,800000,800000,0.9200,max,moderate
0.1600,0.3100,0.5300,5.750,2.968,1.736,800000,800000,800000,800000,0.9200,max,moderate
0.1600,0.3200,0.5200,5.750,2.875,1.769,800000,800000,800000,800000,0.9200,max,moderate
0.1600,0.3300,0.5100,5.750,2.788,1.804,800000,800000,800000,800000,0.9200,max,moderate
0.1600,0.3400,0.5000,5.750,2.706,1.840,800000,800000,800000,800000,0.9200,max,moderate
0.1600,0.3500,0.4900,5.750,2.629,1.878,800000,800000,800000,800000,0.9200,good,balanced
0.1600,0.3600,0.4800,5.750,2.556,1.917,800000,800000,800000,800000,0.9200,max,balanced
0.1600,0.3700,0.4700,5.750,2.486,1.957,800000,800000,800000,800000,0.9200,max,balanced
0.1600,0.3800,0.4600,5.750,2.421,2.000,800000,800000,800000,800000,0.9200,max,balanced
0.1600,0.3900,0.4500,5.750,2.359,2.044,800000,800000,800000,800000,0.9200,max,balanced
0.1600,0.4000,0.4400,5.750,2.300,2.091,800000,800000,800000,800000,0.9200,max,balanced
0.1600,0.4100,0.4300,5.750,2.244,2.140,800000,800000,800000,800000,0.9200,good,balanced
0.1600,0.4200,0.4200,5.750,2.190,2.190,800000,800000,800000,800000,0.9200,max,balanced
0.1600,0.4300,0.4100,5.750,2.140,2.244,800000,800000,800000,800000,0.9200,good,balanced
0.1600,0.4400,0.4000,5.750,2.091,2.300,800000,800000,800000,800000,0.9200,max,balanced
0.1600,0.4500,0.3900,5.750,2.044,2.359,800000,800000,800000,800000,0.9200,max,balanced
0.1600,0.4600,0.3800,5.750,2.000,2.421,800000,800000,800000,800000,0.9200,max,balanced
0.1600,0.4700,0.3700,5.750,1.957,2.486,800000,800000,800000,800000,0.9200,max,balanced
0.1600,0.4800,0.3600,5.750,1.917,2.556,800000,800000,800000,800000,0.9200,max,balanced
0.1600,0.4900,0.3500,5.750,1.878,2.629,800000,800000,800000,800000,0.9200,good,balanced
0.1600,0.5000,0.3400,5.750,1.840,2.706,800000,800000,800000,800000,0.9200,max,moderate
0.1600,0.5100,0.3300,5.750,1.804,2.788,800000,800000,800000,800000,0.9200,max,moderate
0.1600,0.5200,0.3200,5.750,1.769,2.875,800000,800000,800000,800000,0.9200,max,moderate
0.1600,0.5300,0.3100,5.750,1.736,2.968,800000,800000,800000,800000,0.9200,max,moderate
0.1600,0.5400,0.3000,5.750,1.704,3.067,800000,800000,800000,800000,0.9200,max,moderate
0.1600,0.5500,0.2900,5.750,1.673,3.172,800000,800000,800000,800000,0.9200,good,moderate
0.1600,0.5600,0.2800,5.750,1.643,3.286,800000,800000,800000,800000,0.9200,good,moderate
0.1600,0.5700,0.2700,5.750,1.614,3.407,800000,800000,800000,800000,0.9200,max,moderate
0.1600,0.5800,0.2600,5.750,1.586,3.538,800000,800000,800000,800000,0.9200,good,moderate
0.1600,0.5900,0.2500,5.750,1.559,3.680,800000,800000,800000,800000,0.9200,max,moderate
0.1600,0.6000,0.2400,5.750,1.533,3.833,800000,800000,800000,800000,0.9200,max,moderate
0.1600,0.6100,0.2300,5.750,1.508,4.000,800000,800000,800000,800000,0.9200,max,moderate
0.1600,0.6200,0.2200,5.750,1.484,4.182,800000,800000,800000,800000,0.9200,max,moderate
0.1600,0.6300,0.2100,5.750,1.460,4.381,800000,800000,800000,800000,0.9200,max,moderate
0.1600,0.6400,0.2000,5.750,1.438,4.600,800000,800000,800000,800000,0.9200,max,moderate
0.1600,0.6500,0.1900,5.750,1.415,4.842,800000,800000,800000,800000,0.9200,max,moderate
0.1600,0.6600,0.1800,5.750,1.394,5.111,800000,800000,800000,800000,0.9200,max,moderate
0.1600,0.6700,0.1700,5.750,1.373,5.412,800000,800000,800000,800000,0.9200,max,moderate
0.1600,0.6800,0.1600,5.750,1.353,5.750,800000,800000,800000,800000,0.9200,max,moderate
0.1600,0.6900,0.1500,5.750,1.333,6.133,800000,800000,800000,800000,0.9200,max,moderate
0.1600,0.7000,0.1400,5.750,1.314,6.571,800000,800000,800000,800000,0.9200,good,heavy
0.1600,0.7100,0.1300,5.750,1.296,7.077,800000,800000,800000,800000,0.9200,max,heavy
0.1600,0.7200,0.1200,5.750,1.278,7.667,800000,800000,800000,800000,0.9200,max,heavy
0.1600,0.7300,0.1100,5.750,1.260,8.364,800000,800000,800000,800000,0.9200,good,heavy
0.1600,0.7400,0.1000,5.750,1.243,9.200,800000,800000,800000,800000,0.9200,max,heavy
0.1600,0.7500,0.0900,5.750,1.227,10.222,800000,800000,800000,800000,0.9200,good,heavy
0.1600,0.7600,0.0800,5.750,1.211,11.500,800000,800000,800000,800000,0.9200,max,heavy
0.1600,0.7700,0.0700,5.750,1.195,13.143,800000,800000,800000,800000,0.9200,good,heavy
0.1600,0.7800,0.0600,5.750,1.179,15.333,800000,800000,800000,800000,0.9200,max,heavy
0.1600,0.7900,0.0500,5.750,1.165,18.400,800000,800000,800000,800000,0.9200,max,heavy
0.1600,0.8000,0.0400,5.750,1.150,23.000,800000,800000,800000,800000,0.9200,max,heavy
0.1600,0.8100,0.0300,5.750,1.136,30.667,800000,800000,800000,800000,0.9200,max,heavy
0.1600,0.8200,0.0200,5.750,1.122,46.000,800000,800000,800000,800000,0.9200,max,heavy
0.1600,0.8300,0.0100,5.750,1.108,92.000,800000,800000,800000,800000,0.9200,max,heavy
0.1600,0.8400,0.0000,5.750,1.095,999.000,800000,800000,10000000,800000,0.9200,max,heavy
0.1700,0.0000,0.8300,5.412,999.000,1.108,800000,10000000,800000,800000,0.9200,max,heavy
0.1700,0.0100,0.8200,5.412,92.000,1.122,800000,800000,800000,800000,0.9200,max,heavy
0.1700,0.0200,0.8100,5.412,46.000,1.136,800000,800000,800000,800000,0.9200,max,heavy
0.1700,0.0300,0.8000,5.412,30.667,1.150,800000,800000,800000,800000,0.9200,max,heavy
0.1700,0.0400,0.7900,5.412,23.000,1.165,800000,800000,800000,800000,0.9200,max,heavy
0.1700,0.0500,0.7800,5.412,18.400,1.179,800000,800000,800000,800000,0.9200,max,heavy
0.1700,0.0600,0.7700,5.412,15.333,1.195,800000,800000,800000,800000,0.9200,max,heavy
0.1700,0.0700,0.7600,5.412,13.143,1.211,800000,800000,800000,800000,0.9200,good,heavy
0.1700,0.0800,0.7500,5.412,11.500,1.227,800000,800000,800000,800000,0.9200,good,heavy
0.1700,0.0900,0.7400,5.412,10.222,1.243,800000,800000,800000,800000,0.9200,max,heavy
0.1700,0.1000,0.7300,5.412,9.200,1.260,800000,800000,800000,800000,0.9200,good,heavy
0.1700,0.1100,0.7200,5.412,8.364,1.278,800000,800000,800000,800000,0.9200,max,heavy
0.1700,0.1200,0.7100,5.412,7.667,1.296,800000,800000,800000,800000,0.9200,max,heavy
0.1700,0.1300,0.7000,5.412,7.077,1.314,800000,800000,800000,800000,0.9200,good,heavy
0.1700,0.1400,0.6900,5.412,6.571,1.333,800000,800000,800000,800000,0.9200,good,moderate
0.1700,0.1500,0.6800,5.412,6.133,1.353,800000,800000,800000,800000,0.9200,max,moderate
0.1700,0.1600,0.6700,5.412,5.750,1.373,800000,800000,800000,800000,0.9200,max,moderate
0.1700,0.1700,0.6600,5.412,5.412,1.394,800000,800000,800000,800000,0.9200,max,moderate
0.1700,0.1800,0.6500,5.412,5.111,1.415,800000,800000,800000,800000,0.9200,max,moderate
0.1700,0.1900,0.6400,5.412,4.842,1.438,800000,800000,800000,800000,0.9200,max,moderate
0.1700,0.2000,0.6300,5.412,4.600,1.460,800000,800000,800000,800000,0.9200,max,moderate
0.1700,0.2100,0.6200,5.412,4.381,1.484,800000,800000,800000,800000,0.9200,max,moderate
0.1700,0.2200,0.6100,5.412,4.182,1.508,800000,800000,800000,800000,0.9200,max,moderate
0.1700,0.2300,0.6000,5.412,4.000,1.533,800000,800000,800000,800000,0.9200,max,moderate
0.1700,0.2400,0.5900,5.412,3.833,1.559,800000,800000,800000,800000,0.9200,max,moderate
0.1700,0.2500,0.5800,5.412,3.680,1.586,800000,800000,800000,800000,0.9200,good,moderate
0.1700,0.2600,0.5700,5.412,3.538,1.614,800000,800000,800000,800000,0.9200,max,moderate
0.1700,0.2700,0.5600,5.412,3.407,1.643,800000,800000,800000,800000,0.9200,good,moderate
0.1700,0.2800,0.5500,5.412,3.286,1.673,800000,800000,800000,800000,0.9200,good,moderate
0.1700,0.2900,0.5400,5.412,3.172,1.704,800000,800000,800000,800000,0.9200,good,moderate
0.1700,0.3000,0.5300,5.412,3.067,1.736,800000,800000,800000,800000,0.9200,max,moderate
0.1700,0.3100,0.5200,5.412,2.968,1.769,800000,800000,800000,800000,0.9200,max,moderate
0.1700,0.3200,0.5100,5.412,2.875,1.804,800000,800000,800000,800000,0.9200,max,moderate
0.1700,0.3300,0.5000,5.412,2.788,1.840,800000,800000,800000,800000,0.9200,max,moderate
0.1700,0.3400,0.4900,5.412,2.706,1.878,800000,800000,800000,800000,0.9200,max,balanced
0.1700,0.3500,0.4800,5.412,2.629,1.917,800000,800000,800000,800000,0.9200,good,balanced
0.1700,0.3600,0.4700,5.412,2.556,1.957,800000,800000,800000,800000,0.9200,max,balanced
0.1700,0.3700,0.4600,5.412,2.486,2.000,800000,800000,800000,800000,0.9200,max,balanced
0.1700,0.3800,0.4500,5.412,2.421,2.044,800000,800000,800000,800000,0.9200,max,balanced
0.1700,0.3900,0.4400,5.412,2.359,2.091,800000,800000,800000,800000,0.9200,max,balanced
0.1700,0.4000,0.4300,5.412,2.300,2.140,800000,800000,800000,800000,0.9200,good,balanced
0.1700,0.4100,0.4200,5.412,2.244,2.190,800000,800000,800000,800000,0.9200,max,balanced
0.1700,0.4200,0.4100,5.412,2.190,2.244,800000,800000,800000,800000,0.9200,max,balanced
0.1700,0.4300,0.4000,5.412,2.140,2.300,800000,800000,800000,800000,0.9200,good,balanced
0.1700,0.4400,0.3900,5.412,2.091,2.359,800000,800000,800000,800000,0.9200,max,balanced
0.1700,0.4500,0.3800,5.412,2.044,2.421,800000,800000,800000,800000,0.9200,max,balanced
0.1700,0.4600,0.3700,5.412,2.000,2.486,800000,800000,800000,800000,0.9200,max,balanced
0.1700,0.4700,0.3600,5.412,1.957,2.556,800000,800000,800000,800000,0.9200,max,balanced
0.1700,0.4800,0.3500,5.412,1.917,2.629,800000,800000,800000,800000,0.9200,good,balanced
0.1700,0.4900,0.3400,5.412,1.878,2.706,800000,800000,800000,800000,0.9200,max,balanced
0.1700,0.5000,0.3300,5.412,1.840,2.788,800000,800000,800000,800000,0.9200,max,moderate
0.1700,0.5100,0.3200,5.412,1.804,2.875,800000,800000,800000,800000,0.9200,max,moderate
0.1700,0.5200,0.3100,5.412,1.769,2.968,800000,800000,800000,800000,0.9200,max,moderate
0.1700,0.5300,0.3000,5.412,1.736,3.067,800000,800000,800000,800000,0.9200,max,moderate
0.1700,0.5400,0.2900,5.412,1.704,3.172,800000,800000,800000,800000,0.9200,good,moderate
0.1700,0.5500,0.2800,5.412,1.673,3.286,800000,800000,800000,800000,0.9200,good,moderate
0.1700,0.5600,0.2700,5.412,1.643,3.407,800000,800000,800000,800000,0.9200,good,moderate
0.1700,0.5700,0.2600,5.412,1.614,3.538,800000,800000,800000,800000,0.9200,max,moderate
0.1700,0.5800,0.2500,5.412,1.586,3.680,800000,800000,800000,800000,0.9200,good,moderate
0.1700,0.5900,0.2400,5.412,1.559,3.833,800000,800000,800000,800000,0.9200,max,moderate
0.1700,0.6000,0.2300,5.412,1.533,4.000,800000,800000,800000,800000,0.9200,max,moderate
0.1700,0.6100,0.2200,5.412,1.508,4.182,800000,800000,800000,800000,0.9200,max,moderate
0.1700,0.6200,0.2100,5.412,1.484,4.381,800000,800000,800000,800000,0.9200,max,moderate
0.1700,0.6300,0.2000,5.412,1.460,4.600,800000,800000,800000,800000,0.9200,max,moderate
0.1700,0.6400,0.1900,5.412,1.438,4.842,800000,800000,800000,800000,0.9200,max,moderate
0.1700,0.6500,0.1800,5.412,1.415,5.111,800000,800000,800000,800000,0.9200,max,moderate
0.1700,0.6600,0.1700,5.412,1.394,5.412,800000,800000,800000,800000,0.9200,max,moderate
0.1700,0.6700,0.1600,5.412,1.373,5.750,800000,800000,800000,800000,0.9200,max,moderate
0.1700,0.6800,0.1500,5.412,1.353,6.133,800000,800000,800000,800000,0.9200,max,moderate
0.1700,0.6900,0.1400,5.412,1.333,6.571,800000,800000,800000,800000,0.9200,good,moderate
0.1700,0.7000,0.1300,5.412,1.314,7.077,800000,800000,800000,800000,0.9200,good,heavy
0.1700,0.7100,0.1200,5.412,1.296,7.667,800000,800000,800000,800000,0.9200,max,heavy
0.1700,0.7200,0.1100,5.412,1.278,8.364,800000,800000,800000,800000,0.9200,max,heavy
0.1700,0.7300,0.1000,5.412,1.260,9.200,800000,800000,800000,800000,0.9200,good,heavy
0.1700,0.7400,0.0900,5.412,1.243,10.222,800000,800000,800000,800000,0.9200,max,heavy
0.1700,0.7500,0.0800,5.412,1.227,11.500,800000,800000,800000,800000,0.9200,good,heavy
0.1700,0.7600,0.0700,5.412,1.211,13.143,800000,800000,800000,800000,0.9200,good,heavy
0.1700,0.7700,0.0600,5.412,1.195,15.333,800000,800000,800000,800000,0.9200,max,heavy
0.1700,0.7800,0.0500,5.412,1.179,18.400,800000,800000,800000,800000,0.9200,max,heavy
0.1700,0.7900,0.0400,5.412,1.165,23.000,800000,800000,800000,800000,0.9200,max,heavy
0.1700,0.8000,0.0300,5.412,1.150,30.667,800000,800000,800000,800000,0.9200,max,heavy
0.1700,0.8100,0.0200,5.412,1.136,46.000,800000,800000,800000,800000,0.9200,max,heavy
0.1700,0.8200,0.0100,5.412,1.122,92.000,800000,800000,800000,800000,0.9200,max,heavy
0.1700,0.8300,0.0000,5.412,1.108,999.000,800000,800000,10000000,800000,0.9200,max,heavy
0.1800,0.0000,0.8200,5.111,999.000,1.122,800000,10000000,800000,800000,0.9200,max,heavy
0.1800,0.0100,0.8100,5.111,92.000,1.136,800000,800000,800000,800000,0.9200,max,heavy
0.1800,0.0200,0.8000,5.111,46.000,1.150,800000,800000,800000,800000,0.9200,max,heavy
0.1800,0.0300,0.7900,5.111,30.667,1.165,800000,800000,800000,800000,0.9200,max,heavy
0.1800,0.0400,0.7800,5.111,23.000,1.179,800000,800000,800000,800000,0.9200,max,heavy
0.1800,0.0500,0.7700,5.111,18.400,1.195,800000,800000,800000,800000,0.9200,max,heavy
0.1800,0.0600,0.7600,5.111,15.333,1.211,800000,800000,800000,800000,0.9200,max,heavy
0.1800,0.0700,0.7500,5.111,13.143,1.227,800000,800000,800000,800000,0.9200,good,heavy
0.1800,0.0800,0.7400,5.111,11.500,1.243,800000,800000,800000,800000,0.9200,max,heavy
0.1800,0.0900,0.7300,5.111,10.222,1.260,800000,800000,800000,800000,0.9200,good,heavy
0.1800,0.1000,0.7200,5.111,9.200,1.278,800000,800000,800000,800000,0.9200,max,heavy
0.1800,0.1100,0.7100,5.111,8.364,1.296,800000,800000,800000,800000,0.9200,max,heavy
0.1800,0.1200,0.7000,5.111,7.667,1.314,800000,800000,800000,800000,0.9200,good,heavy
0.1800,0.1300,0.6900,5.111,7.077,1.333,800000,800000,800000,800000,0.9200,max,moderate
0.1800,0.1400,0.6800,5.111,6.571,1.353,800000,800000,800000,800000,0.9200,good,moderate
0.1800,0.1500,0.6700,5.111,6.133,1.373,800000,800000,800000,800000,0.9200,max,moderate
0.1800,0.1600,0.6600,5.111,5.750,1.394,800000,800000,800000,800000,0.9200,max,moderate
0.1800,0.1700,0.6500,5.111,5.412,1.415,800000,800000,800000,800000,0.9200,max,moderate
0.1800,0.1800,0.6400,5.111,5.111,1.438,800000,800000,800000,800000,0.9200,max,moderate
0.1800,0.1900,0.6300,5.111,4.842,1.460,800000,800000,800000,800000,0.9200,max,moderate
0.1800,0.2000,0.6200,5.111,4.600,1.484,800000,800000,800000,800000,0.9200,max,moderate
0.1800,0.2100,0.6100,5.111,4.381,1.508,800000,800000,800000,800000,0.9200,max,moderate
0.1800,0.2200,0.6000,5.111,4.182,1.533,800000,800000,800000,800000,0.9200,max,moderate
0.1800,0.2300,0.5900,5.111,4.000,1.559,800000,800000,800000,800000,0.9200,max,moderate
0.1800,0.2400,0.5800,5.111,3.833,1.586,800000,800000,800000,800000,0.9200,good,moderate
0.1800,0.2500,0.5700,5.111,3.680,1.614,800000,800000,800000,800000,0.9200,max,moderate
0.1800,0.2600,0.5600,5.111,3.538,1.643,800000,800000,800000,800000,0.9200,good,moderate
0.1800,0.2700,0.5500,5.111,3.407,1.673,800000,800000,800000,800000,0.9200,max,moderate
0.1800,0.2800,0.5400,5.111,3.286,1.704,800000,800000,800000,800000,0.9200,good,moderate
0.1800,0.2900,0.5300,5.111,3.172,1.736,800000,800000,800000,800000,0.9200,good,moderate
0.1800,0.3000,0.5200,5.111,3.067,1.769,800000,800000,800000,800000,0.9200,max,moderate
0.1800,0.3100,0.5100,5.111,2.968,1.804,800000,800000,800000,800000,0.9200,max,moderate
0.1800,0.3200,0.5000,5.111,2.875,1.840,800000,800000,800000,800000,0.9200,max,moderate
0.1800,0.3300,0.4900,5.111,2.788,1.878,800000,800000,800000,800000,0.9200,max,balanced
0.1800,0.3400,0.4800,5.111,2.706,1.917,800000,800000,800000,800000,0.9200,max,balanced
0.1800,0.3500,0.4700,5.111,2.629,1.957,800000,800000,800000,800000,0.9200,good,balanced
0.1800,0.3600,0.4600,5.111,2.556,2.000,800000,800000,800000,800000,0.9200,max,balanced
0.1800,0.3700,0.4500,5.111,2.486,2.044,800000,800000,800000,800000,0.9200,max,balanced
0.1800,0.3800,0.4400,5.111,2.421,2.091,800000,800000,800000,800000,0.9200,max,balanced
0.1800,0.3900,0.4300,5.111,2.359,2.140,800000,800000,800000,800000,0.9200,good,balanced
0.1800,0.4000,0.4200,5.111,2.300,2.190,800000,800000,800000,800000,0.9200,max,balanced
0.1800,0.4100,0.4100,5.111,2.244,2.244,800000,800000,800000,800000,0.9200,max,balanced
0.1800,0.4200,0.4000,5.111,2.190,2.300,800000,800000,800000,800000,0.9200,max,balanced
0.1800,0.4300,0.3900,5.111,2.140,2.359,800000,800000,800000,800000,0.9200,good,balanced
0.1800,0.4400,0.3800,5.111,2.091,2.421,800000,800000,800000,800000,0.9200,max,balanced
0.1800,0.4500,0.3700,5.111,2.044,2.486,800000,800000,800000,800000,0.9200,max,balanced
0.1800,0.4600,0.3600,5.111,2.000,2.556,800000,800000,800000,800000,0.9200,max,balanced
0.1800,0.4700,0.3500,5.111,1.957,2.629,800000,800000,800000,800000,0.9200,good,balanced
0.1800,0.4800,0.3400,5.111,1.917,2.706,800000,800000,800000,800000,0.9200,max,balanced
0.1800,0.4900,0.3300,5.111,1.878,2.788,800000,800000,800000,800000,0.9200,max,balanced
0.1800,0.5000,0.3200,5.111,1.840,2.875,800000,800000,800000,800000,0.9200,max,moderate
0.1800,0.5100,0.3100,5.111,1.804,2.968,800000,800000,800000,800000,0.9200,max,moderate
0.1800,0.5200,0.3000,5.111,1.769,3.067,800000,800000,800000,800000,0.9200,max,moderate
0.1800,0.5300,0.2900,5.111,1.736,3.172,800000,800000,800000,800000,0.9200,good,moderate
0.1800,0.5400,0.2800,5.111,1.704,3.286,800000,800000,800000,800000,0.9200,good,moderate
0.1800,0.5500,0.2700,5.111,1.673,3.407,800000,800000,800000,800000,0.9200,max,moderate
0.1800,0.5600,0.2600,5.111,1.643,3.538,800000,800000,800000,800000,0.9200,good,moderate
0.1800,0.5700,0.2500,5.111,1.614,3.680,800000,800000,800000,800000,0.9200,max,moderate
0.1800,0.5800,0.2400,5.111,1.586,3.833,800000,800000,800000,800000,0.9200,good,moderate
0.1800,0.5900,0.2300,5.111,1.559,4.000,800000,800000,800000,800000,0.9200,max,moderate
0.1800,0.6000,0.2200,5.111,1.533,4.182,800000,800000,800000,800000,0.9200,max,moderate
0.1800,0.6100,0.2100,5.111,1.508,4.381,800000,800000,800000,800000,0.9200,max,moderate
0.1800,0.6200,0.2000,5.111,1.484,4.600,800000,800000,800000,800000,0.9200,max,moderate
0.1800,0.6300,0.1900,5.111,1.460,4.842,800000,800000,800000,800000,0.9200,max,moderate
0.1800,0.6400,0.1800,5.111,1.438,5.111,800000,800000,800000,800000,0.9200,max,moderate
0.1800,0.6500,0.1700,5.111,1.415,5.412,800000,800000,800000,800000,0.9200,max,moderate
0.1800,0.6600,0.1600,5.111,1.394,5.750,800000,800000,800000,800000,0.9200,max,moderate
0.1800,0.6700,0.1500,5.111,1.373,6.133,800000,800000,800000,800000,0.9200,max,moderate
0.1800,0.6800,0.1400,5.111,1.353,6.571,800000,800000,800000,800000,0.9200,good,moderate
0.1800,0.6900,0.1300,5.111,1.333,7.077,800000,800000,800000,800000,0.9200,max,moderate
0.1800,0.7000,0.1200,5.111,1.314,7.667,800000,800000,800000,800000,0.9200,good,heavy
0.1800,0.7100,0.1100,5.111,1.296,8.364,800000,800000,800000,800000,0.9200,max,heavy
0.1800,0.7200,0.1000,5.111,1.278,9.200,800000,800000,800000,800000,0.9200,max,heavy
0.1800,0.7300,0.0900,5.111,1.260,10.222,800000,800000,800000,800000,0.9200,good,heavy
0.1800,0.7400,0.0800,5.111,1.243,11.500,800000,800000,800000,800000,0.9200,max,heavy
0.1800,0.7500,0.0700,5.111,1.227,13.143,800000,800000,800000,800000,0.9200,good,heavy
0.1800,0.7600,0.0600,5.111,1.211,15.333,800000,800000,800000,800000,0.9200,max,heavy
0.1800,0.7700,0.0500,5.111,1.195,18.400,800000,800000,800000,800000,0.9200,max,heavy
0.1800,0.7800,0.0400,5.111,1.179,23.000,800000,800000,800000,800000,0.9200,max,heavy
0.1800,0.7900,0.0300,5.111,1.165,30.667,800000,800000,800000,800000,0.9200,max,heavy
0.1800,0.8000,0.0200,5.111,1.150,46.000,800000,800000,800000,800000,0.9200,max,heavy
0.1800,0.8100,0.0100,5.111,1.136,92.000,800000,800000,800000,800000,0.9200,max,heavy
0.1800,0.8200,0.0000,5.111,1.122,999.000,800000,800000,10000000,800000,0.9200,max,heavy
0.1900,0.0000,0.8100,4.842,999.000,1.136,800000,10000000,800000,800000,0.9200,max,heavy
0.1900,0.0100,0.8000,4.842,92.000,1.150,800000,800000,800000,800000,0.9200,max,heavy
0.1900,0.0200,0.7900,4.842,46.000,1.165,800000,800000,800000,800000,0.9200,max,heavy
0.1900,0.0300,0.7800,4.842,30.667,1.179,800000,800000,800000,800000,0.9200,max,heavy
0.1900,0.0400,0.7700,4.842,23.000,1.195,800000,800000,800000,800000,0.9200,max,heavy
0.1900,0.0500,0.7600,4.842,18.400,1.211,800000,800000,800000,800000,0.9200,max,heavy
0.1900,0.0600,0.7500,4.842,15.333,1.227,800000,800000,800000,800000,0.9200,good,heavy
0.1900,0.0700,0.7400,4.842,13.143,1.243,800000,800000,800000,800000,0.9200,good,heavy
0.1900,0.0800,0.7300,4.842,11.500,1.260,800000,800000,800000,800000,0.9200,good,heavy
0.1900,0.0900,0.7200,4.842,10.222,1.278,800000,800000,800000,800000,0.9200,max,heavy
0.1900,0.1000,0.7100,4.842,9.200,1.296,800000,800000,800000,800000,0.9200,max,heavy
0.1900,0.1100,0.7000,4.842,8.364,1.314,800000,800000,800000,800000,0.9200,good,heavy
0.1900,0.1200,0.6900,4.842,7.667,1.333,800000,800000,800000,800000,0.9200,max,moderate
0.1900,0.1300,0.6800,4.842,7.077,1.353,800000,800000,800000,800000,0.9200,max,moderate
0.1900,0.1400,0.6700,4.842,6.571,1.373,800000,800000,800000,800000,0.9200,good,moderate
0.1900,0.1500,0.6600,4.842,6.133,1.394,800000,800000,800000,800000,0.9200,max,moderate
0.1900,0.1600,0.6500,4.842,5.750,1.415,800000,800000,800000,800000,0.9200,max,moderate
0.1900,0.1700,0.6400,4.842,5.412,1.438,800000,800000,800000,800000,0.9200,max,moderate
0.1900,0.1800,0.6300,4.842,5.111,1.460,800000,800000,800000,800000,0.9200,max,moderate
0.1900,0.1900,0.6200,4.842,4.842,1.484,800000,800000,800000,800000,0.9200,max,moderate
0.1900,0.2000,0.6100,4.842,4.600,1.508,800000,800000,800000,800000,0.9200,max,moderate
0.1900,0.2100,0.6000,4.842,4.381,1.533,800000,800000,800000,800000,0.9200,max,moderate
0.1900,0.2200,0.5900,4.842,4.182,1.559,800000,800000,800000,800000,0.9200,max,moderate
0.1900,0.2300,0.5800,4.842,4.000,1.586,800000,800000,800000,800000,0.9200,good,moderate
0.1900,0.2400,0.5700,4.842,3.833,1.614,800000,800000,800000,800000,0.9200,max,moderate
0.1900,0.2500,0.5600,4.842,3.680,1.643,800000,800000,800000,800000,0.9200,good,moderate
0.1900,0.2600,0.5500,4.842,3.538,1.673,800000,800000,800000,800000,0.9200,max,moderate
0.1900,0.2700,0.5400,4.842,3.407,1.704,800000,800000,800000,800000,0.9200,max,moderate
0.1900,0.2800,0.5300,4.842,3.286,1.736,800000,800000,800000,800000,0.9200,good,moderate
0.1900,0.2900,0.5200,4.842,3.172,1.769,800000,800000,800000,800000,0.9200,good,moderate
0.1900,0.3000,0.5100,4.842,3.067,1.804,800000,800000,800000,800000,0.9200,max,moderate
0.1900,0.3100,0.5000,4.842,2.968,1.840,800000,800000,800000,800000,0.9200,max,moderate
0.1900,0.3200,0.4900,4.842,2.875,1.878,800000,800000,800000,800000,0.9200,max,balanced
0.1900,0.3300,0.4800,4.842,2.788,1.917,800000,800000,800000,800000,0.9200,max,balanced
0.1900,0.3400,0.4700,4.842,2.706,1.957,800000,800000,800000,800000,0.9200,max,balanced
0.1900,0.3500,0.4600,4.842,2.629,2.000,800000,800000,800000,800000,0.9200,good,balanced
0.1900,0.3600,0.4500,4.842,2.556,2.044,800000,800000,800000,800000,0.9200,max,balanced
0.1900,0.3700,0.4400,4.842,2.486,2.091,800000,800000,800000,800000,0.9200,max,balanced
0.1900,0.3800,0.4300,4.842,2.421,2.140,800000,800000,800000,800000,0.9200,good,balanced
0.1900,0.3900,0.4200,4.842,2.359,2.190,800000,800000,800000,800000,0.9200,max,balanced
0.1900,0.4000,0.4100,4.842,2.300,2.244,800000,800000,800000,800000,0.9200,max,balanced
0.1900,0.4100,0.4000,4.842,2.244,2.300,800000,800000,800000,800000,0.9200,max,balanced
0.1900,0.4200,0.3900,4.842,2.190,2.359,800000,800000,800000,800000,0.9200,max,balanced
0.1900,0.4300,0.3800,4.842,2.140,2.421,800000,800000,800000,800000,0.9200,good,balanced
0.1900,0.4400,0.3700,4.842,2.091,2.486,800000,800000,800000,800000,0.9200,max,balanced
0.1900,0.4500,0.3600,4.842,2.044,2.556,800000,800000,800000,800000,0.9200,max,balanced
0.1900,0.4600,0.3500,4.842,2.000,2.629,800000,800000,800000,800000,0.9200,good,balanced
0.1900,0.4700,0.3400,4.842,1.957,2.706,800000,800000,800000,800000,0.9200,max,balanced
0.1900,0.4800,0.3300,4.842,1.917,2.788,800000,800000,800000,800000,0.9200,max,balanced
0.1900,0.4900,0.3200,4.842,1.878,2.875,800000,800000,800000,800000,0.9200,max,balanced
0.1900,0.5000,0.3100,4.842,1.840,2.968,800000,800000,800000,800000,0.9200,max,moderate
0.1900,0.5100,0.3000,4.842,1.804,3.067,800000,800000,800000,800000,0.9200,max,moderate
0.1900,0.5200,0.2900,4.842,1.769,3.172,800000,800000,800000,800000,0.9200,good,moderate
0.1900,0.5300,0.2800,4.842,1.736,3.286,800000,800000,800000,800000,0.9200,good,moderate
0.1900,0.5400,0.2700,4.842,1.704,3.407,800000,800000,800000,800000,0.9200,max,moderate
0.1900,0.5500,0.2600,4.842,1.673,3.538,800000,800000,800000,800000,0.9200,max,moderate
0.1900,0.5600,0.2500,4.842,1.643,3.680,800000,800000,800000,800000,0.9200,good,moderate
0.1900,0.5700,0.2400,4.842,1.614,3.833,800000,800000,800000,800000,0.9200,max,moderate
0.1900,0.5800,0.2300,4.842,1.586,4.000,800000,800000,800000,800000,0.9200,good,moderate
0.1900,0.5900,0.2200,4.842,1.559,4.182,800000,800000,800000,800000,0.9200,max,moderate
0.1900,0.6000,0.2100,4.842,1.533,4.381,800000,800000,800000,800000,0.9200,max,moderate
0.1900,0.6100,0.2000,4.842,1.508,4.600,800000,800000,800000,800000,0.9200,max,moderate
0.1900,0.6200,0.1900,4.842,1.484,4.842,800000,800000,800000,800000,0.9200,max,moderate
0.1900,0.6300,0.1800,4.842,1.460,5.111,800000,800000,800000,800000,0.9200,max,moderate
0.1900,0.6400,0.1700,4.842,1.438,5.412,800000,800000,800000,800000,0.9200,max,moderate
0.1900,0.6500,0.1600,4.842,1.415,5.750,800000,800000,800000,800000,0.9200,max,moderate
0.1900,0.6600,0.1500,4.842,1.394,6.133,800000,800000,800000,800000,0.9200,max,moderate
0.1900,0.6700,0.1400,4.842,1.373,6.571,800000,800000,800000,800000,0.9200,good,moderate
0.1900,0.6800,0.1300,4.842,1.353,7.077,800000,800000,800000,800000,0.9200,max,moderate
0.1900,0.6900,0.1200,4.842,1.333,7.667,800000,800000,800000,800000,0.9200,max,moderate
0.1900,0.7000,0.1100,4.842,1.314,8.364,800000,800000,800000,800000,0.9200,good,heavy
0.1900,0.7100,0.1000,4.842,1.296,9.200,800000,800000,800000,800000,0.9200,max,heavy
0.1900,0.7200,0.0900,4.842,1.278,10.222,800000,800000,800000,800000,0.9200,max,heavy
0.1900,0.7300,0.0800,4.842,1.260,11.500,800000,800000,800000,800000,0.9200,good,heavy
0.1900,0.7400,0.0700,4.842,1.243,13.143,800000,800000,800000,800000,0.9200,good,heavy
0.1900,0.7500,0.0600,4.842,1.227,15.333,800000,800000,800000,800000,0.9200,good,heavy
0.1900,0.7600,0.0500,4.842,1.211,18.400,800000,800000,800000,800000,0.9200,max,heavy
0.1900,0.7700,0.0400,4.842,1.195,23.000,800000,800000,800000,800000,0.9200,max,heavy
0.1900,0.7800,0.0300,4.842,1.179,30.667,800000,800000,800000,800000,0.9200,max,heavy
0.1900,0.7900,0.0200,4.842,1.165,46.000,800000,800000,800000,800000,0.9200,max,heavy
0.1900,0.8000,0.0100,4.842,1.150,92.000,800000,800000,800000,800000,0.9200,max,heavy
0.1900,0.8100,0.0000,4.842,1.136,999.000,800000,800000,10000000,800000,0.9200,max,heavy
0.2000,0.0000,0.8000,4.600,999.000,1.150,800000,10000000,800000,800000,0.9200,max,heavy
0.2000,0.0100,0.7900,4.600,92.000,1.165,800000,800000,800000,800000,0.9200,max,heavy
0.2000,0.0200,0.7800,4.600,46.000,1.179,800000,800000,800000,800000,0.9200,max,heavy
0.2000,0.0300,0.7700,4.600,30.667,1.195,800000,800000,800000,800000,0.9200,max,heavy
0.2000,0.0400,0.7600,4.600,23.000,1.211,800000,800000,800000,800000,0.9200,max,heavy
0.2000,0.0500,0.7500,4.600,18.400,1.227,800000,800000,800000,800000,0.9200,good,heavy
0.2000,0.0600,0.7400,4.600,15.333,1.243,800000,800000,800000,800000,0.9200,max,heavy
0.2000,0.0700,0.7300,4.600,13.143,1.260,800000,800000,800000,800000,0.9200,good,heavy
0.2000,0.0800,0.7200,4.600,11.500,1.278,800000,800000,800000,800000,0.9200,max,heavy
0.2000,0.0900,0.7100,4.600,10.222,1.296,800000,800000,800000,800000,0.9200,max,heavy
0.2000,0.1000,0.7000,4.600,9.200,1.314,800000,800000,800000,800000,0.9200,good,heavy
0.2000,0.1100,0.6900,4.600,8.364,1.333,800000,800000,800000,800000,0.9200,max,moderate
0.2000,0.1200,0.6800,4.600,7.667,1.353,800000,800000,800000,800000,0.9200,max,moderate
0.2000,0.1300,0.6700,4.600,7.077,1.373,800000,800000,800000,800000,0.9200,max,moderate
0.2000,0.1400,0.6600,4.600,6.571,1.394,800000,800000,800000,800000,0.9200,good,moderate
0.2000,0.1500,0.6500,4.600,6.133,1.415,800000,800000,800000,800000,0.9200,max,moderate
0.2000,0.1600,0.6400,4.600,5.750,1.438,800000,800000,800000,800000,0.9200,max,moderate
0.2000,0.1700,0.6300,4.600,5.412,1.460,800000,800000,800000,800000,0.9200,max,moderate
0.2000,0.1800,0.6200,4.600,5.111,1.484,800000,800000,800000,800000,0.9200,max,moderate
0.2000,0.1900,0.6100,4.600,4.842,1.508,800000,800000,800000,800000,0.9200,max,moderate
0.2000,0.2000,0.6000,4.600,4.600,1.533,800000,800000,800000,800000,0.9200,max,moderate
0.2000,0.2100,0.5900,4.600,4.381,1.559,800000,800000,800000,800000,0.9200,max,moderate
0.2000,0.2200,0.5800,4.600,4.182,1.586,800000,800000,800000,800000,0.9200,good,moderate
0.2000,0.2300,0.5700,4.600,4.000,1.614,800000,800000,800000,800000,0.9200,max,moderate
0.2000,0.2400,0.5600,4.600,3.833,1.643,800000,800000,800000,800000,0.9200,good,moderate
0.2000,0.2500,0.5500,4.600,3.680,1.673,800000,800000,800000,800000,0.9200,max,moderate
0.2000,0.2600,0.5400,4.600,3.538,1.704,800000,800000,800000,800000,0.9200,max,moderate
0.2000,0.2700,0.5300,4.600,3.407,1.736,800000,800000,800000,800000,0.9200,max,moderate
0.2000,0.2800,0.5200,4.600,3.286,1.769,800000,800000,800000,800000,0.9200,good,moderate
0.2000,0.2900,0.5100,4.600,3.172,1.804,800000,800000,800000,800000,0.9200,good,moderate
0.2000,0.3000,0.5000,4.600,3.067,1.840,800000,800000,800000,800000,0.9200,max,moderate
0.2000,0.3100,0.4900,4.600,2.968,1.878,800000,800000,800000,800000,0.9200,max,balanced
0.2000,0.3200,0.4800,4.600,2.875,1.917,800000,800000,800000,800000,0.9200,max,balanced
0.2000,0.3300,0.4700,4.600,2.788,1.957,800000,800000,800000,800000,0.9200,max,balanced
0.2000,0.3400,0.4600,4.600,2.706,2.000,800000,800000,800000,800000,0.9200,max,balanced
0.2000,0.3500,0.4500,4.600,2.629,2.044,800000,800000,800000,800000,0.9200,good,balanced
0.2000,0.3600,0.4400,4.600,2.556,2.091,800000,800000,800000,800000,0.9200,max,balanced
0.2000,0.3700,0.4300,4.600,2.486,2.140,800000,800000,800000,800000,0.9200,good,balanced
0.2000,0.3800,0.4200,4.600,2.421,2.190,800000,800000,800000,800000,0.9200,max,balanced
0.2000,0.3900,0.4100,4.600,2.359,2.244,800000,800000,800000,800000,0.9200,max,balanced
0.2000,0.4000,0.4000,4.600,2.300,2.300,800000,800000,800000,800000,0.9200,max,balanced
0.2000,0.4100,0.3900,4.600,2.244,2.359,800000,800000,800000,800000,0.9200,max,balanced
0.2000,0.4200,0.3800,4.600,2.190,2.421,800000,800000,800000,800000,0.9200,max,balanced
0.2000,0.4300,0.3700,4.600,2.140,2.486,800000,800000,800000,800000,0.9200,good,balanced
0.2000,0.4400,0.3600,4.600,2.091,2.556,800000,800000,800000,800000,0.9200,max,balanced
0.2000,0.4500,0.3500,4.600,2.044,2.629,800000,800000,800000,800000,0.9200,good,balanced
0.2000,0.4600,0.3400,4.600,2.000,2.706,800000,800000,800000,800000,0.9200,max,balanced
0.2000,0.4700,0.3300,4.600,1.957,2.788,800000,800000,800000,800000,0.9200,max,balanced
0.2000,0.4800,0.3200,4.600,1.917,2.875,800000,800000,800000,800000,0.9200,max,balanced
0.2000,0.4900,0.3100,4.600,1.878,2.968,800000,800000,800000,800000,0.9200,max,balanced
0.2000,0.5000,0.3000,4.600,1.840,3.067,800000,800000,800000,800000,0.9200,max,moderate
0.2000,0.5100,0.2900,4.600,1.804,3.172,800000,800000,800000,800000,0.9200,good,moderate
0.2000,0.5200,0.2800,4.600,1.769,3.286,800000,800000,800000,800000,0.9200,good,moderate
0.2000,0.5300,0.2700,4.600,1.736,3.407,800000,800000,800000,800000,0.9200,max,moderate
0.2000,0.5400,0.2600,4.600,1.704,3.538,800000,800000,800000,800000,0.9200,max,moderate
0.2000,0.5500,0.2500,4.600,1.673,3.680,800000,800000,800000,800000,0.9200,max,moderate
0.2000,0.5600,0.2400,4.600,1.643,3.833,800000,800000,800000,800000,0.9200,good,moderate
0.2000,0.5700,0.2300,4.600,1.614,4.000,800000,800000,800000,800000,0.9200,max,moderate
0.2000,0.5800,0.2200,4.600,1.586,4.182,800000,800000,800000,800000,0.9200,good,moderate
0.2000,0.5900,0.2100,4.600,1.559,4.381,800000,800000,800000,800000,0.9200,max,moderate
0.2000,0.6000,0.2000,4.600,1.533,4.600,800000,800000,800000,800000,0.9200,max,moderate
0.2000,0.6100,0.1900,4.600,1.508,4.842,800000,800000,800000,800000,0.9200,max,moderate
0.2000,0.6200,0.1800,4.600,1.484,5.111,800000,800000,800000,800000,0.9200,max,moderate
0.2000,0.6300,0.1700,4.600,1.460,5.412,800000,800000,800000,800000,0.9200,max,moderate
0.2000,0.6400,0.1600,4.600,1.438,5.750,800000,800000,800000,800000,0.9200,max,moderate
0.2000,0.6500,0.1500,4.600,1.415,6.133,800000,800000,800000,800000,0.9200,max,moderate
0.2000,0.6600,0.1400,4.600,1.394,6.571,800000,800000,800000,800000,0.9200,good,moderate
0.2000,0.6700,0.1300,4.600,1.373,7.077,800000,800000,800000,800000,0.9200,max,moderate
0.2000,0.6800,0.1200,4.600,1.353,7.667,800000,800000,800000,800000,0.9200,max,moderate
0.2000,0.6900,0.1100,4.600,1.333,8.364,800000,800000,800000,800000,0.9200,max,moderate
0.2000,0.7000,0.1000,4.600,1.314,9.200,800000,800000,800000,800000,0.9200,good,heavy
0.2000,0.7100,0.0900,4.600,1.296,10.222,800000,800000,800000,800000,0.9200,max,heavy
0.2000,0.7200,0.0800,4.600,1.278,11.500,800000,800000,800000,800000,0.9200,max,heavy
0.2000,0.7300,0.0700,4.600,1.260,13.143,800000,800000,800000,800000,0.9200,good,heavy
0.2000,0.7400,0.0600,4.600,1.243,15.333,800000,800000,800000,800000,0.9200,max,heavy
0.2000,0.7500,0.0500,4.600,1.227,18.400,800000,800000,800000,800000,0.9200,good,heavy
0.2000,0.7600,0.0400,4.600,1.211,23.000,800000,800000,800000,800000,0.9200,max,heavy
0.2000,0.7700,0.0300,4.600,1.195,30.667,800000,800000,800000,800000,0.9200,max,heavy
0.2000,0.7800,0.0200,4.600,1.179,46.000,800000,800000,800000,800000,0.9200,max,heavy
0.2000,0.7900,0.0100,4.600,1.165,92.000,800000,800000,800000,800000,0.9200,max,heavy
0.2000,0.8000,0.0000,4.600,1.150,999.000,800000,800000,10000000,800000,0.9200,max,heavy
0.2100,0.0000,0.7900,4.381,999.000,1.165,800000,10000000,800000,800000,0.9200,max,heavy
0.2100,0.0100,0.7800,4.381,92.000,1.179,800000,800000,800000,800000,0.9200,max,heavy
0.2100,0.0200,0.7700,4.381,46.000,1.195,800000,800000,800000,800000,0.9200,max,heavy
0.2100,0.0300,0.7600,4.381,30.667,1.211,800000,800000,800000,800000,0.9200,max,heavy
0.2100,0.0400,0.7500,4.381,23.000,1.227,800000,800000,800000,800000,0.9200,good,heavy
0.2100,0.0500,0.7400,4.381,18.400,1.243,800000,800000,800000,800000,0.9200,max,heavy
0.2100,0.0600,0.7300,4.381,15.333,1.260,800000,800000,800000,800000,0.9200,good,heavy
0.2100,0.0700,0.7200,4.381,13.143,1.278,800000,800000,800000,800000,0.9200,good,heavy
0.2100,0.0800,0.7100,4.381,11.500,1.296,800000,800000,800000,800000,0.9200,max,heavy
0.2100,0.0900,0.7000,4.381,10.222,1.314,800000,800000,800000,800000,0.9200,good,heavy
0.2100,0.1000,0.6900,4.381,9.200,1.333,800000,800000,800000,800000,0.9200,max,moderate
0.2100,0.1100,0.6800,4.381,8.364,1.353,800000,800000,800000,800000,0.9200,max,moderate
0.2100,0.1200,0.6700,4.381,7.667,1.373,800000,800000,800000,800000,0.9200,max,moderate
0.2100,0.1300,0.6600,4.381,7.077,1.394,800000,800000,800000,800000,0.9200,max,moderate
0.2100,0.1400,0.6500,4.381,6.571,1.415,800000,800000,800000,800000,0.9200,good,moderate
0.2100,0.1500,0.6400,4.381,6.133,1.438,800000,800000,800000,800000,0.9200,max,moderate
0.2100,0.1600,0.6300,4.381,5.750,1.460,800000,800000,800000,800000,0.9200,max,moderate
0.2100,0.1700,0.6200,4.381,5.412,1.484,800000,800000,800000,800000,0.9200,max,moderate
0.2100,0.1800,0.6100,4.381,5.111,1.508,800000,800000,800000,800000,0.9200,max,moderate
0.2100,0.1900,0.6000,4.381,4.842,1.533,800000,800000,800000,800000,0.9200,max,moderate
0.2100,0.2000,0.5900,4.381,4.600,1.559,800000,800000,800000,800000,0.9200,max,moderate
0.2100,0.2100,0.5800,4.381,4.381,1.586,800000,800000,800000,800000,0.9200,good,moderate
0.2100,0.2200,0.5700,4.381,4.182,1.614,800000,800000,800000,800000,0.9200,max,moderate
0.2100,0.2300,0.5600,4.381,4.000,1.643,800000,800000,800000,800000,0.9200,good,moderate
0.2100,0.2400,0.5500,4.381,3.833,1.673,800000,800000,800000,800000,0.9200,max,moderate
0.2100,0.2500,0.5400,4.381,3.680,1.704,800000,800000,800000,800000,0.9200,max,moderate
0.2100,0.2600,0.5300,4.381,3.538,1.736,800000,800000,800000,800000,0.9200,max,moderate
0.2100,0.2700,0.5200,4.381,3.407,1.769,800000,800000,800000,800000,0.9200,max,moderate
0.2100,0.2800,0.5100,4.381,3.286,1.804,800000,800000,800000,800000,0.9200,good,moderate
0.2100,0.2900,0.5000,4.381,3.172,1.840,800000,800000,800000,800000,0.9200,good,moderate
0.2100,0.3000,0.4900,4.381,3.067,1.878,800000,800000,800000,800000,0.9200,max,balanced
0.2100,0.3100,0.4800,4.381,2.968,1.917,800000,800000,800000,800000,0.9200,max,balanced
0.2100,0.3200,0.4700,4.381,2.875,1.957,800000,800000,800000,800000,0.9200,max,balanced
0.2100,0.3300,0.4600,4.381,2.788,2.000,800000,800000,800000,800000,0.9200,max,balanced
0.2100,0.3400,0.4500,4.381,2.706,2.044,800000,800000,800000,800000,0.9200,max,balanced
0.2100,0.3500,0.4400,4.381,2.629,2.091,800000,800000,800000,800000,0.9200,good,balanced
0.2100,0.3600,0.4300,4.381,2.556,2.140,800000,800000,800000,800000,0.9200,good,balanced
0.2100,0.3700,0.4200,4.381,2.486,2.190,800000,800000,800000,800000,0.9200,max,balanced
0.2100,0.3800,0.4100,4.381,2.421,2.244,800000,800000,800000,800000,0.9200,max,balanced
0.2100,0.3900,0.4000,4.381,2.359,2.300,800000,800000,800000,800000,0.9200,max,balanced
0.2100,0.4000,0.3900,4.381,2.300,2.359,800000,800000,800000,800000,0.9200,max,balanced
0.2100,0.4100,0.3800,4.381,2.244,2.421,800000,800000,800000,800000,0.9200,max,balanced
0.2100,0.4200,0.3700,4.381,2.190,2.486,800000,800000,800000,800000,0.9200,max,balanced
0.2100,0.4300,0.3600,4.381,2.140,2.556,800000,800000,800000,800000,0.9200,good,balanced
0.2100,0.4400,0.3500,4.381,2.091,2.629,800000,800000,800000,800000,0.9200,good,balanced
0.2100,0.4500,0.3400,4.381,2.044,2.706,800000,800000,800000,800000,0.9200,max,balanced
0.2100,0.4600,0.3300,4.381,2.000,2.788,800000,800000,800000,800000,0.9200,max,balanced
0.2100,0.4700,0.3200,4.381,1.957,2.875,800000,800000,800000,800000,0.9200,max,balanced
0.2100,0.4800,0.3100,4.381,1.917,2.968,800000,800000,800000,800000,0.9200,max,balanced
0.2100,0.4900,0.3000,4.381,1.878,3.067,800000,800000,800000,800000,0.9200,max,balanced
0.2100,0.5000,0.2900,4.381,1.840,3.172,800000,800000,800000,800000,0.9200,good,moderate
0.2100,0.5100,0.2800,4.381,1.804,3.286,800000,800000,800000,800000,0.9200,good,moderate
0.2100,0.5200,0.2700,4.381,1.769,3.407,800000,800000,800000,800000,0.9200,max,moderate
0.2100,0.5300,0.2600,4.381,1.736,3.538,800000,800000,800000,800000,0.9200,max,moderate
0.2100,0.5400,0.2500,4.381,1.704,3.680,800000,800000,800000,800000,0.9200,max,moderate
0.2100,0.5500,0.2400,4.381,1.673,3.833,800000,800000,800000,800000,0.9200,max,moderate
0.2100,0.5600,0.2300,4.381,1.643,4.000,800000,800000,800000,800000,0.9200,good,moderate
0.2100,0.5700,0.2200,4.381,1.614,4.182,800000,800000,800000,800000,0.9200,max,moderate
0.2100,0.5800,0.2100,4.381,1.586,4.381,800000,800000,800000,800000,0.9200,good,moderate
0.2100,0.5900,0.2000,4.381,1.559,4.600,800000,800000,800000,800000,0.9200,max,moderate
0.2100,0.6000,0.1900,4.381,1.533,4.842,800000,800000,800000,800000,0.9200,max,moderate
0.2100,0.6100,0.1800,4.381,1.508,5.111,800000,800000,800000,800000,0.9200,max,moderate
0.2100,0.6200,0.1700,4.381,1.484,5.412,800000,800000,800000,800000,0.9200,max,moderate
0.2100,0.6300,0.1600,4.381,1.460,5.750,800000,800000,800000,800000,0.9200,max,moderate
0.2100,0.6400,0.1500,4.381,1.438,6.133,800000,800000,800000,800000,0.9200,max,moderate
0.2100,0.6500,0.1400,4.381,1.415,6.571,800000,800000,800000,800000,0.9200,good,moderate
0.2100,0.6600,0.1300,4.381,1.394,7.077,800000,800000,800000,800000,0.9200,max,moderate
0.2100,0.6700,0.1200,4.381,1.373,7.667,800000,800000,800000,800000,0.9200,max,moderate
0.2100,0.6800,0.1100,4.381,1.353,8.364,800000,800000,800000,800000,0.9200,max,moderate
0.2100,0.6900,0.1000,4.381,1.333,9.200,800000,800000,800000,800000,0.9200,max,moderate
0.2100,0.7000,0.0900,4.381,1.314,10.222,800000,800000,800000,800000,0.9200,good,heavy
0.2100,0.7100,0.0800,4.381,1.296,11.500,800000,800000,800000,800000,0.9200,max,heavy
0.2100,0.7200,0.0700,4.381,1.278,13.143,800000,800000,800000,800000,0.9200,good,heavy
0.2100,0.7300,0.0600,4.381,1.260,15.333,800000,800000,800000,800000,0.9200,good,heavy
0.2100,0.7400,0.0500,4.381,1.243,18.400,800000,800000,800000,800000,0.9200,max,heavy
0.2100,0.7500,0.0400,4.381,1.227,23.000,800000,800000,800000,800000,0.9200,good,heavy
0.2100,0.7600,0.0300,4.381,1.211,30.667,800000,800000,800000,800000,0.9200,max,heavy
0.2100,0.7700,0.0200,4.381,1.195,46.000,800000,800000,800000,800000,0.9200,max,heavy
0.2100,0.7800,0.0100,4.381,1.179,92.000,800000,800000,800000,800000,0.9200,max,heavy
0.2100,0.7900,0.0000,4.381,1.165,999.000,800000,800000,10000000,800000,0.9200,max,heavy
0.2200,0.0000,0.7800,4.182,999.000,1.179,800000,10000000,800000,800000,0.9200,max,heavy
0.2200,0.0100,0.7700,4.182,92.000,1.195,800000,800000,800000,800000,0.9200,max,heavy
0.2200,0.0200,0.7600,4.182,46.000,1.211,800000,800000,800000,800000,0.9200,max,heavy
0.2200,0.0300,0.7500,4.182,30.667,1.227,800000,800000,800000,800000,0.9200,good,heavy
0.2200,0.0400,0.7400,4.182,23.000,1.243,800000,800000,800000,800000,0.9200,max,heavy
0.2200,0.0500,0.7300,4.182,18.400,1.260,800000,800000,800000,800000,0.9200,good,heavy
0.2200,0.0600,0.7200,4.182,15.333,1.278,800000,800000,800000,800000,0.9200,max,heavy
0.2200,0.0700,0.7100,4.182,13.143,1.296,800000,800000,800000,800000,0.9200,good,heavy
0.2200,0.0800,0.7000,4.182,11.500,1.314,800000,800000,800000,800000,0.9200,good,heavy
0.2200,0.0900,0.6900,4.182,10.222,1.333,800000,800000,800000,800000,0.9200,max,moderate
0.2200,0.1000,0.6800,4.182,9.200,1.353,800000,800000,800000,800000,0.9200,max,moderate
0.2200,0.1100,0.6700,4.182,8.364,1.373,800000,800000,800000,800000,0.9200,max,moderate
0.2200,0.1200,0.6600,4.182,7.667,1.394,800000,800000,800000,800000,0.9200,max,moderate
0.2200,0.1300,0.6500,4.182,7.077,1.415,800000,800000,800000,800000,0.9200,max,moderate
0.2200,0.1400,0.6400,4.182,6.571,1.438,800000,800000,800000,800000,0.9200,good,moderate
0.2200,0.1500,0.6300,4.182,6.133,1.460,800000,800000,800000,800000,0.9200,max,moderate
0.2200,0.1600,0.6200,4.182,5.750,1.484,800000,800000,800000,800000,0.9200,max,moderate
0.2200,0.1700,0.6100,4.182,5.412,1.508,800000,800000,800000,800000,0.9200,max,moderate
0.2200,0.1800,0.6000,4.182,5.111,1.533,800000,800000,800000,800000,0.9200,max,moderate
0.2200,0.1900,0.5900,4.182,4.842,1.559,800000,800000,800000,800000,0.9200,max,moderate
0.2200,0.2000,0.5800,4.182,4.600,1.586,800000,800000,800000,800000,0.9200,good,moderate
0.2200,0.2100,0.5700,4.182,4.381,1.614,800000,800000,800000,800000,0.9200,max,moderate
0.2200,0.2200,0.5600,4.182,4.182,1.643,800000,800000,800000,800000,0.9200,good,moderate
0.2200,0.2300,0.5500,4.182,4.000,1.673,800000,800000,800000,800000,0.9200,max,moderate
0.2200,0.2400,0.5400,4.182,3.833,1.704,800000,800000,800000,800000,0.9200,max,moderate
0.2200,0.2500,0.5300,4.182,3.680,1.736,800000,800000,800000,800000,0.9200,max,moderate
0.2200,0.2600,0.5200,4.182,3.538,1.769,800000,800000,800000,800000,0.9200,max,moderate
0.2200,0.2700,0.5100,4.182,3.407,1.804,800000,800000,800000,800000,0.9200,max,moderate
0.2200,0.2800,0.5000,4.182,3.286,1.840,800000,800000,800000,800000,0.9200,good,moderate
0.2200,0.2900,0.4900,4.182,3.172,1.878,800000,800000,800000,800000,0.9200,good,balanced
0.2200,0.3000,0.4800,4.182,3.067,1.917,800000,800000,800000,800000,0.9200,max,balanced
0.2200,0.3100,0.4700,4.182,2.968,1.957,800000,800000,800000,800000,0.9200,max,balanced
0.2200,0.3200,0.4600,4.182,2.875,2.000,800000,800000,800000,800000,0.9200,max,balanced
0.2200,0.3300,0.4500,4.182,2.788,2.044,800000,800000,800000,800000,0.9200,max,balanced
0.2200,0.3400,0.4400,4.182,2.706,2.091,800000,800000,800000,800000,0.9200,max,balanced
0.2200,0.3500,0.4300,4.182,2.629,2.140,800000,800000,800000,800000,0.9200,good,balanced
0.2200,0.3600,0.4200,4.182,2.556,2.190,800000,800000,800000,800000,0.9200,max,balanced
0.2200,0.3700,0.4100,4.182,2.486,2.244,800000,800000,800000,800000,0.9200,max,balanced
0.2200,0.3800,0.4000,4.182,2.421,2.300,800000,800000,800000,800000,0.9200,max,balanced
0.2200,0.3900,0.3900,4.182,2.359,2.359,800000,800000,800000,800000,0.9200,max,balanced
0.2200,0.4000,0.3800,4.182,2.300,2.421,800000,800000,800000,800000,0.9200,max,balanced
0.2200,0.4100,0.3700,4.182,2.244,2.486,800000,800000,800000,800000,0.9200,max,balanced
0.2200,0.4200,0.3600,4.182,2.190,2.556,800000,800000,800000,800000,0.9200,max,balanced
0.2200,0.4300,0.3500,4.182,2.140,2.629,800000,800000,800000,800000,0.9200,good,balanced
0.2200,0.4400,0.3400,4.182,2.091,2.706,800000,800000,800000,800000,0.9200,max,balanced
0.2200,0.4500,0.3300,4.182,2.044,2.788,800000,800000,800000,800000,0.9200,max,balanced
0.2200,0.4600,0.3200,4.182,2.000,2.875,800000,800000,800000,800000,0.9200,max,balanced
0.2200,0.4700,0.3100,4.182,1.957,2.968,800000,800000,800000,800000,0.9200,max,balanced
0.2200,0.4800,0.3000,4.182,1.917,3.067,800000,800000,800000,800000,0.9200,max,balanced
0.2200,0.4900,0.2900,4.182,1.878,3.172,800000,800000,800000,800000,0.9200,good,balanced
0.2200,0.5000,0.2800,4.182,1.840,3.286,800000,800000,800000,800000,0.9200,good,moderate
0.2200,0.5100,0.2700,4.182,1.804,3.407,800000,800000,800000,800000,0.9200,max,moderate
0.2200,0.5200,0.2600,4.182,1.769,3.538,800000,800000,800000,800000,0.9200,max,moderate
0.2200,0.5300,0.2500,4.182,1.736,3.680,800000,800000,800000,800000,0.9200,max,moderate
0.2200,0.5400,0.2400,4.182,1.704,3.833,800000,800000,800000,800000,0.9200,max,moderate
0.2200,0.5500,0.2300,4.182,1.673,4.000,800000,800000,800000,800000,0.9200,max,moderate
0.2200,0.5600,0.2200,4.182,1.643,4.182,800000,800000,800000,800000,0.9200,good,moderate
0.2200,0.5700,0.2100,4.182,1.614,4.381,800000,800000,800000,800000,0.9200,max,moderate
0.2200,0.5800,0.2000,4.182,1.586,4.600,800000,800000,800000,800000,0.9200,good,moderate
0.2200,0.5900,0.1900,4.182,1.559,4.842,800000,800000,800000,800000,0.9200,max,moderate
0.2200,0.6000,0.1800,4.182,1.533,5.111,800000,800000,800000,800000,0.9200,max,moderate
0.2200,0.6100,0.1700,4.182,1.508,5.412,800000,800000,800000,800000,0.9200,max,moderate
0.2200,0.6200,0.1600,4.182,1.484,5.750,800000,800000,800000,800000,0.9200,max,moderate
0.2200,0.6300,0.1500,4.182,1.460,6.133,800000,800000,800000,800000,0.9200,max,moderate
0.2200,0.6400,0.1400,4.182,1.438,6.571,800000,800000,800000,800000,0.9200,good,moderate
0.2200,0.6500,0.1300,4.182,1.415,7.077,800000,800000,800000,800000,0.9200,max,moderate
0.2200,0.6600,0.1200,4.182,1.394,7.667,800000,800000,800000,800000,0.9200,max,moderate
0.2200,0.6700,0.1100,4.182,1.373,8.364,800000,800000,800000,800000,0.9200,max,moderate
0.2200,0.6800,0.1000,4.182,1.353,9.200,800000,800000,800000,800000,0.9200,max,moderate
0.2200,0.6900,0.0900,4.182,1.333,10.222,800000,800000,800000,800000,0.9200,max,moderate
0.2200,0.7000,0.0800,4.182,1.314,11.500,800000,800000,800000,800000,0.9200,good,heavy
0.2200,0.7100,0.0700,4.182,1.296,13.143,800000,800000,800000,800000,0.9200,good,heavy
0.2200,0.7200,0.0600,4.182,1.278,15.333,800000,800000,800000,800000,0.9200,max,heavy
0.2200,0.7300,0.0500,4.182,1.260,18.400,800000,800000,800000,800000,0.9200,good,heavy
0.2200,0.7400,0.0400,4.182,1.243,23.000,800000,800000,800000,800000,0.9200,max,heavy
0.2200,0.7500,0.0300,4.182,1.227,30.667,800000,800000,800000,800000,0.9200,good,heavy
0.2200,0.7600,0.0200,4.182,1.211,46.000,800000,800000,800000,800000,0.9200,max,heavy
0.2200,0.7700,0.0100,4.182,1.195,92.000,800000,800000,800000,800000,0.9200,max,heavy
0.2200,0.7800,0.0000,4.182,1.179,999.000,800000,800000,10000000,800000,0.9200,max,heavy
0.2300,0.0000,0.7700,4.000,999.000,1.195,800000,10000000,800000,800000,0.9200,max,heavy
0.2300,0.0100,0.7600,4.000,92.000,1.211,800000,800000,800000,800000,0.9200,max,heavy
0.2300,0.0200,0.7500,4.000,46.000,1.227,800000,800000,800000,800000,0.9200,good,heavy
0.2300,0.0300,0.7400,4.000,30.667,1.243,800000,800000,800000,800000,0.9200,max,heavy
0.2300,0.0400,0.7300,4.000,23.000,1.260,800000,800000,800000,800000,0.9200,good,heavy
0.2300,0.0500,0.7200,4.000,18.400,1.278,800000,800000,800000,800000,0.9200,max,heavy
0.2300,0.0600,0.7100,4.000,15.333,1.296,800000,800000,800000,800000,0.9200,max,heavy
0.2300,0.0700,0.7000,4.000,13.143,1.314,800000,800000,800000,800000,0.9200,good,heavy
0.2300,0.0800,0.6900,4.000,11.500,1.333,800000,800000,800000,800000,0.9200,max,moderate
0.2300,0.0900,0.6800,4.000,10.222,1.353,800000,800000,800000,800000,0.9200,max,moderate
0.2300,0.1000,0.6700,4.000,9.200,1.373,800000,800000,800000,800000,0.9200,max,moderate
0.2300,0.1100,0.6600,4.000,8.364,1.394,800000,800000,800000,800000,0.9200,max,moderate
0.2300,0.1200,0.6500,4.000,7.667,1.415,800000,800000,800000,800000,0.9200,max,moderate
0.2300,0.1300,0.6400,4.000,7.077,1.438,800000,800000,800000,800000,0.9200,max,moderate
0.2300,0.1400,0.6300,4.000,6.571,1.460,800000,800000,800000,800000,0.9200,good,moderate
0.2300,0.1500,0.6200,4.000,6.133,1.484,800000,800000,800000,800000,0.9200,max,moderate
0.2300,0.1600,0.6100,4.000,5.750,1.508,800000,800000,800000,800000,0.9200,max,moderate
0.2300,0.1700,0.6000,4.000,5.412,1.533,800000,800000,800000,800000,0.9200,max,moderate
0.2300,0.1800,0.5900,4.000,5.111,1.559,800000,800000,800000,800000,0.9200,max,moderate
0.2300,0.1900,0.5800,4.000,4.842,1.586,800000,800000,800000,800000,0.9200,good,moderate
0.2300,0.2000,0.5700,4.000,4.600,1.614,800000,800000,800000,800000,0.9200,max,moderate
0.2300,0.2100,0.5600,4.000,4.381,1.643,800000,800000,800000,800000,0.9200,good,moderate
0.2300,0.2200,0.5500,4.000,4.182,1.673,800000,800000,800000,800000,0.9200,max,moderate
0.2300,0.2300,0.5400,4.000,4.000,1.704,800000,800000,800000,800000,0.9200,max,moderate
0.2300,0.2400,0.5300,4.000,3.833,1.736,800000,800000,800000,800000,0.9200,max,moderate
0.2300,0.2500,0.5200,4.000,3.680,1.769,800000,800000,800000,800000,0.9200,max,moderate
0.2300,0.2600,0.5100,4.000,3.538,1.804,800000,800000,800000,800000,0.9200,max,moderate
0.2300,0.2700,0.5000,4.000,3.407,1.840,800000,800000,800000,800000,0.9200,max,moderate
0.2300,0.2800,0.4900,4.000,3.286,1.878,800000,800000,800000,800000,0.9200,good,balanced
0.2300,0.2900,0.4800,4.000,3.172,1.917,800000,800000,800000,800000,0.9200,good,balanced
0.2300,0.3000,0.4700,4.000,3.067,1.957,800000,800000,800000,800000,0.9200,max,balanced
0.2300,0.3100,0.4600,4.000,2.968,2.000,800000,800000,800000,800000,0.9200,max,balanced
0.2300,0.3200,0.4500,4.000,2.875,2.044,800000,800000,800000,800000,0.9200,max,balanced
0.2300,0.3300,0.4400,4.000,2.788,2.091,800000,800000,800000,800000,0.9200,max,balanced
0.2300,0.3400,0.4300,4.000,2.706,2.140,800000,800000,800000,800000,0.9200,good,balanced
0.2300,0.3500,0.4200,4.000,2.629,2.190,800000,800000,800000,800000,0.9200,good,balanced
0.2300,0.3600,0.4100,4.000,2.556,2.244,800000,800000,800000,800000,0.9200,max,balanced
0.2300,0.3700,0.4000,4.000,2.486,2.300,800000,800000,800000,800000,0.9200,max,balanced
0.2300,0.3800,0.3900,4.000,2.421,2.359,800000,800000,800000,800000,0.9200,max,balanced
0.2300,0.3900,0.3800,4.000,2.359,2.421,800000,800000,800000,800000,0.9200,max,balanced
0.2300,0.4000,0.3700,4.000,2.300,2.486,800000,800000,800000,800000,0.9200,max,balanced
0.2300,0.4100,0.3600,4.000,2.244,2.556,800000,800000,800000,800000,0.9200,max,balanced
0.2300,0.4200,0.3500,4.000,2.190,2.629,800000,800000,800000,800000,0.9200,good,balanced
0.2300,0.4300,0.3400,4.000,2.140,2.706,800000,800000,800000,800000,0.9200,good,balanced
0.2300,0.4400,0.3300,4.000,2.091,2.788,800000,800000,800000,800000,0.9200,max,balanced
0.2300,0.4500,0.3200,4.000,2.044,2.875,800000,800000,800000,800000,0.9200,max,balanced
0.2300,0.4600,0.3100,4.000,2.000,2.968,800000,800000,800000,800000,0.9200,max,balanced
0.2300,0.4700,0.3000,4.000,1.957,3.067,800000,800000,800000,800000,0.9200,max,balanced
0.2300,0.4800,0.2900,4.000,1.917,3.172,800000,800000,800000,800000,0.9200,good,balanced
0.2300,0.4900,0.2800,4.000,1.878,3.286,800000,800000,800000,800000,0.9200,good,balanced
0.2300,0.5000,0.2700,4.000,1.840,3.407,800000,800000,800000,800000,0.9200,max,moderate
0.2300,0.5100,0.2600,4.000,1.804,3.538,800000,800000,800000,800000,0.9200,max,moderate
0.2300,0.5200,0.2500,4.000,1.769,3.680,800000,800000,800000,800000,0.9200,max,moderate
0.2300,0.5300,0.2400,4.000,1.736,3.833,800000,800000,800000,800000,0.9200,max,moderate
0.2300,0.5400,0.2300,4.000,1.704,4.000,800000,800000,800000,800000,0.9200,max,moderate
0.2300,0.5500,0.2200,4.000,1.673,4.182,800000,800000,800000,800000,0.9200,max,moderate
0.2300,0.5600,0.2100,4.000,1.643,4.381,800000,800000,800000,800000,0.9200,good,moderate
0.2300,0.5700,0.2000,4.000,1.614,4.600,800000,800000,800000,800000,0.9200,max,moderate
0.2300,0.5800,0.1900,4.000,1.586,4.842,800000,800000,800000,800000,0.9200,good,moderate
0.2300,0.5900,0.1800,4.000,1.559,5.111,800000,800000,800000,800000,0.9200,max,moderate
0.2300,0.6000,0.1700,4.000,1.533,5.412,800000,800000,800000,800000,0.9200,max,moderate
0.2300,0.6100,0.1600,4.000,1.508,5.750,800000,800000,800000,800000,0.9200,max,moderate
0.2300,0.6200,0.1500,4.000,1.484,6.133,800000,800000,800000,800000,0.9200,max,moderate
0.2300,0.6300,0.1400,4.000,1.460,6.571,800000,800000,800000,800000,0.9200,good,moderate
0.2300,0.6400,0.1300,4.000,1.438,7.077,800000,800000,800000,800000,0.9200,max,moderate
0.2300,0.6500,0.1200,4.000,1.415,7.667,800000,800000,800000,800000,0.9200,max,moderate
0.2300,0.6600,0.1100,4.000,1.394,8.364,800000,800000,800000,800000,0.9200,max,moderate
0.2300,0.6700,0.1000,4.000,1.373,9.200,800000,800000,800000,800000,0.9200,max,moderate
0.2300,0.6800,0.0900,4.000,1.353,10.222,800000,800000,800000,800000,0.9200,max,moderate
0.2300,0.6900,0.0800,4.000,1.333,11.500,800000,800000,800000,800000,0.9200,max,moderate
0.2300,0.7000,0.0700,4.000,1.314,13.143,800000,800000,800000,800000,0.9200,good,heavy
0.2300,0.7100,0.0600,4.000,1.296,15.333,800000,800000,800000,800000,0.9200,max,heavy
0.2300,0.7200,0.0500,4.000,1.278,18.400,800000,800000,800000,800000,0.9200,max,heavy
0.2300,0.7300,0.0400,4.000,1.260,23.000,800000,800000,800000,800000,0.9200,good,heavy
0.2300,0.7400,0.0300,4.000,1.243,30.667,800000,800000,800000,800000,0.9200,max,heavy
0.2300,0.7500,0.0200,4.000,1.227,46.000,800000,800000,800000,800000,0.9200,good,heavy
0.2300,0.7600,0.0100,4.000,1.211,92.000,800000,800000,800000,800000,0.9200,max,heavy
0.2300,0.7700,0.0000,4.000,1.195,999.000,800000,800000,10000000,800000,0.9200,max,heavy
0.2400,0.0000,0.7600,3.833,999.000,1.211,800000,10000000,800000,800000,0.9200,max,heavy
0.2400,0.0100,0.7500,3.833,92.000,1.227,800000,800000,800000,800000,0.9200,good,heavy
0.2400,0.0200,0.7400,3.833,46.000,1.243,800000,800000,800000,800000,0.9200,max,heavy
0.2400,0.0300,0.7300,3.833,30.667,1.260,800000,800000,800000,800000,0.9200,good,heavy
0.2400,0.0400,0.7200,3.833,23.000,1.278,800000,800000,800000,800000,0.9200,max,heavy
0.2400,0.0500,0.7100,3.833,18.400,1.296,800000,800000,800000,800000,0.9200,max,heavy
0.2400,0.0600,0.7000,3.833,15.333,1.314,800000,800000,800000,800000,0.9200,good,heavy
0.2400,0.0700,0.6900,3.833,13.143,1.333,800000,800000,800000,800000,0.9200,good,moderate
0.2400,0.0800,0.6800,3.833,11.500,1.353,800000,800000,800000,800000,0.9200,max,moderate
0.2400,0.0900,0.6700,3.833,10.222,1.373,800000,800000,800000,800000,0.9200,max,moderate
0.2400,0.1000,0.6600,3.833,9.200,1.394,800000,800000,800000,800000,0.9200,max,moderate
0.2400,0.1100,0.6500,3.833,8.364,1.415,800000,800000,800000,800000,0.9200,max,moderate
0.2400,0.1200,0.6400,3.833,7.667,1.438,800000,800000,800000,800000,0.9200,max,moderate
0.2400,0.1300,0.6300,3.833,7.077,1.460,800000,800000,800000,800000,0.9200,max,moderate
0.2400,0.1400,0.6200,3.833,6.571,1.484,800000,800000,800000,800000,0.9200,good,moderate
0.2400,0.1500,0.6100,3.833,6.133,1.508,800000,800000,800000,800000,0.9200,max,moderate
0.2400,0.1600,0.6000,3.833,5.750,1.533,800000,800000,800000,800000,0.9200,max,moderate
0.2400,0.1700,0.5900,3.833,5.412,1.559,800000,800000,800000,800000,0.9200,max,moderate
0.2400,0.1800,0.5800,3.833,5.111,1.586,800000,800000,800000,800000,0.9200,good,moderate
0.2400,0.1900,0.5700,3.833,4.842,1.614,800000,800000,800000,800000,0.9200,max,moderate
0.2400,0.2000,0.5600,3.833,4.600,1.643,800000,800000,800000,800000,0.9200,good,moderate
0.2400,0.2100,0.5500,3.833,4.381,1.673,800000,800000,800000,800000,0.9200,max,moderate
0.2400,0.2200,0.5400,3.833,4.182,1.704,800000,800000,800000,800000,0.9200,max,moderate
0.2400,0.2300,0.5300,3.833,4.000,1.736,800000,800000,800000,800000,0.9200,max,moderate
0.2400,0.2400,0.5200,3.833,3.833,1.769,800000,800000,800000,800000,0.9200,max,moderate
0.2400,0.2500,0.5100,3.833,3.680,1.804,800000,800000,800000,800000,0.9200,max,moderate
0.2400,0.2600,0.5000,3.833,3.538,1.840,800000,800000,800000,800000,0.9200,max,moderate
0.2400,0.2700,0.4900,3.833,3.407,1.878,800000,800000,800000,800000,0.9200,max,balanced
0.2400,0.2800,0.4800,3.833,3.286,1.917,800000,800000,800000,800000,0.9200,good,balanced
0.2400,0.2900,0.4700,3.833,3.172,1.957,800000,800000,800000,800000,0.9200,good,balanced
0.2400,0.3000,0.4600,3.833,3.067,2.000,800000,800000,800000,800000,0.9200,max,balanced
0.2400,0.3100,0.4500,3.833,2.968,2.044,800000,800000,800000,800000,0.9200,max,balanced
0.2400,0.3200,0.4400,3.833,2.875,2.091,800000,800000,800000,800000,0.9200,max,balanced
0.2400,0.3300,0.4300,3.833,2.788,2.140,800000,800000,800000,800000,0.9200,good,balanced
0.2400,0.3400,0.4200,3.833,2.706,2.190,800000,800000,800000,800000,0.9200,max,balanced
0.2400,0.3500,0.4100,3.833,2.629,2.244,800000,800000,800000,800000,0.9200,good,balanced
0.2400,0.3600,0.4000,3.833,2.556,2.300,800000,800000,800000,800000,0.9200,max,balanced
0.2400,0.3700,0.3900,3.833,2.486,2.359,800000,800000,800000,800000,0.9200,max,balanced
0.2400,0.3800,0.3800,3.833,2.421,2.421,800000,800000,800000,800000,0.9200,max,balanced
0.2400,0.3900,0.3700,3.833,2.359,2.486,800000,800000,800000,800000,0.9200,max,balanced
0.2400,0.4000,0.3600,3.833,2.300,2.556,800000,800000,800000,800000,0.9200,max,balanced
0.2400,0.4100,0.3500,3.833,2.244,2.629,800000,800000,800000,800000,0.9200,good,balanced
0.2400,0.4200,0.3400,3.833,2.190,2.706,800000,800000,800000,800000,0.9200,max,balanced
0.2400,0.4300,0.3300,3.833,2.140,2.788,800000,800000,800000,800000,0.9200,good,balanced
0.2400,0.4400,0.3200,3.833,2.091,2.875,800000,800000,800000,800000,0.9200,max,balanced
0.2400,0.4500,0.3100,3.833,2.044,2.968,800000,800000,800000,800000,0.9200,max,balanced
0.2400,0.4600,0.3000,3.833,2.000,3.067,800000,800000,800000,800000,0.9200,max,balanced
0.2400,0.4700,0.2900,3.833,1.957,3.172,800000,800000,800000,800000,0.9200,good,balanced
0.2400,0.4800,0.2800,3.833,1.917,3.286,800000,800000,800000,800000,0.9200,good,balanced
0.2400,0.4900,0.2700,3.833,1.878,3.407,800000,800000,800000,800000,0.9200,max,balanced
0.2400,0.5000,0.2600,3.833,1.840,3.538,800000,800000,800000,800000,0.9200,max,moderate
0.2400,0.5100,0.2500,3.833,1.804,3.680,800000,800000,800000,800000,0.9200,max,moderate
0.2400,0.5200,0.2400,3.833,1.769,3.833,800000,800000,800000,800000,0.9200,max,moderate
0.2400,0.5300,0.2300,3.833,1.736,4.000,800000,800000,800000,800000,0.9200,max,moderate
0.2400,0.5400,0.2200,3.833,1.704,4.182,800000,800000,800000,800000,0.9200,max,moderate
0.2400,0.5500,0.2100,3.833,1.673,4.381,800000,800000,800000,800000,0.9200,max,moderate
0.2400,0.5600,0.2000,3.833,1.643,4.600,800000,800000,800000,800000,0.9200,good,moderate
0.2400,0.5700,0.1900,3.833,1.614,4.842,800000,800000,800000,800000,0.9200,max,moderate
0.2400,0.5800,0.1800,3.833,1.586,5.111,800000,800000,800000,800000,0.9200,good,moderate
0.2400,0.5900,0.1700,3.833,1.559,5.412,800000,800000,800000,800000,0.9200,max,moderate
0.2400,0.6000,0.1600,3.833,1.533,5.750,800000,800000,800000,800000,0.9200,max,moderate
0.2400,0.6100,0.1500,3.833,1.508,6.133,800000,800000,800000,800000,0.9200,max,moderate
0.2400,0.6200,0.1400,3.833,1.484,6.571,800000,800000,800000,800000,0.9200,good,moderate
0.2400,0.6300,0.1300,3.833,1.460,7.077,800000,800000,800000,800000,0.9200,max,moderate
0.2400,0.6400,0.1200,3.833,1.438,7.667,800000,800000,800000,800000,0.9200,max,moderate
0.2400,0.6500,0.1100,3.833,1.415,8.364,800000,800000,800000,800000,0.9200,max,moderate
0.2400,0.6600,0.1000,3.833,1.394,9.200,800000,800000,800000,800000,0.9200,max,moderate
0.2400,0.6700,0.0900,3.833,1.373,10.222,800000,800000,800000,800000,0.9200,max,moderate
0.2400,0.6800,0.0800,3.833,1.353,11.500,800000,800000,800000,800000,0.9200,max,moderate
0.2400,0.6900,0.0700,3.833,1.333,13.143,800000,800000,800000,800000,0.9200,good,moderate
0.2400,0.7000,0.0600,3.833,1.314,15.333,800000,800000,800000,800000,0.9200,good,heavy
0.2400,0.7100,0.0500,3.833,1.296,18.400,800000,800000,800000,800000,0.9200,max,heavy
0.2400,0.7200,0.0400,3.833,1.278,23.000,800000,800000,800000,800000,0.9200,max,heavy
0.2400,0.7300,0.0300,3.833,1.260,30.667,800000,800000,800000,800000,0.9200,good,heavy
0.2400,0.7400,0.0200,3.833,1.243,46.000,800000,800000,800000,800000,0.9200,max,heavy
0.2400,0.7500,0.0100,3.833,1.227,92.000,800000,800000,800000,800000,0.9200,good,heavy
0.2400,0.7600,0.0000,3.833,1.211,999.000,800000,800000,10000000,800000,0.9200,max,heavy
0.2500,0.0000,0.7500,3.680,999.000,1.227,800000,10000000,800000,800000,0.9200,good,heavy
0.2500,0.0100,0.7400,3.680,92.000,1.243,800000,800000,800000,800000,0.9200,max,heavy
0.2500,0.0200,0.7300,3.680,46.000,1.260,800000,800000,800000,800000,0.9200,good,heavy
0.2500,0.0300,0.7200,3.680,30.667,1.278,800000,800000,800000,800000,0.9200,max,heavy
0.2500,0.0400,0.7100,3.680,23.000,1.296,800000,800000,800000,800000,0.9200,max,heavy
0.2500,0.0500,0.7000,3.680,18.400,1.314,800000,800000,800000,800000,0.9200,good,heavy
0.2500,0.0600,0.6900,3.680,15.333,1.333,800000,800000,800000,800000,0.9200,max,moderate
0.2500,0.0700,0.6800,3.680,13.143,1.353,800000,800000,800000,800000,0.9200,good,moderate
0.2500,0.0800,0.6700,3.680,11.500,1.373,800000,800000,800000,800000,0.9200,max,moderate
0.2500,0.0900,0.6600,3.680,10.222,1.394,800000,800000,800000,800000,0.9200,max,moderate
0.2500,0.1000,0.6500,3.680,9.200,1.415,800000,800000,800000,800000,0.9200,max,moderate
0.2500,0.1100,0.6400,3.680,8.364,1.438,800000,800000,800000,800000,0.9200,max,moderate
0.2500,0.1200,0.6300,3.680,7.667,1.460,800000,800000,800000,800000,0.9200,max,moderate
0.2500,0.1300,0.6200,3.680,7.077,1.484,800000,800000,800000,800000,0.9200,max,moderate
0.2500,0.1400,0.6100,3.680,6.571,1.508,800000,800000,800000,800000,0.9200,good,moderate
0.2500,0.1500,0.6000,3.680,6.133,1.533,800000,800000,800000,800000,0.9200,max,moderate
0.2500,0.1600,0.5900,3.680,5.750,1.559,800000,800000,800000,800000,0.9200,max,moderate
0.2500,0.1700,0.5800,3.680,5.412,1.586,800000,800000,800000,800000,0.9200,good,moderate
0.2500,0.1800,0.5700,3.680,5.111,1.614,800000,800000,800000,800000,0.9200,max,moderate
0.2500,0.1900,0.5600,3.680,4.842,1.643,800000,800000,800000,800000,0.9200,good,moderate
0.2500,0.2000,0.5500,3.680,4.600,1.673,800000,800000,800000,800000,0.9200,max,moderate
0.2500,0.2100,0.5400,3.680,4.381,1.704,800000,800000,800000,800000,0.9200,max,moderate
0.2500,0.2200,0.5300,3.680,4.182,1.736,800000,800000,800000,800000,0.9200,max,moderate
0.2500,0.2300,0.5200,3.680,4.000,1.769,800000,800000,800000,800000,0.9200,max,moderate
0.2500,0.2400,0.5100,3.680,3.833,1.804,800000,800000,800000,800000,0.9200,max,moderate
0.2500,0.2500,0.5000,3.680,3.680,1.840,800000,800000,800000,800000,0.9200,max,moderate
0.2500,0.2600,0.4900,3.680,3.538,1.878,800000,800000,800000,800000,0.9200,max,balanced
0.2500,0.2700,0.4800,3.680,3.407,1.917,800000,800000,800000,800000,0.9200,max,balanced
0.2500,0.2800,0.4700,3.680,3.286,1.957,800000,800000,800000,800000,0.9200,good,balanced
0.2500,0.2900,0.4600,3.680,3.172,2.000,800000,800000,800000,800000,0.9200,good,balanced
0.2500,0.3000,0.4500,3.680,3.067,2.044,800000,800000,800000,800000,0.9200,max,balanced
0.2500,0.3100,0.4400,3.680,2.968,2.091,800000,800000,800000,800000,0.9200,max,balanced
0.2500,0.3200,0.4300,3.680,2.875,2.140,800000,800000,800000,800000,0.9200,good,balanced
0.2500,0.3300,0.4200,3.680,2.788,2.190,800000,800000,800000,800000,0.9200,max,balanced
0.2500,0.3400,0.4100,3.680,2.706,2.244,800000,800000,800000,800000,0.9200,max,balanced
0.2500,0.3500,0.4000,3.680,2.629,2.300,800000,800000,800000,800000,0.9200,good,balanced
0.2500,0.3600,0.3900,3.680,2.556,2.359,800000,800000,800000,800000,0.9200,max,balanced
0.2500,0.3700,0.3800,3.680,2.486,2.421,800000,800000,800000,800000,0.9200,max,balanced
0.2500,0.3800,0.3700,3.680,2.421,2.486,800000,800000,800000,800000,0.9200,max,balanced
0.2500,0.3900,0.3600,3.680,2.359,2.556,800000,800000,800000,800000,0.9200,max,balanced
0.2500,0.4000,0.3500,3.680,2.300,2.629,800000,800000,800000,800000,0.9200,good,balanced
0.2500,0.4100,0.3400,3.680,2.244,2.706,800000,800000,800000,800000,0.9200,max,balanced
0.2500,0.4200,0.3300,3.680,2.190,2.788,800000,800000,800000,800000,0.9200,max,balanced
0.2500,0.4300,0.3200,3.680,2.140,2.875,800000,800000,800000,800000,0.9200,good,balanced
0.2500,0.4400,0.3100,3.680,2.091,2.968,800000,800000,800000,800000,0.9200,max,balanced
0.2500,0.4500,0.3000,3.680,2.044,3.067,800000,800000,800000,800000,0.9200,max,balanced
0.2500,0.4600,0.2900,3.680,2.000,3.172,800000,800000,800000,800000,0.9200,good,balanced
0.2500,0.4700,0.2800,3.680,1.957,3.286,800000,800000,800000,800000,0.9200,good,balanced
0.2500,0.4800,0.2700,3.680,1.917,3.407,800000,800000,800000,800000,0.9200,max,balanced
0.2500,0.4900,0.2600,3.680,1.878,3.538,800000,800000,800000,800000,0.9200,max,balanced
0.2500,0.5000,0.2500,3.680,1.840,3.680,800000,800000,800000,800000,0.9200,max,moderate
0.2500,0.5100,0.2400,3.680,1.804,3.833,800000,800000,800000,800000,0.9200,max,moderate
0.2500,0.5200,0.2300,3.680,1.769,4.000,800000,800000,800000,800000,0.9200,max,moderate
0.2500,0.5300,0.2200,3.680,1.736,4.182,800000,800000,800000,800000,0.9200,max,moderate
0.2500,0.5400,0.2100,3.680,1.704,4.381,800000,800000,800000,800000,0.9200,max,moderate
0.2500,0.5500,0.2000,3.680,1.673,4.600,800000,800000,800000,800000,0.9200,max,moderate
0.2500,0.5600,0.1900,3.680,1.643,4.842,800000,800000,800000,800000,0.9200,good,moderate
0.2500,0.5700,0.1800,3.680,1.614,5.111,800000,800000,800000,800000,0.9200,max,moderate
0.2500,0.5800,0.1700,3.680,1.586,5.412,800000,800000,800000,800000,0.9200,good,moderate
0.2500,0.5900,0.1600,3.680,1.559,5.750,800000,800000,800000,800000,0.9200,max,moderate
0.2500,0.6000,0.1500,3.680,1.533,6.133,800000,800000,800000,800000,0.9200,max,moderate
0.2500,0.6100,0.1400,3.680,1.508,6.571,800000,800000,800000,800000,0.9200,good,moderate
0.2500,0.6200,0.1300,3.680,1.484,7.077,800000,800000,800000,800000,0.9200,max,moderate
0.2500,0.6300,0.1200,3.680,1.460,7.667,800000,800000,800000,800000,0.9200,max,moderate
0.2500,0.6400,0.1100,3.680,1.438,8.364,800000,800000,800000,800000,0.9200,max,moderate
0.2500,0.6500,0.1000,3.680,1.415,9.200,800000,800000,800000,800000,0.9200,max,moderate
0.2500,0.6600,0.0900,3.680,1.394,10.222,800000,800000,800000,800000,0.9200,max,moderate
0.2500,0.6700,0.0800,3.680,1.373,11.500,800000,800000,800000,800000,0.9200,max,moderate
0.2500,0.6800,0.0700,3.680,1.353,13.143,800000,800000,800000,800000,0.9200,good,moderate
0.2500,0.6900,0.0600,3.680,1.333,15.333,800000,800000,800000,800000,0.9200,max,moderate
0.2500,0.7000,0.0500,3.680,1.314,18.400,800000,800000,800000,800000,0.9200,good,heavy
0.2500,0.7100,0.0400,3.680,1.296,23.000,800000,800000,800000,800000,0.9200,max,heavy
0.2500,0.7200,0.0300,3.680,1.278,30.667,800000,800000,800000,800000,0.9200,max,heavy
0.2500,0.7300,0.0200,3.680,1.260,46.000,800000,800000,800000,800000,0.9200,good,heavy
0.2500,0.7400,0.0100,3.680,1.243,92.000,800000,800000,800000,800000,0.9200,max,heavy
0.2500,0.7500,0.0000,3.680,1.227,999.000,800000,800000,10000000,800000,0.9200,good,heavy
0.2600,0.0000,0.7400,3.538,999.000,1.243,800000,10000000,800000,800000,0.9200,max,heavy
0.2600,0.0100,0.7300,3.538,92.000,1.260,800000,800000,800000,800000,0.9200,good,heavy
0.2600,0.0200,0.7200,3.538,46.000,1.278,800000,800000,800000,800000,0.9200,max,heavy
0.2600,0.0300,0.7100,3.538,30.667,1.296,800000,800000,800000,800000,0.9200,max,heavy
0.2600,0.0400,0.7000,3.538,23.000,1.314,800000,800000,800000,800000,0.9200,good,heavy
0.2600,0.0500,0.6900,3.538,18.400,1.333,800000,800000,800000,800000,0.9200,max,moderate
0.2600,0.0600,0.6800,3.538,15.333,1.353,800000,800000,800000,800000,0.9200,max,moderate
0.2600,0.0700,0.6700,3.538,13.143,1.373,800000,800000,800000,800000,0.9200,good,moderate
0.2600,0.0800,0.6600,3.538,11.500,1.394,800000,800000,800000,800000,0.9200,max,moderate
0.2600,0.0900,0.6500,3.538,10.222,1.415,800000,800000,800000,800000,0.9200,max,moderate
0.2600,0.1000,0.6400,3.538,9.200,1.438,800000,800000,800000,800000,0.9200,max,moderate
0.2600,0.1100,0.6300,3.538,8.364,1.460,800000,800000,800000,800000,0.9200,max,moderate
0.2600,0.1200,0.6200,3.538,7.667,1.484,800000,800000,800000,800000,0.9200,max,moderate
0.2600,0.1300,0.6100,3.538,7.077,1.508,800000,800000,800000,800000,0.9200,max,moderate
0.2600,0.1400,0.6000,3.538,6.571,1.533,800000,800000,800000,800000,0.9200,good,moderate
0.2600,0.1500,0.5900,3.538,6.133,1.559,800000,800000,800000,800000,0.9200,max,moderate
0.2600,0.1600,0.5800,3.538,5.750,1.586,800000,800000,800000,800000,0.9200,good,moderate
0.2600,0.1700,0.5700,3.538,5.412,1.614,800000,800000,800000,800000,0.9200,max,moderate
0.2600,0.1800,0.5600,3.538,5.111,1.643,800000,800000,800000,800000,0.9200,good,moderate
0.2600,0.1900,0.5500,3.538,4.842,1.673,800000,800000,800000,800000,0.9200,max,moderate
0.2600,0.2000,0.5400,3.538,4.600,1.704,800000,800000,800000,800000,0.9200,max,moderate
0.2600,0.2100,0.5300,3.538,4.381,1.736,800000,800000,800000,800000,0.9200,max,moderate
0.2600,0.2200,0.5200,3.538,4.182,1.769,800000,800000,800000,800000,0.9200,max,moderate
0.2600,0.2300,0.5100,3.538,4.000,1.804,800000,800000,800000,800000,0.9200,max,moderate
0.2600,0.2400,0.5000,3.538,3.833,1.840,800000,800000,800000,800000,0.9200,max,moderate
0.2600,0.2500,0.4900,3.538,3.680,1.878,800000,800000,800000,800000,0.9200,max,balanced
0.2600,0.2600,0.4800,3.538,3.538,1.917,800000,800000,800000,800000,0.9200,max,balanced
0.2600,0.2700,0.4700,3.538,3.407,1.957,800000,800000,800000,800000,0.9200,max,balanced
0.2600,0.2800,0.4600,3.538,3.286,2.000,800000,800000,800000,800000,0.9200,good,balanced
0.2600,0.2900,0.4500,3.538,3.172,2.044,800000,800000,800000,800000,0.9200,good,balanced
0.2600,0.3000,0.4400,3.538,3.067,2.091,800000,800000,800000,800000,0.9200,max,balanced
0.2600,0.3100,0.4300,3.538,2.968,2.140,800000,800000,800000,800000,0.9200,good,balanced
0.2600,0.3200,0.4200,3.538,2.875,2.190,800000,800000,800000,800000,0.9200,max,balanced
0.2600,0.3300,0.4100,3.538,2.788,2.244,800000,800000,800000,800000,0.9200,max,balanced
0.2600,0.3400,0.4000,3.538,2.706,2.300,800000,800000,800000,800000,0.9200,max,balanced
0.2600,0.3500,0.3900,3.538,2.629,2.359,800000,800000,800000,800000,0.9200,good,balanced
0.2600,0.3600,0.3800,3.538,2.556,2.421,800000,800000,800000,800000,0.9200,max,balanced
0.2600,0.3700,0.3700,3.538,2.486,2.486,800000,800000,800000,800000,0.9200,max,balanced
0.2600,0.3800,0.3600,3.538,2.421,2.556,800000,800000,800000,800000,0.9200,max,balanced
0.2600,0.3900,0.3500,3.538,2.359,2.629,800000,800000,800000,800000,0.9200,good,balanced
0.2600,0.4000,0.3400,3.538,2.300,2.706,800000,800000,800000,800000,0.9200,max,balanced
0.2600,0.4100,0.3300,3.538,2.244,2.788,800000,800000,800000,800000,0.9200,max,balanced
0.2600,0.4200,0.3200,3.538,2.190,2.875,800000,800000,800000,800000,0.9200,max,balanced
0.2600,0.4300,0.3100,3.538,2.140,2.968,800000,800000,800000,800000,0.9200,good,balanced
0.2600,0.4400,0.3000,3.538,2.091,3.067,800000,800000,800000,800000,0.9200,max,balanced
0.2600,0.4500,0.2900,3.538,2.044,3.172,800000,800000,800000,800000,0.9200,good,balanced
0.2600,0.4600,0.2800,3.538,2.000,3.286,800000,800000,800000,800000,0.9200,good,balanced
0.2600,0.4700,0.2700,3.538,1.957,3.407,800000,800000,800000,800000,0.9200,max,balanced
0.2600,0.4800,0.2600,3.538,1.917,3.538,800000,800000,800000,800000,0.9200,max,balanced
0.2600,0.4900,0.2500,3.538,1.878,3.680,800000,800000,800000,800000,0.9200,max,balanced
0.2600,0.5000,0.2400,3.538,1.840,3.833,800000,800000,800000,800000,0.9200,max,moderate
0.2600,0.5100,0.2300,3.538,1.804,4.000,800000,800000,800000,800000,0.9200,max,moderate
0.2600,0.5200,0.2200,3.538,1.769,4.182,800000,800000,800000,800000,0.9200,max,moderate
0.2600,0.5300,0.2100,3.538,1.736,4.381,800000,800000,800000,800000,0.9200,max,moderate
0.2600,0.5400,0.2000,3.538,1.704,4.600,800000,800000,800000,800000,0.9200,max,moderate
0.2600,0.5500,0.1900,3.538,1.673,4.842,800000,800000,800000,800000,0.9200,max,moderate
0.2600,0.5600,0.1800,3.538,1.643,5.111,800000,800000,800000,800000,0.9200,good,moderate
0.2600,0.5700,0.1700,3.538,1.614,5.412,800000,800000,800000,800000,0.9200,max,moderate
0.2600,0.5800,0.1600,3.538,1.586,5.750,800000,800000,800000,800000,0.9200,good,moderate
0.2600,0.5900,0.1500,3.538,1.559,6.133,800000,800000,800000,800000,0.9200,max,moderate
0.2600,0.6000,0.1400,3.538,1.533,6.571,800000,800000,800000,800000,0.9200,good,moderate
0.2600,0.6100,0.1300,3.538,1.508,7.077,800000,800000,800000,800000,0.9200,max,moderate
0.2600,0.6200,0.1200,3.538,1.484,7.667,800000,800000,800000,800000,0.9200,max,moderate
0.2600,0.6300,0.1100,3.538,1.460,8.364,800000,800000,800000,800000,0.9200,max,moderate
0.2600,0.6400,0.1000,3.538,1.438,9.200,800000,800000,800000,800000,0.9200,max,moderate
0.2600,0.6500,0.0900,3.538,1.415,10.222,800000,800000,800000,800000,0.9200,max,moderate
0.2600,0.6600,0.0800,3.538,1.394,11.500,800000,800000,800000,800000,0.9200,max,moderate
0.2600,0.6700,0.0700,3.538,1.373,13.143,800000,800000,800000,800000,0.9200,good,moderate
0.2600,0.6800,0.0600,3.538,1.353,15.333,800000,800000,800000,800000,0.9200,max,moderate
0.2600,0.6900,0.0500,3.538,1.333,18.400,800000,800000,800000,800000,0.9200,max,moderate
0.2600,0.7000,0.0400,3.538,1.314,23.000,800000,800000,800000,800000,0.9200,good,heavy
0.2600,0.7100,0.0300,3.538,1.296,30.667,800000,800000,800000,800000,0.9200,max,heavy
0.2600,0.7200,0.0200,3.538,1.278,46.000,800000,800000,800000,800000,0.9200,max,heavy
0.2600,0.7300,0.0100,3.538,1.260,92.000,800000,800000,800000,800000,0.9200,good,heavy
0.2600,0.7400,0.0000,3.538,1.243,999.000,800000,800000,10000000,800000,0.9200,max,heavy
0.2700,0.0000,0.7300,3.407,999.000,1.260,800000,10000000,800000,800000,0.9200,good,heavy
0.2700,0.0100,0.7200,3.407,92.000,1.278,800000,800000,800000,800000,0.9200,max,heavy
0.2700,0.0200,0.7100,3.407,46.000,1.296,800000,800000,800000,800000,0.9200,max,heavy
0.2700,0.0300,0.7000,3.407,30.667,1.314,800000,800000,800000,800000,0.9200,good,heavy
0.2700,0.0400,0.6900,3.407,23.000,1.333,800000,800000,800000,800000,0.9200,max,moderate
0.2700,0.0500,0.6800,3.407,18.400,1.353,800000,800000,800000,800000,0.9200,max,moderate
0.2700,0.0600,0.6700,3.407,15.333,1.373,800000,800000,800000,800000,0.9200,max,moderate
0.2700,0.0700,0.6600,3.407,13.143,1.394,800000,800000,800000,800000,0.9200,good,moderate
0.2700,0.0800,0.6500,3.407,11.500,1.415,800000,800000,800000,800000,0.9200,max,moderate
0.2700,0.0900,0.6400,3.407,10.222,1.438,800000,800000,800000,800000,0.9200,max,moderate
0.2700,0.1000,0.6300,3.407,9.200,1.460,800000,800000,800000,800000,0.9200,max,moderate
0.2700,0.1100,0.6200,3.407,8.364,1.484,800000,800000,800000,800000,0.9200,max,moderate
0.2700,0.1200,0.6100,3.407,7.667,1.508,800000,800000,800000,800000,0.9200,max,moderate
0.2700,0.1300,0.6000,3.407,7.077,1.533,800000,800000,800000,800000,0.9200,max,moderate
0.2700,0.1400,0.5900,3.407,6.571,1.559,800000,800000,800000,800000,0.9200,good,moderate
0.2700,0.1500,0.5800,3.407,6.133,1.586,800000,800000,800000,800000,0.9200,good,moderate
0.2700,0.1600,0.5700,3.407,5.750,1.614,800000,800000,800000,800000,0.9200,max,moderate
0.2700,0.1700,0.5600,3.407,5.412,1.643,800000,800000,800000,800000,0.9200,good,moderate
0.2700,0.1800,0.5500,3.407,5.111,1.673,800000,800000,800000,800000,0.9200,max,moderate
0.2700,0.1900,0.5400,3.407,4.842,1.704,800000,800000,800000,800000,0.9200,max,moderate
0.2700,0.2000,0.5300,3.407,4.600,1.736,800000,800000,800000,800000,0.9200,max,moderate
0.2700,0.2100,0.5200,3.407,4.381,1.769,800000,800000,800000,800000,0.9200,max,moderate
0.2700,0.2200,0.5100,3.407,4.182,1.804,800000,800000,800000,800000,0.9200,max,moderate
0.2700,0.2300,0.5000,3.407,4.000,1.840,800000,800000,800000,800000,0.9200,max,moderate
0.2700,0.2400,0.4900,3.407,3.833,1.878,800000,800000,800000,800000,0.9200,max,balanced
0.2700,0.2500,0.4800,3.407,3.680,1.917,800000,800000,800000,800000,0.9200,max,balanced
0.2700,0.2600,0.4700,3.407,3.538,1.957,800000,800000,800000,800000,0.9200,max,balanced
0.2700,0.2700,0.4600,3.407,3.407,2.000,800000,800000,800000,800000,0.9200,max,balanced
0.2700,0.2800,0.4500,3.407,3.286,2.044,800000,800000,800000,800000,0.9200,good,balanced
0.2700,0.2900,0.4400,3.407,3.172,2.091,800000,800000,800000,800000,0.9200,good,balanced
0.2700,0.3000,0.4300,3.407,3.067,2.140,800000,800000,800000,800000,0.9200,good,balanced
0.2700,0.3100,0.4200,3.407,2.968,2.190,800000,800000,800000,800000,0.9200,max,balanced
0.2700,0.3200,0.4100,3.407,2.875,2.244,800000,800000,800000,800000,0.9200,max,balanced
0.2700,0.3300,0.4000,3.407,2.788,2.300,800000,800000,800000,800000,0.9200,max,balanced
0.2700,0.3400,0.3900,3.407,2.706,2.359,800000,800000,800000,800000,0.9200,max,balanced
0.2700,0.3500,0.3800,3.407,2.629,2.421,800000,800000,800000,800000,0.9200,good,balanced
0.2700,0.3600,0.3700,3.407,2.556,2.486,800000,800000,800000,800000,0.9200,max,balanced
0.2700,0.3700,0.3600,3.407,2.486,2.556,800000,800000,800000,800000,0.9200,max,balanced
0.2700,0.3800,0.3500,3.407,2.421,2.629,800000,800000,800000,800000,0.9200,good,balanced
0.2700,0.3900,0.3400,3.407,2.359,2.706,800000,800000,800000,800000,0.9200,max,balanced
0.2700,0.4000,0.3300,3.407,2.300,2.788,800000,800000,800000,800000,0.9200,max,balanced
0.2700,0.4100,0.3200,3.407,2.244,2.875,800000,800000,800000,800000,0.9200,max,balanced
0.2700,0.4200,0.3100,3.407,2.190,2.968,800000,800000,800000,800000,0.9200,max,balanced
0.2700,0.4300,0.3000,3.407,2.140,3.067,800000,800000,800000,800000,0.9200,good,balanced
0.2700,0.4400,0.2900,3.407,2.091,3.172,800000,800000,800000,800000,0.9200,good,balanced
0.2700,0.4500,0.2800,3.407,2.044,3.286,800000,800000,800000,800000,0.9200,good,balanced
0.2700,0.4600,0.2700,3.407,2.000,3.407,800000,800000,800000,800000,0.9200,max,balanced
0.2700,0.4700,0.2600,3.407,1.957,3.538,800000,800000,800000,800000,0.9200,max,balanced
0.2700,0.4800,0.2500,3.407,1.917,3.680,800000,800000,800000,800000,0.9200,max,balanced
0.2700,0.4900,0.2400,3.407,1.878,3.833,800000,800000,800000,800000,0.9200,max,balanced
0.2700,0.5000,0.2300,3.407,1.840,4.000,800000,800000,800000,800000,0.9200,max,moderate
0.2700,0.5100,0.2200,3.407,1.804,4.182,800000,800000,800000,800000,0.9200,max,moderate
0.2700,0.5200,0.2100,3.407,1.769,4.381,800000,800000,800000,800000,0.9200,max,moderate
0.2700,0.5300,0.2000,3.407,1.736,4.600,800000,800000,800000,800000,0.9200,max,moderate
0.2700,0.5400,0.1900,3.407,1.704,4.842,800000,800000,800000,800000,0.9200,max,moderate
0.2700,0.5500,0.1800,3.407,1.673,5.111,800000,800000,800000,800000,0.9200,max,moderate
0.2700,0.5600,0.1700,3.407,1.643,5.412,800000,800000,800000,800000,0.9200,good,moderate
0.2700,0.5700,0.1600,3.407,1.614,5.750,800000,800000,800000,800000,0.9200,max,moderate
0.2700,0.5800,0.1500,3.407,1.586,6.133,800000,800000,800000,800000,0.9200,good,moderate
0.2700,0.5900,0.1400,3.407,1.559,6.571,800000,800000,800000,800000,0.9200,good,moderate
0.2700,0.6000,0.1300,3.407,1.533,7.077,800000,800000,800000,800000,0.9200,max,moderate
0.2700,0.6100,0.1200,3.407,1.508,7.667,800000,800000,800000,800000,0.9200,max,moderate
0.2700,0.6200,0.1100,3.407,1.484,8.364,800000,800000,800000,800000,0.9200,max,moderate
0.2700,0.6300,0.1000,3.407,1.460,9.200,800000,800000,800000,800000,0.9200,max,moderate
0.2700,0.6400,0.0900,3.407,1.438,10.222,800000,800000,800000,800000,0.9200,max,moderate
0.2700,0.6500,0.0800,3.407,1.415,11.500,800000,800000,800000,800000,0.9200,max,moderate
0.2700,0.6600,0.0700,3.407,1.394,13.143,800000,800000,800000,800000,0.9200,good,moderate
0.2700,0.6700,0.0600,3.407,1.373,15.333,800000,800000,800000,800000,0.9200,max,moderate
0.2700,0.6800,0.0500,3.407,1.353,18.400,800000,800000,800000,800000,0.9200,max,moderate
0.2700,0.6900,0.0400,3.407,1.333,23.000,800000,800000,800000,800000,0.9200,max,moderate
0.2700,0.7000,0.0300,3.407,1.314,30.667,800000,800000,800000,800000,0.9200,good,heavy
0.2700,0.7100,0.0200,3.407,1.296,46.000,800000,800000,800000,800000,0.9200,max,heavy
0.2700,0.7200,0.0100,3.407,1.278,92.000,800000,800000,800000,800000,0.9200,max,heavy
0.2700,0.7300,0.0000,3.407,1.260,999.000,800000,800000,10000000,800000,0.9200,good,heavy
0.2800,0.0000,0.7200,3.286,999.000,1.278,800000,10000000,800000,800000,0.9200,good,heavy
0.2800,0.0100,0.7100,3.286,92.000,1.296,800000,800000,800000,800000,0.9200,good,heavy
0.2800,0.0200,0.7000,3.286,46.000,1.314,800000,800000,800000,800000,0.9200,good,heavy
0.2800,0.0300,0.6900,3.286,30.667,1.333,800000,800000,800000,800000,0.9200,good,moderate
0.2800,0.0400,0.6800,3.286,23.000,1.353,800000,800000,800000,800000,0.9200,good,moderate
0.2800,0.0500,0.6700,3.286,18.400,1.373,800000,800000,800000,800000,0.9200,good,moderate
0.2800,0.0600,0.6600,3.286,15.333,1.394,800000,800000,800000,800000,0.9200,good,moderate
0.2800,0.0700,0.6500,3.286,13.143,1.415,800000,800000,800000,800000,0.9200,good,moderate
0.2800,0.0800,0.6400,3.286,11.500,1.438,800000,800000,800000,800000,0.9200,good,moderate
0.2800,0.0900,0.6300,3.286,10.222,1.460,800000,800000,800000,800000,0.9200,good,moderate
0.2800,0.1000,0.6200,3.286,9.200,1.484,800000,800000,800000,800000,0.9200,good,moderate
0.2800,0.1100,0.6100,3.286,8.364,1.508,800000,800000,800000,800000,0.9200,good,moderate
0.2800,0.1200,0.6000,3.286,7.667,1.533,800000,800000,800000,800000,0.9200,good,moderate
0.2800,0.1300,0.5900,3.286,7.077,1.559,800000,800000,800000,800000,0.9200,good,moderate
0.2800,0.1400,0.5800,3.286,6.571,1.586,800000,800000,800000,800000,0.9200,good,moderate
0.2800,0.1500,0.5700,3.286,6.133,1.614,800000,800000,800000,800000,0.9200,good,moderate
0.2800,0.1600,0.5600,3.286,5.750,1.643,800000,800000,800000,800000,0.9200,good,moderate
0.2800,0.1700,0.5500,3.286,5.412,1.673,800000,800000,800000,800000,0.9200,good,moderate
0.2800,0.1800,0.5400,3.286,5.111,1.704,800000,800000,800000,800000,0.9200,good,moderate
0.2800,0.1900,0.5300,3.286,4.842,1.736,800000,800000,800000,800000,0.9200,good,moderate
0.2800,0.2000,0.5200,3.286,4.600,1.769,800000,800000,800000,800000,0.9200,good,moderate
0.2800,0.2100,0.5100,3.286,4.381,1.804,800000,800000,800000,800000,0.9200,good,moderate
0.2800,0.2200,0.5000,3.286,4.182,1.840,800000,800000,800000,800000,0.9200,good,moderate
0.2800,0.2300,0.4900,3.286,4.000,1.878,800000,800000,800000,800000,0.9200,good,balanced
0.2800,0.2400,0.4800,3.286,3.833,1.917,800000,800000,800000,800000,0.9200,good,balanced
0.2800,0.2500,0.4700,3.286,3.680,1.957,800000,800000,800000,800000,0.9200,good,balanced
0.2800,0.2600,0.4600,3.286,3.538,2.000,800000,800000,800000,800000,0.9200,good,balanced
0.2800,0.2700,0.4500,3.286,3.407,2.044,800000,800000,800000,800000,0.9200,good,balanced
0.2800,0.2800,0.4400,3.286,3.286,2.091,800000,800000,800000,800000,0.9200,good,balanced
0.2800,0.2900,0.4300,3.286,3.172,2.140,800000,800000,800000,800000,0.9200,good,balanced
0.2800,0.3000,0.4200,3.286,3.067,2.190,800000,800000,800000,800000,0.9200,good,balanced
0.2800,0.3100,0.4100,3.286,2.968,2.244,800000,800000,800000,800000,0.9200,good,balanced
0.2800,0.3200,0.4000,3.286,2.875,2.300,800000,800000,800000,800000,0.9200,good,balanced
0.2800,0.3300,0.3900,3.286,2.788,2.359,800000,800000,800000,800000,0.9200,good,balanced
0.2800,0.3400,0.3800,3.286,2.706,2.421,800000,800000,800000,800000,0.9200,good,balanced
0.2800,0.3500,0.3700,3.286,2.629,2.486,800000,800000,800000,800000,0.9200,good,balanced
0.2800,0.3600,0.3600,3.286,2.556,2.556,800000,800000,800000,800000,0.9200,good,balanced
0.2800,0.3700,0.3500,3.286,2.486,2.629,800000,800000,800000,800000,0.9200,good,balanced
0.2800,0.3800,0.3400,3.286,2.421,2.706,800000,800000,800000,800000,0.9200,good,balanced
0.2800,0.3900,0.3300,3.286,2.359,2.788,800000,800000,800000,800000,0.9200,good,balanced
0.2800,0.4000,0.3200,3.286,2.300,2.875,800000,800000,800000,800000,0.9200,good,balanced
0.2800,0.4100,0.3100,3.286,2.244,2.968,800000,800000,800000,800000,0.9200,good,balanced
0.2800,0.4200,0.3000,3.286,2.190,3.067,800000,800000,800000,800000,0.9200,good,balanced
0.2800,0.4300,0.2900,3.286,2.140,3.172,800000,800000,800000,800000,0.9200,good,balanced
0.2800,0.4400,0.2800,3.286,2.091,3.286,800000,800000,800000,800000,0.9200,good,balanced
0.2800,0.4500,0.2700,3.286,2.044,3.407,800000,800000,800000,800000,0.9200,good,balanced
0.2800,0.4600,0.2600,3.286,2.000,3.538,800000,800000,800000,800000,0.9200,good,balanced
0.2800,0.4700,0.2500,3.286,1.957,3.680,800000,800000,800000,800000,0.9200,good,balanced
0.2800,0.4800,0.2400,3.286,1.917,3.833,800000,800000,800000,800000,0.9200,good,balanced
0.2800,0.4900,0.2300,3.286,1.878,4.000,800000,800000,800000,800000,0.9200,good,balanced
0.2800,0.5000,0.2200,3.286,1.840,4.182,800000,800000,800000,800000,0.9200,good,moderate
0.2800,0.5100,0.2100,3.286,1.804,4.381,800000,800000,800000,800000,0.9200,good,moderate
0.2800,0.5200,0.2000,3.286,1.769,4.600,800000,800000,800000,800000,0.9200,good,moderate
0.2800,0.5300,0.1900,3.286,1.736,4.842,800000,800000,800000,800000,0.9200,good,moderate
0.2800,0.5400,0.1800,3.286,1.704,5.111,800000,800000,800000,800000,0.9200,good,moderate
0.2800,0.5500,0.1700,3.286,1.673,5.412,800000,800000,800000,800000,0.9200,good,moderate
0.2800,0.5600,0.1600,3.286,1.643,5.750,800000,800000,800000,800000,0.9200,good,moderate
0.2800,0.5700,0.1500,3.286,1.614,6.133,800000,800000,800000,800000,0.9200,good,moderate
0.2800,0.5800,0.1400,3.286,1.586,6.571,800000,800000,800000,800000,0.9200,good,moderate
0.2800,0.5900,0.1300,3.286,1.559,7.077,800000,800000,800000,800000,0.9200,good,moderate
0.2800,0.6000,0.1200,3.286,1.533,7.667,800000,800000,800000,800000,0.9200,good,moderate
0.2800,0.6100,0.1100,3.286,1.508,8.364,800000,800000,800000,800000,0.9200,good,moderate
0.2800,0.6200,0.1000,3.286,1.484,9.200,800000,800000,800000,800000,0.9200,good,moderate
0.2800,0.6300,0.0900,3.286,1.460,10.222,800000,800000,800000,800000,0.9200,good,moderate
0.2800,0.6400,0.0800,3.286,1.438,11.500,800000,800000,800000,800000,0.9200,good,moderate
0.2800,0.6500,0.0700,3.286,1.415,13.143,800000,800000,800000,800000,0.9200,good,moderate
0.2800,0.6600,0.0600,3.286,1.394,15.333,800000,800000,800000,800000,0.9200,good,moderate
0.2800,0.6700,0.0500,3.286,1.373,18.400,800000,800000,800000,800000,0.9200,good,moderate
0.2800,0.6800,0.0400,3.286,1.353,23.000,800000,800000,800000,800000,0.9200,good,moderate
0.2800,0.6900,0.0300,3.286,1.333,30.667,800000,800000,800000,800000,0.9200,good,moderate
0.2800,0.7000,0.0200,3.286,1.314,46.000,800000,800000,800000,800000,0.9200,good,heavy
0.2800,0.7100,0.0100,3.286,1.296,92.000,800000,800000,800000,800000,0.9200,good,heavy
0.2800,0.7200,0.0000,3.286,1.278,999.000,800000,800000,10000000,800000,0.9200,good,heavy
0.2900,0.0000,0.7100,3.172,999.000,1.296,800000,10000000,800000,800000,0.9200,good,heavy
0.2900,0.0100,0.7000,3.172,92.000,1.314,800000,800000,800000,800000,0.9200,good,heavy
0.2900,0.0200,0.6900,3.172,46.000,1.333,800000,800000,800000,800000,0.9200,good,moderate
0.2900,0.0300,0.6800,3.172,30.667,1.353,800000,800000,800000,800000,0.9200,good,moderate
0.2900,0.0400,0.6700,3.172,23.000,1.373,800000,800000,800000,800000,0.9200,good,moderate
0.2900,0.0500,0.6600,3.172,18.400,1.394,800000,800000,800000,800000,0.9200,good,moderate
0.2900,0.0600,0.6500,3.172,15.333,1.415,800000,800000,800000,800000,0.9200,good,moderate
0.2900,0.0700,0.6400,3.172,13.143,1.438,800000,800000,800000,800000,0.9200,good,moderate
0.2900,0.0800,0.6300,3.172,11.500,1.460,800000,800000,800000,800000,0.9200,good,moderate
0.2900,0.0900,0.6200,3.172,10.222,1.484,800000,800000,800000,800000,0.9200,good,moderate
0.2900,0.1000,0.6100,3.172,9.200,1.508,800000,800000,800000,800000,0.9200,good,moderate
0.2900,0.1100,0.6000,3.172,8.364,1.533,800000,800000,800000,800000,0.9200,good,moderate
0.2900,0.1200,0.5900,3.172,7.667,1.559,800000,800000,800000,800000,0.9200,good,moderate
0.2900,0.1300,0.5800,3.172,7.077,1.586,800000,800000,800000,800000,0.9200,good,moderate
0.2900,0.1400,0.5700,3.172,6.571,1.614,800000,800000,800000,800000,0.9200,good,moderate
0.2900,0.1500,0.5600,3.172,6.133,1.643,800000,800000,800000,800000,0.9200,good,moderate
0.2900,0.1600,0.5500,3.172,5.750,1.673,800000,800000,800000,800000,0.9200,good,moderate
0.2900,0.1700,0.5400,3.172,5.412,1.704,800000,800000,800000,800000,0.9200,good,moderate
0.2900,0.1800,0.5300,3.172,5.111,1.736,800000,800000,800000,800000,0.9200,good,moderate
0.2900,0.1900,0.5200,3.172,4.842,1.769,800000,800000,800000,800000,0.9200,good,moderate
0.2900,0.2000,0.5100,3.172,4.600,1.804,800000,800000,800000,800000,0.9200,good,moderate
0.2900,0.2100,0.5000,3.172,4.381,1.840,800000,800000,800000,800000,0.9200,good,moderate
0.2900,0.2200,0.4900,3.172,4.182,1.878,800000,800000,800000,800000,0.9200,good,balanced
0.2900,0.2300,0.4800,3.172,4.000,1.917,800000,800000,800000,800000,0.9200,good,balanced
0.2900,0.2400,0.4700,3.172,3.833,1.957,800000,800000,800000,800000,0.9200,good,balanced
0.2900,0.2500,0.4600,3.172,3.680,2.000,800000,800000,800000,800000,0.9200,good,balanced
0.2900,0.2600,0.4500,3.172,3.538,2.044,800000,800000,800000,800000,0.9200,good,balanced
0.2900,0.2700,0.4400,3.172,3.407,2.091,800000,800000,800000,800000,0.9200,good,balanced
0.2900,0.2800,0.4300,3.172,3.286,2.140,800000,800000,800000,800000,0.9200,good,balanced
0.2900,0.2900,0.4200,3.172,3.172,2.190,800000,800000,800000,800000,0.9200,good,balanced
0.2900,0.3000,0.4100,3.172,3.067,2.244,800000,800000,800000,800000,0.9200,good,balanced
0.2900,0.3100,0.4000,3.172,2.968,2.300,800000,800000,800000,800000,0.9200,good,balanced
0.2900,0.3200,0.3900,3.172,2.875,2.359,800000,800000,800000,800000,0.9200,good,balanced
0.2900,0.3300,0.3800,3.172,2.788,2.421,800000,800000,800000,800000,0.9200,good,balanced
0.2900,0.3400,0.3700,3.172,2.706,2.486,800000,800000,800000,800000,0.9200,good,balanced
0.2900,0.3500,0.3600,3.172,2.629,2.556,800000,800000,800000,800000,0.9200,good,balanced
0.2900,0.3600,0.3500,3.172,2.556,2.629,800000,800000,800000,800000,0.9200,good,balanced
0.2900,0.3700,0.3400,3.172,2.486,2.706,800000,800000,800000,800000,0.9200,good,balanced
0.2900,0.3800,0.3300,3.172,2.421,2.788,800000,800000,800000,800000,0.9200,good,balanced
0.2900,0.3900,0.3200,3.172,2.359,2.875,800000,800000,800000,800000,0.9200,good,balanced
0.2900,0.4000,0.3100,3.172,2.300,2.968,800000,800000,800000,800000,0.9200,good,balanced
0.2900,0.4100,0.3000,3.172,2.244,3.067,800000,800000,800000,800000,0.9200,good,balanced
0.2900,0.4200,0.2900,3.172,2.190,3.172,800000,800000,800000,800000,0.9200,good,balanced
0.2900,0.4300,0.2800,3.172,2.140,3.286,800000,800000,800000,800000,0.9200,good,balanced
0.2900,0.4400,0.2700,3.172,2.091,3.407,800000,800000,800000,800000,0.9200,good,balanced
0.2900,0.4500,0.2600,3.172,2.044,3.538,800000,800000,800000,800000,0.9200,good,balanced
0.2900,0.4600,0.2500,3.172,2.000,3.680,800000,800000,800000,800000,0.9200,good,balanced
0.2900,0.4700,0.2400,3.172,1.957,3.833,800000,800000,800000,800000,0.9200,good,balanced
0.2900,0.4800,0.2300,3.172,1.917,4.000,800000,800000,800000,800000,0.9200,good,balanced
0.2900,0.4900,0.2200,3.172,1.878,4.182,800000,800000,800000,800000,0.9200,good,balanced
0.2900,0.5000,0.2100,3.172,1.840,4.381,800000,800000,800000,800000,0.9200,good,moderate
0.2900,0.5100,0.2000,3.172,1.804,4.600,800000,800000,800000,800000,0.9200,good,moderate
0.2900,0.5200,0.1900,3.172,1.769,4.842,800000,800000,800000,800000,0.9200,good,moderate
0.2900,0.5300,0.1800,3.172,1.736,5.111,800000,800000,800000,800000,0.9200,good,moderate
0.2900,0.5400,0.1700,3.172,1.704,5.412,800000,800000,800000,800000,0.9200,good,moderate
0.2900,0.5500,0.1600,3.172,1.673,5.750,800000,800000,800000,800000,0.9200,good,moderate
0.2900,0.5600,0.1500,3.172,1.643,6.133,800000,800000,800000,800000,0.9200,good,moderate
0.2900,0.5700,0.1400,3.172,1.614,6.571,800000,800000,800000,800000,0.9200,good,moderate
0.2900,0.5800,0.1300,3.172,1.586,7.077,800000,800000,800000,800000,0.9200,good,moderate
0.2900,0.5900,0.1200,3.172,1.559,7.667,800000,800000,800000,800000,0.9200,good,moderate
0.2900,0.6000,0.1100,3.172,1.533,8.364,800000,800000,800000,800000,0.9200,good,moderate
0.2900,0.6100,0.1000,3.172,1.508,9.200,800000,800000,800000,800000,0.9200,good,moderate
0.2900,0.6200,0.0900,3.172,1.484,10.222,800000,800000,800000,800000,0.9200,good,moderate
0.2900,0.6300,0.0800,3.172,1.460,11.500,800000,800000,800000,800000,0.9200,good,moderate
0.2900,0.6400,0.0700,3.172,1.438,13.143,800000,800000,800000,800000,0.9200,good,moderate
0.2900,0.6500,0.0600,3.172,1.415,15.333,800000,800000,800000,800000,0.9200,good,moderate
0.2900,0.6600,0.0500,3.172,1.394,18.400,800000,800000,800000,800000,0.9200,good,moderate
0.2900,0.6700,0.0400,3.172,1.373,23.000,800000,800000,800000,800000,0.9200,good,moderate
0.2900,0.6800,0.0300,3.172,1.353,30.667,800000,800000,800000,800000,0.9200,good,moderate
0.2900,0.6900,0.0200,3.172,1.333,46.000,800000,800000,800000,800000,0.9200,good,moderate
0.2900,0.7000,0.0100,3.172,1.314,92.000,800000,800000,800000,800000,0.9200,good,heavy
0.2900,0.7100,0.0000,3.172,1.296,999.000,800000,800000,10000000,800000,0.9200,good,heavy
0.3000,0.0000,0.7000,3.067,999.000,1.314,800000,10000000,800000,800000,0.9200,good,heavy
0.3000,0.0100,0.6900,3.067,92.000,1.333,800000,800000,800000,800000,0.9200,max,moderate
0.3000,0.0200,0.6800,3.067,46.000,1.353,800000,800000,800000,800000,0.9200,max,moderate
0.3000,0.0300,0.6700,3.067,30.667,1.373,800000,800000,800000,800000,0.9200,max,moderate
0.3000,0.0400,0.6600,3.067,23.000,1.394,800000,800000,800000,800000,0.9200,max,moderate
0.3000,0.0500,0.6500,3.067,18.400,1.415,800000,800000,800000,800000,0.9200,max,moderate
0.3000,0.0600,0.6400,3.067,15.333,1.438,800000,800000,800000,800000,0.9200,max,moderate
0.3000,0.0700,0.6300,3.067,13.143,1.460,800000,800000,800000,800000,0.9200,good,moderate
0.3000,0.0800,0.6200,3.067,11.500,1.484,800000,800000,800000,800000,0.9200,max,moderate
0.3000,0.0900,0.6100,3.067,10.222,1.508,800000,800000,800000,800000,0.9200,max,moderate
0.3000,0.1000,0.6000,3.067,9.200,1.533,800000,800000,800000,800000,0.9200,max,moderate
0.3000,0.1100,0.5900,3.067,8.364,1.559,800000,800000,800000,800000,0.9200,max,moderate
0.3000,0.1200,0.5800,3.067,7.667,1.586,800000,800000,800000,800000,0.9200,good,moderate
0.3000,0.1300,0.5700,3.067,7.077,1.614,800000,800000,800000,800000,0.9200,max,moderate
0.3000,0.1400,0.5600,3.067,6.571,1.643,800000,800000,800000,800000,0.9200,good,moderate
0.3000,0.1500,0.5500,3.067,6.133,1.673,800000,800000,800000,800000,0.9200,max,moderate
0.3000,0.1600,0.5400,3.067,5.750,1.704,800000,800000,800000,800000,0.9200,max,moderate
0.3000,0.1700,0.5300,3.067,5.412,1.736,800000,800000,800000,800000,0.9200,max,moderate
0.3000,0.1800,0.5200,3.067,5.111,1.769,800000,800000,800000,800000,0.9200,max,moderate
0.3000,0.1900,0.5100,3.067,4.842,1.804,800000,800000,800000,800000,0.9200,max,moderate
0.3000,0.2000,0.5000,3.067,4.600,1.840,800000,800000,800000,800000,0.9200,max,moderate
0.3000,0.2100,0.4900,3.067,4.381,1.878,800000,800000,800000,800000,0.9200,max,balanced
0.3000,0.2200,0.4800,3.067,4.182,1.917,800000,800000,800000,800000,0.9200,max,balanced
0.3000,0.2300,0.4700,3.067,4.000,1.957,800000,800000,800000,800000,0.9200,max,balanced
0.3000,0.2400,0.4600,3.067,3.833,2.000,800000,800000,800000,800000,0.9200,max,balanced
0.3000,0.2500,0.4500,3.067,3.680,2.044,800000,800000,800000,800000,0.9200,max,balanced
0.3000,0.2600,0.4400,3.067,3.538,2.091,800000,800000,800000,800000,0.9200,max,balanced
0.3000,0.2700,0.4300,3.067,3.407,2.140,800000,800000,800000,800000,0.9200,good,balanced
0.3000,0.2800,0.4200,3.067,3.286,2.190,800000,800000,800000,800000,0.9200,good,balanced
0.3000,0.2900,0.4100,3.067,3.172,2.244,800000,800000,800000,800000,0.9200,good,balanced
0.3000,0.3000,0.4000,3.067,3.067,2.300,800000,800000,800000,800000,0.9200,max,balanced
0.3000,0.3100,0.3900,3.067,2.968,2.359,800000,800000,800000,800000,0.9200,max,balanced
0.3000,0.3200,0.3800,3.067,2.875,2.421,800000,800000,800000,800000,0.9200,max,balanced
0.3000,0.3300,0.3700,3.067,2.788,2.486,800000,800000,800000,800000,0.9200,max,balanced
0.3000,0.3400,0.3600,3.067,2.706,2.556,800000,800000,800000,800000,0.9200,max,balanced
0.3000,0.3500,0.3500,3.067,2.629,2.629,800000,800000,800000,800000,0.9200,good,balanced
0.3000,0.3600,0.3400,3.067,2.556,2.706,800000,800000,800000,800000,0.9200,max,balanced
0.3000,0.3700,0.3300,3.067,2.486,2.788,800000,800000,800000,800000,0.9200,max,balanced
0.3000,0.3800,0.3200,3.067,2.421,2.875,800000,800000,800000,800000,0.9200,max,balanced
0.3000,0.3900,0.3100,3.067,2.359,2.968,800000,800000,800000,800000,0.9200,max,balanced
0.3000,0.4000,0.3000,3.067,2.300,3.067,800000,800000,800000,800000,0.9200,max,balanced
0.3000,0.4100,0.2900,3.067,2.244,3.172,800000,800000,800000,800000,0.9200,good,balanced
0.3000,0.4200,0.2800,3.067,2.190,3.286,800000,800000,800000,800000,0.9200,good,balanced
0.3000,0.4300,0.2700,3.067,2.140,3.407,800000,800000,800000,800000,0.9200,good,balanced
0.3000,0.4400,0.2600,3.067,2.091,3.538,800000,800000,800000,800000,0.9200,max,balanced
0.3000,0.4500,0.2500,3.067,2.044,3.680,800000,800000,800000,800000,0.9200,max,balanced
0.3000,0.4600,0.2400,3.067,2.000,3.833,800000,800000,800000,800000,0.9200,max,balanced
0.3000,0.4700,0.2300,3.067,1.957,4.000,800000,800000,800000,800000,0.9200,max,balanced
0.3000,0.4800,0.2200,3.067,1.917,4.182,800000,800000,800000,800000,0.9200,max,balanced
0.3000,0.4900,0.2100,3.067,1.878,4.381,800000,800000,800000,800000,0.9200,max,balanced
0.3000,0.5000,0.2000,3.067,1.840,4.600,800000,800000,800000,800000,0.9200,max,moderate
0.3000,0.5100,0.1900,3.067,1.804,4.842,800000,800000,800000,800000,0.9200,max,moderate
0.3000,0.5200,0.1800,3.067,1.769,5.111,800000,800000,800000,800000,0.9200,max,moderate
0.3000,0.5300,0.1700,3.067,1.736,5.412,800000,800000,800000,800000,0.9200,max,moderate
0.3000,0.5400,0.1600,3.067,1.704,5.750,800000,800000,800000,800000,0.9200,max,moderate
0.3000,0.5500,0.1500,3.067,1.673,6.133,800000,800000,800000,800000,0.9200,max,moderate
0.3000,0.5600,0.1400,3.067,1.643,6.571,800000,800000,800000,800000,0.9200,good,moderate
0.3000,0.5700,0.1300,3.067,1.614,7.077,800000,800000,800000,800000,0.9200,max,moderate
0.3000,0.5800,0.1200,3.067,1.586,7.667,800000,800000,800000,800000,0.9200,good,moderate
0.3000,0.5900,0.1100,3.067,1.559,8.364,800000,800000,800000,800000,0.9200,max,moderate
0.3000,0.6000,0.1000,3.067,1.533,9.200,800000,800000,800000,800000,0.9200,max,moderate
0.3000,0.6100,0.0900,3.067,1.508,10.222,800000,800000,800000,800000,0.9200,max,moderate
0.3000,0.6200,0.0800,3.067,1.484,11.500,800000,800000,800000,800000,0.9200,max,moderate
0.3000,0.6300,0.0700,3.067,1.460,13.143,800000,800000,800000,800000,0.9200,good,moderate
0.3000,0.6400,0.0600,3.067,1.438,15.333,800000,800000,800000,800000,0.9200,max,moderate
0.3000,0.6500,0.0500,3.067,1.415,18.400,800000,800000,800000,800000,0.9200,max,moderate
0.3000,0.6600,0.0400,3.067,1.394,23.000,800000,800000,800000,800000,0.9200,max,moderate
0.3000,0.6700,0.0300,3.067,1.373,30.667,800000,800000,800000,800000,0.9200,max,moderate
0.3000,0.6800,0.0200,3.067,1.353,46.000,800000,800000,800000,800000,0.9200,max,moderate
0.3000,0.6900,0.0100,3.067,1.333,92.000,800000,800000,800000,800000,0.9200,max,moderate
0.3000,0.7000,0.0000,3.067,1.314,999.000,800000,800000,10000000,800000,0.9200,good,heavy
0.3100,0.0000,0.6900,2.968,999.000,1.333,800000,10000000,800000,800000,0.9200,max,moderate
0.3100,0.0100,0.6800,2.968,92.000,1.353,800000,800000,800000,800000,0.9200,max,moderate
0.3100,0.0200,0.6700,2.968,46.000,1.373,800000,800000,800000,800000,0.9200,max,moderate
0.3100,0.0300,0.6600,2.968,30.667,1.394,800000,800000,800000,800000,0.9200,max,moderate
0.3100,0.0400,0.6500,2.968,23.000,1.415,800000,800000,800000,800000,0.9200,max,moderate
0.3100,0.0500,0.6400,2.968,18.400,1.438,800000,800000,800000,800000,0.9200,max,moderate
0.3100,0.0600,0.6300,2.968,15.333,1.460,800000,800000,800000,800000,0.9200,max,moderate
0.3100,0.0700,0.6200,2.968,13.143,1.484,800000,800000,800000,800000,0.9200,good,moderate
0.3100,0.0800,0.6100,2.968,11.500,1.508,800000,800000,800000,800000,0.9200,max,moderate
0.3100,0.0900,0.6000,2.968,10.222,1.533,800000,800000,800000,800000,0.9200,max,moderate
0.3100,0.1000,0.5900,2.968,9.200,1.559,800000,800000,800000,800000,0.9200,max,moderate
0.3100,0.1100,0.5800,2.968,8.364,1.586,800000,800000,800000,800000,0.9200,good,moderate
0.3100,0.1200,0.5700,2.968,7.667,1.614,800000,800000,800000,800000,0.9200,max,moderate
0.3100,0.1300,0.5600,2.968,7.077,1.643,800000,800000,800000,800000,0.9200,good,moderate
0.3100,0.1400,0.5500,2.968,6.571,1.673,800000,800000,800000,800000,0.9200,good,moderate
0.3100,0.1500,0.5400,2.968,6.133,1.704,800000,800000,800000,800000,0.9200,max,moderate
0.3100,0.1600,0.5300,2.968,5.750,1.736,800000,800000,800000,800000,0.9200,max,moderate
0.3100,0.1700,0.5200,2.968,5.412,1.769,800000,800000,800000,800000,0.9200,max,moderate
0.3100,0.1800,0.5100,2.968,5.111,1.804,800000,800000,800000,800000,0.9200,max,moderate
0.3100,0.1900,0.5000,2.968,4.842,1.840,800000,800000,800000,800000,0.9200,max,moderate
0.3100,0.2000,0.4900,2.968,4.600,1.878,800000,800000,800000,800000,0.9200,max,balanced
0.3100,0.2100,0.4800,2.968,4.381,1.917,800000,800000,800000,800000,0.9200,max,balanced
0.3100,0.2200,0.4700,2.968,4.182,1.957,800000,800000,800000,800000,0.9200,max,balanced
0.3100,0.2300,0.4600,2.968,4.000,2.000,800000,800000,800000,800000,0.9200,max,balanced
0.3100,0.2400,0.4500,2.968,3.833,2.044,800000,800000,800000,800000,0.9200,max,balanced
0.3100,0.2500,0.4400,2.968,3.680,2.091,800000,800000,800000,800000,0.9200,max,balanced
0.3100,0.2600,0.4300,2.968,3.538,2.140,800000,800000,800000,800000,0.9200,good,balanced
0.3100,0.2700,0.4200,2.968,3.407,2.190,800000,800000,800000,800000,0.9200,max,balanced
0.3100,0.2800,0.4100,2.968,3.286,2.244,800000,800000,800000,800000,0.9200,good,balanced
0.3100,0.2900,0.4000,2.968,3.172,2.300,800000,800000,800000,800000,0.9200,good,balanced
0.3100,0.3000,0.3900,2.968,3.067,2.359,800000,800000,800000,800000,0.9200,max,balanced
0.3100,0.3100,0.3800,2.968,2.968,2.421,800000,800000,800000,800000,0.9200,max,balanced
0.3100,0.3200,0.3700,2.968,2.875,2.486,800000,800000,800000,800000,0.9200,max,balanced
0.3100,0.3300,0.3600,2.968,2.788,2.556,800000,800000,800000,800000,0.9200,max,balanced
0.3100,0.3400,0.3500,2.968,2.706,2.629,800000,800000,800000,800000,0.9200,good,balanced
0.3100,0.3500,0.3400,2.968,2.629,2.706,800000,800000,800000,800000,0.9200,good,balanced
0.3100,0.3600,0.3300,2.968,2.556,2.788,800000,800000,800000,800000,0.9200,max,balanced
0.3100,0.3700,0.3200,2.968,2.486,2.875,800000,800000,800000,800000,0.9200,max,balanced
0.3100,0.3800,0.3100,2.968,2.421,2.968,800000,800000,800000,800000,0.9200,max,balanced
0.3100,0.3900,0.3000,2.968,2.359,3.067,800000,800000,800000,800000,0.9200,max,balanced
0.3100,0.4000,0.2900,2.968,2.300,3.172,800000,800000,800000,800000,0.9200,good,balanced
0.3100,0.4100,0.2800,2.968,2.244,3.286,800000,800000,800000,800000,0.9200,good,balanced
0.3100,0.4200,0.2700,2.968,2.190,3.407,800000,800000,800000,800000,0.9200,max,balanced
0.3100,0.4300,0.2600,2.968,2.140,3.538,800000,800000,800000,800000,0.9200,good,balanced
0.3100,0.4400,0.2500,2.968,2.091,3.680,800000,800000,800000,800000,0.9200,max,balanced
0.3100,0.4500,0.2400,2.968,2.044,3.833,800000,800000,800000,800000,0.9200,max,balanced
0.3100,0.4600,0.2300,2.968,2.000,4.000,800000,800000,800000,800000,0.9200,max,balanced
0.3100,0.4700,0.2200,2.968,1.957,4.182,800000,800000,800000,800000,0.9200,max,balanced
0.3100,0.4800,0.2100,2.968,1.917,4.381,800000,800000,800000,800000,0.9200,max,balanced
0.3100,0.4900,0.2000,2.968,1.878,4.600,800000,800000,800000,800000,0.9200,max,balanced
0.3100,0.5000,0.1900,2.968,1.840,4.842,800000,800000,800000,800000,0.9200,max,moderate
0.3100,0.5100,0.1800,2.968,1.804,5.111,800000,800000,800000,800000,0.9200,max,moderate
0.3100,0.5200,0.1700,2.968,1.769,5.412,800000,800000,800000,800000,0.9200,max,moderate
0.3100,0.5300,0.1600,2.968,1.736,5.750,800000,800000,800000,800000,0.9200,max,moderate
0.3100,0.5400,0.1500,2.968,1.704,6.133,800000,800000,800000,800000,0.9200,max,moderate
0.3100,0.5500,0.1400,2.968,1.673,6.571,800000,800000,800000,800000,0.9200,good,moderate
0.3100,0.5600,0.1300,2.968,1.643,7.077,800000,800000,800000,800000,0.9200,good,moderate
0.3100,0.5700,0.1200,2.968,1.614,7.667,800000,800000,800000,800000,0.9200,max,moderate
0.3100,0.5800,0.1100,2.968,1.586,8.364,800000,800000,800000,800000,0.9200,good,moderate
0.3100,0.5900,0.1000,2.968,1.559,9.200,800000,800000,800000,800000,0.9200,max,moderate
0.3100,0.6000,0.0900,2.968,1.533,10.222,800000,800000,800000,800000,0.9200,max,moderate
0.3100,0.6100,0.0800,2.968,1.508,11.500,800000,800000,800000,800000,0.9200,max,moderate
0.3100,0.6200,0.0700,2.968,1.484,13.143,800000,800000,800000,800000,0.9200,good,moderate
0.3100,0.6300,0.0600,2.968,1.460,15.333,800000,800000,800000,800000,0.9200,max,moderate
0.3100,0.6400,0.0500,2.968,1.438,18.400,800000,800000,800000,800000,0.9200,max,moderate
0.3100,0.6500,0.0400,2.968,1.415,23.000,800000,800000,800000,800000,0.9200,max,moderate
0.3100,0.6600,0.0300,2.968,1.394,30.667,800000,800000,800000,800000,0.9200,max,moderate
0.3100,0.6700,0.0200,2.968,1.373,46.000,800000,800000,800000,800000,0.9200,max,moderate
0.3100,0.6800,0.0100,2.968,1.353,92.000,800000,800000,800000,800000,0.9200,max,moderate
0.3100,0.6900,0.0000,2.968,1.333,999.000,800000,800000,10000000,800000,0.9200,max,moderate
0.3200,0.0000,0.6800,2.875,999.000,1.353,800000,10000000,800000,800000,0.9200,max,moderate
0.3200,0.0100,0.6700,2.875,92.000,1.373,800000,800000,800000,800000,0.9200,max,moderate
0.3200,0.0200,0.6600,2.875,46.000,1.394,800000,800000,800000,800000,0.9200,max,moderate
0.3200,0.0300,0.6500,2.875,30.667,1.415,800000,800000,800000,800000,0.9200,max,moderate
0.3200,0.0400,0.6400,2.875,23.000,1.438,800000,800000,800000,800000,0.9200,max,moderate
0.3200,0.0500,0.6300,2.875,18.400,1.460,800000,800000,800000,800000,0.9200,max,moderate
0.3200,0.0600,0.6200,2.875,15.333,1.484,800000,800000,800000,800000,0.9200,max,moderate
0.3200,0.0700,0.6100,2.875,13.143,1.508,800000,800000,800000,800000,0.9200,good,moderate
0.3200,0.0800,0.6000,2.875,11.500,1.533,800000,800000,800000,800000,0.9200,max,moderate
0.3200,0.0900,0.5900,2.875,10.222,1.559,800000,800000,800000,800000,0.9200,max,moderate
0.3200,0.1000,0.5800,2.875,9.200,1.586,800000,800000,800000,800000,0.9200,good,moderate
0.3200,0.1100,0.5700,2.875,8.364,1.614,800000,800000,800000,800000,0.9200,max,moderate
0.3200,0.1200,0.5600,2.875,7.667,1.643,800000,800000,800000,800000,0.9200,good,moderate
0.3200,0.1300,0.5500,2.875,7.077,1.673,800000,800000,800000,800000,0.9200,max,moderate
0.3200,0.1400,0.5400,2.875,6.571,1.704,800000,800000,800000,800000,0.9200,good,moderate
0.3200,0.1500,0.5300,2.875,6.133,1.736,800000,800000,800000,800000,0.9200,max,moderate
0.3200,0.1600,0.5200,2.875,5.750,1.769,800000,800000,800000,800000,0.9200,max,moderate
0.3200,0.1700,0.5100,2.875,5.412,1.804,800000,800000,800000,800000,0.9200,max,moderate
0.3200,0.1800,0.5000,2.875,5.111,1.840,800000,800000,800000,800000,0.9200,max,moderate
0.3200,0.1900,0.4900,2.875,4.842,1.878,800000,800000,800000,800000,0.9200,max,balanced
0.3200,0.2000,0.4800,2.875,4.600,1.917,800000,800000,800000,800000,0.9200,max,balanced
0.3200,0.2100,0.4700,2.875,4.381,1.957,800000,800000,800000,800000,0.9200,max,balanced
0.3200,0.2200,0.4600,2.875,4.182,2.000,800000,800000,800000,800000,0.9200,max,balanced
0.3200,0.2300,0.4500,2.875,4.000,2.044,800000,800000,800000,800000,0.9200,max,balanced
0.3200,0.2400,0.4400,2.875,3.833,2.091,800000,800000,800000,800000,0.9200,max,balanced
0.3200,0.2500,0.4300,2.875,3.680,2.140,800000,800000,800000,800000,0.9200,good,balanced
0.3200,0.2600,0.4200,2.875,3.538,2.190,800000,800000,800000,800000,0.9200,max,balanced
0.3200,0.2700,0.4100,2.875,3.407,2.244,800000,800000,800000,800000,0.9200,max,balanced
0.3200,0.2800,0.4000,2.875,3.286,2.300,800000,800000,800000,800000,0.9200,good,balanced
0.3200,0.2900,0.3900,2.875,3.172,2.359,800000,800000,800000,800000,0.9200,good,balanced
0.3200,0.3000,0.3800,2.875,3.067,2.421,800000,800000,800000,800000,0.9200,max,balanced
0.3200,0.3100,0.3700,2.875,2.968,2.486,800000,800000,800000,800000,0.9200,max,balanced
0.3200,0.3200,0.3600,2.875,2.875,2.556,800000,800000,800000,800000,0.9200,max,balanced
0.3200,0.3300,0.3500,2.875,2.788,2.629,800000,800000,800000,800000,0.9200,good,balanced
0.3200,0.3400,0.3400,2.875,2.706,2.706,800000,800000,800000,800000,0.9200,max,balanced
0.3200,0.3500,0.3300,2.875,2.629,2.788,800000,800000,800000,800000,0.9200,good,balanced
0.3200,0.3600,0.3200,2.875,2.556,2.875,800000,800000,800000,800000,0.9200,max,balanced
0.3200,0.3700,0.3100,2.875,2.486,2.968,800000,800000,800000,800000,0.9200,max,balanced
0.3200,0.3800,0.3000,2.875,2.421,3.067,800000,800000,800000,800000,0.9200,max,balanced
0.3200,0.3900,0.2900,2.875,2.359,3.172,800000,800000,800000,800000,0.9200,good,balanced
0.3200,0.4000,0.2800,2.875,2.300,3.286,800000,800000,800000,800000,0.9200,good,balanced
0.3200,0.4100,0.2700,2.875,2.244,3.407,800000,800000,800000,800000,0.9200,max,balanced
0.3200,0.4200,0.2600,2.875,2.190,3.538,800000,800000,800000,800000,0.9200,max,balanced
0.3200,0.4300,0.2500,2.875,2.140,3.680,800000,800000,800000,800000,0.9200,good,balanced
0.3200,0.4400,0.2400,2.875,2.091,3.833,800000,800000,800000,800000,0.9200,max,balanced
0.3200,0.4500,0.2300,2.875,2.044,4.000,800000,800000,800000,800000,0.9200,max,balanced
0.3200,0.4600,0.2200,2.875,2.000,4.182,800000,800000,800000,800000,0.9200,max,balanced
0.3200,0.4700,0.2100,2.875,1.957,4.381,800000,800000,800000,800000,0.9200,max,balanced
0.3200,0.4800,0.2000,2.875,1.917,4.600,800000,800000,800000,800000,0.9200,max,balanced
0.3200,0.4900,0.1900,2.875,1.878,4.842,800000,800000,800000,800000,0.9200,max,balanced
0.3200,0.5000,0.1800,2.875,1.840,5.111,800000,800000,800000,800000,0.9200,max,moderate
0.3200,0.5100,0.1700,2.875,1.804,5.412,800000,800000,800000,800000,0.9200,max,moderate
0.3200,0.5200,0.1600,2.875,1.769,5.750,800000,800000,800000,800000,0.9200,max,moderate
0.3200,0.5300,0.1500,2.875,1.736,6.133,800000,800000,800000,800000,0.9200,max,moderate
0.3200,0.5400,0.1400,2.875,1.704,6.571,800000,800000,800000,800000,0.9200,good,moderate
0.3200,0.5500,0.1300,2.875,1.673,7.077,800000,800000,800000,800000,0.9200,max,moderate
0.3200,0.5600,0.1200,2.875,1.643,7.667,800000,800000,800000,800000,0.9200,good,moderate
0.3200,0.5700,0.1100,2.875,1.614,8.364,800000,800000,800000,800000,0.9200,max,moderate
0.3200,0.5800,0.1000,2.875,1.586,9.200,800000,800000,800000,800000,0.9200,good,moderate
0.3200,0.5900,0.0900,2.875,1.559,10.222,800000,800000,800000,800000,0.9200,max,moderate
0.3200,0.6000,0.0800,2.875,1.533,11.500,800000,800000,800000,800000,0.9200,max,moderate
0.3200,0.6100,0.0700,2.875,1.508,13.143,800000,800000,800000,800000,0.9200,good,moderate
0.3200,0.6200,0.0600,2.875,1.484,15.333,800000,800000,800000,800000,0.9200,max,moderate
0.3200,0.6300,0.0500,2.875,1.460,18.400,800000,800000,800000,800000,0.9200,max,moderate
0.3200,0.6400,0.0400,2.875,1.438,23.000,800000,800000,800000,800000,0.9200,max,moderate
0.3200,0.6500,0.0300,2.875,1.415,30.667,800000,800000,800000,800000,0.9200,max,moderate
0.3200,0.6600,0.0200,2.875,1.394,46.000,800000,800000,800000,800000,0.9200,max,moderate
0.3200,0.6700,0.0100,2.875,1.373,92.000,800000,800000,800000,800000,0.9200,max,moderate
0.3200,0.6800,0.0000,2.875,1.353,999.000,800000,800000,10000000,800000,0.9200,max,moderate
0.3300,0.0000,0.6700,2.788,999.000,1.373,800000,10000000,800000,800000,0.9200,max,moderate
0.3300,0.0100,0.6600,2.788,92.000,1.394,800000,800000,800000,800000,0.9200,max,moderate
0.3300,0.0200,0.6500,2.788,46.000,1.415,800000,800000,800000,800000,0.9200,max,moderate
0.3300,0.0300,0.6400,2.788,30.667,1.438,800000,800000,800000,800000,0.9200,max,moderate
0.3300,0.0400,0.6300,2.788,23.000,1.460,800000,800000,800000,800000,0.9200,max,moderate
0.3300,0.0500,0.6200,2.788,18.400,1.484,800000,800000,800000,800000,0.9200,max,moderate
0.3300,0.0600,0.6100,2.788,15.333,1.508,800000,800000,800000,800000,0.9200,max,moderate
0.3300,0.0700,0.6000,2.788,13.143,1.533,800000,800000,800000,800000,0.9200,good,moderate
0.3300,0.0800,0.5900,2.788,11.500,1.559,800000,800000,800000,800000,0.9200,max,moderate
0.3300,0.0900,0.5800,2.788,10.222,1.586,800000,800000,800000,800000,0.9200,good,moderate
0.3300,0.1000,0.5700,2.788,9.200,1.614,800000,800000,800000,800000,0.9200,max,moderate
0.3300,0.1100,0.5600,2.788,8.364,1.643,800000,800000,800000,800000,0.9200,good,moderate
0.3300,0.1200,0.5500,2.788,7.667,1.673,800000,800000,800000,800000,0.9200,max,moderate
0.3300,0.1300,0.5400,2.788,7.077,1.704,800000,800000,800000,800000,0.9200,max,moderate
0.3300,0.1400,0.5300,2.788,6.571,1.736,800000,800000,800000,800000,0.9200,good,moderate
0.3300,0.1500,0.5200,2.788,6.133,1.769,800000,800000,800000,800000,0.9200,max,moderate
0.3300,0.1600,0.5100,2.788,5.750,1.804,800000,800000,800000,800000,0.9200,max,moderate
0.3300,0.1700,0.5000,2.788,5.412,1.840,800000,800000,800000,800000,0.9200,max,moderate
0.3300,0.1800,0.4900,2.788,5.111,1.878,800000,800000,800000,800000,0.9200,max,balanced
0.3300,0.1900,0.4800,2.788,4.842,1.917,800000,800000,800000,800000,0.9200,max,balanced
0.3300,0.2000,0.4700,2.788,4.600,1.957,800000,800000,800000,800000,0.9200,max,balanced
0.3300,0.2100,0.4600,2.788,4.381,2.000,800000,800000,800000,800000,0.9200,max,balanced
0.3300,0.2200,0.4500,2.788,4.182,2.044,800000,800000,800000,800000,0.9200,max,balanced
0.3300,0.2300,0.4400,2.788,4.000,2.091,800000,800000,800000,800000,0.9200,max,balanced
0.3300,0.2400,0.4300,2.788,3.833,2.140,800000,800000,800000,800000,0.9200,good,balanced
0.3300,0.2500,0.4200,2.788,3.680,2.190,800000,800000,800000,800000,0.9200,max,balanced
0.3300,0.2600,0.4100,2.788,3.538,2.244,800000,800000,800000,800000,0.9200,max,balanced
0.3300,0.2700,0.4000,2.788,3.407,2.300,800000,800000,800000,800000,0.9200,max,balanced
0.3300,0.2800,0.3900,2.788,3.286,2.359,800000,800000,800000,800000,0.9200,good,balanced
0.3300,0.2900,0.3800,2.788,3.172,2.421,800000,800000,800000,800000,0.9200,good,balanced
0.3300,0.3000,0.3700,2.788,3.067,2.486,800000,800000,800000,800000,0.9200,max,balanced
0.3300,0.3100,0.3600,2.788,2.968,2.556,800000,800000,800000,800000,0.9200,max,balanced
0.3300,0.3200,0.3500,2.788,2.875,2.629,800000,800000,800000,800000,0.9200,good,balanced
0.3300,0.3300,0.3400,2.788,2.788,2.706,800000,800000,800000,800000,0.9200,max,balanced
0.3300,0.3400,0.3300,2.788,2.706,2.788,800000,800000,800000,800000,0.9200,max,balanced
0.3300,0.3500,0.3200,2.788,2.629,2.875,800000,800000,800000,800000,0.9200,good,balanced
0.3300,0.3600,0.3100,2.788,2.556,2.968,800000,800000,800000,800000,0.9200,max,balanced
0.3300,0.3700,0.3000,2.788,2.486,3.067,800000,800000,800000,800000,0.9200,max,balanced
0.3300,0.3800,0.2900,2.788,2.421,3.172,800000,800000,800000,800000,0.9200,good,balanced
0.3300,0.3900,0.2800,2.788,2.359,3.286,800000,800000,800000,800000,0.9200,good,balanced
0.3300,0.4000,0.2700,2.788,2.300,3.407,800000,800000,800000,800000,0.9200,max,balanced
0.3300,0.4100,0.2600,2.788,2.244,3.538,800000,800000,800000,800000,0.9200,max,balanced
0.3300,0.4200,0.2500,2.788,2.190,3.680,800000,800000,800000,800000,0.9200,max,balanced
0.3300,0.4300,0.2400,2.788,2.140,3.833,800000,800000,800000,800000,0.9200,good,balanced
0.3300,0.4400,0.2300,2.788,2.091,4.000,800000,800000,800000,800000,0.9200,max,balanced
0.3300,0.4500,0.2200,2.788,2.044,4.182,800000,800000,800000,800000,0.9200,max,balanced
0.3300,0.4600,0.2100,2.788,2.000,4.381,800000,800000,800000,800000,0.9200,max,balanced
0.3300,0.4700,0.2000,2.788,1.957,4.600,800000,800000,800000,800000,0.9200,max,balanced
0.3300,0.4800,0.1900,2.788,1.917,4.842,800000,800000,800000,800000,0.9200,max,balanced
0.3300,0.4900,0.1800,2.788,1.878,5.111,800000,800000,800000,800000,0.9200,max,balanced
0.3300,0.5000,0.1700,2.788,1.840,5.412,800000,800000,800000,800000,0.9200,max,moderate
0.3300,0.5100,0.1600,2.788,1.804,5.750,800000,800000,800000,800000,0.9200,max,moderate
0.3300,0.5200,0.1500,2.788,1.769,6.133,800000,800000,800000,800000,0.9200,max,moderate
0.3300,0.5300,0.1400,2.788,1.736,6.571,800000,800000,800000,800000,0.9200,good,moderate
0.3300,0.5400,0.1300,2.788,1.704,7.077,800000,800000,800000,800000,0.9200,max,moderate
0.3300,0.5500,0.1200,2.788,1.673,7.667,800000,800000,800000,800000,0.9200,max,moderate
0.3300,0.5600,0.1100,2.788,1.643,8.364,800000,800000,800000,800000,0.9200,good,moderate
0.3300,0.5700,0.1000,2.788,1.614,9.200,800000,800000,800000,800000,0.9200,max,moderate
0.3300,0.5800,0.0900,2.788,1.586,10.222,800000,800000,800000,800000,0.9200,good,moderate
0.3300,0.5900,0.0800,2.788,1.559,11.500,800000,800000,800000,800000,0.9200,max,moderate
0.3300,0.6000,0.0700,2.788,1.533,13.143,800000,800000,800000,800000,0.9200,good,moderate
0.3300,0.6100,0.0600,2.788,1.508,15.333,800000,800000,800000,800000,0.9200,max,moderate
0.3300,0.6200,0.0500,2.788,1.484,18.400,800000,800000,800000,800000,0.9200,max,moderate
0.3300,0.6300,0.0400,2.788,1.460,23.000,800000,800000,800000,800000,0.9200,max,moderate
0.3300,0.6400,0.0300,2.788,1.438,30.667,800000,800000,800000,800000,0.9200,max,moderate
0.3300,0.6500,0.0200,2.788,1.415,46.000,800000,800000,800000,800000,0.9200,max,moderate
0.3300,0.6600,0.0100,2.788,1.394,92.000,800000,800000,800000,800000,0.9200,max,moderate
0.3300,0.6700,0.0000,2.788,1.373,999.000,800000,800000,10000000,800000,0.9200,max,moderate
0.3400,0.0000,0.6600,2.706,999.000,1.394,800000,10000000,800000,800000,0.9200,max,moderate
0.3400,0.0100,0.6500,2.706,92.000,1.415,800000,800000,800000,800000,0.9200,max,moderate
0.3400,0.0200,0.6400,2.706,46.000,1.438,800000,800000,800000,800000,0.9200,max,moderate
0.3400,0.0300,0.6300,2.706,30.667,1.460,800000,800000,800000,800000,0.9200,max,moderate
0.3400,0.0400,0.6200,2.706,23.000,1.484,800000,800000,800000,800000,0.9200,max,moderate
0.3400,0.0500,0.6100,2.706,18.400,1.508,800000,800000,800000,800000,0.9200,max,moderate
0.3400,0.0600,0.6000,2.706,15.333,1.533,800000,800000,800000,800000,0.9200,max,moderate
0.3400,0.0700,0.5900,2.706,13.143,1.559,800000,800000,800000,800000,0.9200,good,moderate
0.3400,0.0800,0.5800,2.706,11.500,1.586,800000,800000,800000,800000,0.9200,good,moderate
0.3400,0.0900,0.5700,2.706,10.222,1.614,800000,800000,800000,800000,0.9200,max,moderate
0.3400,0.1000,0.5600,2.706,9.200,1.643,800000,800000,800000,800000,0.9200,good,moderate
0.3400,0.1100,0.5500,2.706,8.364,1.673,800000,800000,800000,800000,0.9200,max,moderate
0.3400,0.1200,0.5400,2.706,7.667,1.704,800000,800000,800000,800000,0.9200,max,moderate
0.3400,0.1300,0.5300,2.706,7.077,1.736,800000,800000,800000,800000,0.9200,max,moderate
0.3400,0.1400,0.5200,2.706,6.571,1.769,800000,800000,800000,800000,0.9200,good,moderate
0.3400,0.1500,0.5100,2.706,6.133,1.804,800000,800000,800000,800000,0.9200,max,moderate
0.3400,0.1600,0.5000,2.706,5.750,1.840,800000,800000,800000,800000,0.9200,max,moderate
0.3400,0.1700,0.4900,2.706,5.412,1.878,800000,800000,800000,800000,0.9200,max,balanced
0.3400,0.1800,0.4800,2.706,5.111,1.917,800000,800000,800000,800000,0.9200,max,balanced
0.3400,0.1900,0.4700,2.706,4.842,1.957,800000,800000,800000,800000,0.9200,max,balanced
0.3400,0.2000,0.4600,2.706,4.600,2.000,800000,800000,800000,800000,0.9200,max,balanced
0.3400,0.2100,0.4500,2.706,4.381,2.044,800000,800000,800000,800000,0.9200,max,balanced
0.3400,0.2200,0.4400,2.706,4.182,2.091,800000,800000,800000,800000,0.9200,max,balanced
0.3400,0.2300,0.4300,2.706,4.000,2.140,800000,800000,800000,800000,0.9200,good,balanced
0.3400,0.2400,0.4200,2.706,3.833,2.190,800000,800000,800000,800000,0.9200,max,balanced
0.3400,0.2500,0.4100,2.706,3.680,2.244,800000,800000,800000,800000,0.9200,max,balanced
0.3400,0.2600,0.4000,2.706,3.538,2.300,800000,800000,800000,800000,0.9200,max,balanced
0.3400,0.2700,0.3900,2.706,3.407,2.359,800000,800000,800000,800000,0.9200,max,balanced
0.3400,0.2800,0.3800,2.706,3.286,2.421,800000,800000,800000,800000,0.9200,good,balanced
0.3400,0.2900,0.3700,2.706,3.172,2.486,800000,800000,800000,800000,0.9200,good,balanced
0.3400,0.3000,0.3600,2.706,3.067,2.556,800000,800000,800000,800000,0.9200,max,balanced
0.3400,0.3100,0.3500,2.706,2.968,2.629,800000,800000,800000,800000,0.9200,good,balanced
0.3400,0.3200,0.3400,2.706,2.875,2.706,800000,800000,800000,800000,0.9200,max,balanced
0.3400,0.3300,0.3300,2.706,2.788,2.788,800000,800000,800000,800000,0.9200,max,balanced
0.3400,0.3400,0.3200,2.706,2.706,2.875,800000,800000,800000,800000,0.9200,max,balanced
0.3400,0.3500,0.3100,2.706,2.629,2.968,800000,800000,800000,800000,0.9200,good,balanced
0.3400,0.3600,0.3000,2.706,2.556,3.067,800000,800000,800000,800000,0.9200,max,balanced
0.3400,0.3700,0.2900,2.706,2.486,3.172,800000,800000,800000,800000,0.9200,good,balanced
0.3400,0.3800,0.2800,2.706,2.421,3.286,800000,800000,800000,800000,0.9200,good,balanced
0.3400,0.3900,0.2700,2.706,2.359,3.407,800000,800000,800000,800000,0.9200,max,balanced
0.3400,0.4000,0.2600,2.706,2.300,3.538,800000,800000,800000,800000,0.9200,max,balanced
0.3400,0.4100,0.2500,2.706,2.244,3.680,800000,800000,800000,800000,0.9200,max,balanced
0.3400,0.4200,0.2400,2.706,2.190,3.833,800000,800000,800000,800000,0.9200,max,balanced
0.3400,0.4300,0.2300,2.706,2.140,4.000,800000,800000,800000,800000,0.9200,good,balanced
0.3400,0.4400,0.2200,2.706,2.091,4.182,800000,800000,800000,800000,0.9200,max,balanced
0.3400,0.4500,0.2100,2.706,2.044,4.381,800000,800000,800000,800000,0.9200,max,balanced
0.3400,0.4600,0.2000,2.706,2.000,4.600,800000,800000,800000,800000,0.9200,max,balanced
0.3400,0.4700,0.1900,2.706,1.957,4.842,800000,800000,800000,800000,0.9200,max,balanced
0.3400,0.4800,0.1800,2.706,1.917,5.111,800000,800000,800000,800000,0.9200,max,balanced
0.3400,0.4900,0.1700,2.706,1.878,5.412,800000,800000,800000,800000,0.9200,max,balanced
0.3400,0.5000,0.1600,2.706,1.840,5.750,800000,800000,800000,800000,0.9200,max,moderate
0.3400,0.5100,0.1500,2.706,1.804,6.133,800000,800000,800000,800000,0.9200,max,moderate
0.3400,0.5200,0.1400,2.706,1.769,6.571,800000,800000,800000,800000,0.9200,good,moderate
0.3400,0.5300,0.1300,2.706,1.736,7.077,800000,800000,800000,800000,0.9200,max,moderate
0.3400,0.5400,0.1200,2.706,1.704,7.667,800000,800000,800000,800000,0.9200,max,moderate
0.3400,0.5500,0.1100,2.706,1.673,8.364,800000,800000,800000,800000,0.9200,max,moderate
0.3400,0.5600,0.1000,2.706,1.643,9.200,800000,800000,800000,800000,0.9200,good,moderate
0.3400,0.5700,0.0900,2.706,1.614,10.222,800000,800000,800000,800000,0.9200,max,moderate
0.3400,0.5800,0.0800,2.706,1.586,11.500,800000,800000,800000,800000,0.9200,good,moderate
0.3400,0.5900,0.0700,2.706,1.559,13.143,800000,800000,800000,800000,0.9200,good,moderate
0.3400,0.6000,0.0600,2.706,1.533,15.333,800000,800000,800000,800000,0.9200,max,moderate
0.3400,0.6100,0.0500,2.706,1.508,18.400,800000,800000,800000,800000,0.9200,max,moderate
0.3400,0.6200,0.0400,2.706,1.484,23.000,800000,800000,800000,800000,0.9200,max,moderate
0.3400,0.6300,0.0300,2.706,1.460,30.667,800000,800000,800000,800000,0.9200,max,moderate
0.3400,0.6400,0.0200,2.706,1.438,46.000,800000,800000,800000,800000,0.9200,max,moderate
0.3400,0.6500,0.0100,2.706,1.415,92.000,800000,800000,800000,800000,0.9200,max,moderate
0.3400,0.6600,0.0000,2.706,1.394,999.000,800000,800000,10000000,800000,0.9200,max,moderate
0.3500,0.0000,0.6500,2.629,999.000,1.415,800000,10000000,800000,800000,0.9200,good,moderate
0.3500,0.0100,0.6400,2.629,92.000,1.438,800000,800000,800000,800000,0.9200,good,moderate
0.3500,0.0200,0.6300,2.629,46.000,1.460,800000,800000,800000,800000,0.9200,good,moderate
0.3500,0.0300,0.6200,2.629,30.667,1.484,800000,800000,800000,800000,0.9200,good,moderate
0.3500,0.0400,0.6100,2.629,23.000,1.508,800000,800000,800000,800000,0.9200,good,moderate
0.3500,0.0500,0.6000,2.629,18.400,1.533,800000,800000,800000,800000,0.9200,good,moderate
0.3500,0.0600,0.5900,2.629,15.333,1.559,800000,800000,800000,800000,0.9200,good,moderate
0.3500,0.0700,0.5800,2.629,13.143,1.586,800000,800000,800000,800000,0.9200,good,moderate
0.3500,0.0800,0.5700,2.629,11.500,1.614,800000,800000,800000,800000,0.9200,good,moderate
0.3500,0.0900,0.5600,2.629,10.222,1.643,800000,800000,800000,800000,0.9200,good,moderate
0.3500,0.1000,0.5500,2.629,9.200,1.673,800000,800000,800000,800000,0.9200,good,moderate
0.3500,0.1100,0.5400,2.629,8.364,1.704,800000,800000,800000,800000,0.9200,good,moderate
0.3500,0.1200,0.5300,2.629,7.667,1.736,800000,800000,800000,800000,0.9200,good,moderate
0.3500,0.1300,0.5200,2.629,7.077,1.769,800000,800000,800000,800000,0.9200,good,moderate
0.3500,0.1400,0.5100,2.629,6.571,1.804,800000,800000,800000,800000,0.9200,good,moderate
0.3500,0.1500,0.5000,2.629,6.133,1.840,800000,800000,800000,800000,0.9200,good,moderate
0.3500,0.1600,0.4900,2.629,5.750,1.878,800000,800000,800000,800000,0.9200,good,balanced
0.3500,0.1700,0.4800,2.629,5.412,1.917,800000,800000,800000,800000,0.9200,good,balanced
0.3500,0.1800,0.4700,2.629,5.111,1.957,800000,800000,800000,800000,0.9200,good,balanced
0.3500,0.1900,0.4600,2.629,4.842,2.000,800000,800000,800000,800000,0.9200,good,balanced
0.3500,0.2000,0.4500,2.629,4.600,2.044,800000,800000,800000,800000,0.9200,good,balanced
0.3500,0.2100,0.4400,2.629,4.381,2.091,800000,800000,800000,800000,0.9200,good,balanced
0.3500,0.2200,0.4300,2.629,4.182,2.140,800000,800000,800000,800000,0.9200,good,balanced
0.3500,0.2300,0.4200,2.629,4.000,2.190,800000,800000,800000,800000,0.9200,good,balanced
0.3500,0.2400,0.4100,2.629,3.833,2.244,800000,800000,800000,800000,0.9200,good,balanced
0.3500,0.2500,0.4000,2.629,3.680,2.300,800000,800000,800000,800000,0.9200,good,balanced
0.3500,0.2600,0.3900,2.629,3.538,2.359,800000,800000,800000,800000,0.9200,good,balanced
0.3500,0.2700,0.3800,2.629,3.407,2.421,800000,800000,800000,800000,0.9200,good,balanced
0.3500,0.2800,0.3700,2.629,3.286,2.486,800000,800000,800000,800000,0.9200,good,balanced
0.3500,0.2900,0.3600,2.629,3.172,2.556,800000,800000,800000,800000,0.9200,good,balanced
0.3500,0.3000,0.3500,2.629,3.067,2.629,800000,800000,800000,800000,0.9200,good,balanced
0.3500,0.3100,0.3400,2.629,2.968,2.706,800000,800000,800000,800000,0.9200,good,balanced
0.3500,0.3200,0.3300,2.629,2.875,2.788,800000,800000,800000,800000,0.9200,good,balanced
0.3500,0.3300,0.3200,2.629,2.788,2.875,800000,800000,800000,800000,0.9200,good,balanced
0.3500,0.3400,0.3100,2.629,2.706,2.968,800000,800000,800000,800000,0.9200,good,balanced
0.3500,0.3500,0.3000,2.629,2.629,3.067,800000,800000,800000,800000,0.9200,good,balanced
0.3500,0.3600,0.2900,2.629,2.556,3.172,800000,800000,800000,800000,0.9200,good,balanced
0.3500,0.3700,0.2800,2.629,2.486,3.286,800000,800000,800000,800000,0.9200,good,balanced
0.3500,0.3800,0.2700,2.629,2.421,3.407,800000,800000,800000,800000,0.9200,good,balanced
0.3500,0.3900,0.2600,2.629,2.359,3.538,800000,800000,800000,800000,0.9200,good,balanced
0.3500,0.4000,0.2500,2.629,2.300,3.680,800000,800000,800000,800000,0.9200,good,balanced
0.3500,0.4100,0.2400,2.629,2.244,3.833,800000,800000,800000,800000,0.9200,good,balanced
0.3500,0.4200,0.2300,2.629,2.190,4.000,800000,800000,800000,800000,0.9200,good,balanced
0.3500,0.4300,0.2200,2.629,2.140,4.182,800000,800000,800000,800000,0.9200,good,balanced
0.3500,0.4400,0.2100,2.629,2.091,4.381,800000,800000,800000,800000,0.9200,good,balanced
0.3500,0.4500,0.2000,2.629,2.044,4.600,800000,800000,800000,800000,0.9200,good,balanced
0.3500,0.4600,0.1900,2.629,2.000,4.842,800000,800000,800000,800000,0.9200,good,balanced
0.3500,0.4700,0.1800,2.629,1.957,5.111,800000,800000,800000,800000,0.9200,good,balanced
0.3500,0.4800,0.1700,2.629,1.917,5.412,800000,800000,800000,800000,0.9200,good,balanced
0.3500,0.4900,0.1600,2.629,1.878,5.750,800000,800000,800000,800000,0.9200,good,balanced
0.3500,0.5000,0.1500,2.629,1.840,6.133,800000,800000,800000,800000,0.9200,good,moderate
0.3500,0.5100,0.1400,2.629,1.804,6.571,800000,800000,800000,800000,0.9200,good,moderate
0.3500,0.5200,0.1300,2.629,1.769,7.077,800000,800000,800000,800000,0.9200,good,moderate
0.3500,0.5300,0.1200,2.629,1.736,7.667,800000,800000,800000,800000,0.9200,good,moderate
0.3500,0.5400,0.1100,2.629,1.704,8.364,800000,800000,800000,800000,0.9200,good,moderate
0.3500,0.5500,0.1000,2.629,1.673,9.200,800000,800000,800000,800000,0.9200,good,moderate
0.3500,0.5600,0.0900,2.629,1.643,10.222,800000,800000,800000,800000,0.9200,good,moderate
0.3500,0.5700,0.0800,2.629,1.614,11.500,800000,800000,800000,800000,0.9200,good,moderate
0.3500,0.5800,0.0700,2.629,1.586,13.143,800000,800000,800000,800000,0.9200,good,moderate
0.3500,0.5900,0.0600,2.629,1.559,15.333,800000,800000,800000,800000,0.9200,good,moderate
0.3500,0.6000,0.0500,2.629,1.533,18.400,800000,800000,800000,800000,0.9200,good,moderate
0.3500,0.6100,0.0400,2.629,1.508,23.000,800000,800000,800000,800000,0.9200,good,moderate
0.3500,0.6200,0.0300,2.629,1.484,30.667,800000,800000,800000,800000,0.9200,good,moderate
0.3500,0.6300,0.0200,2.629,1.460,46.000,800000,800000,800000,800000,0.9200,good,moderate
0.3500,0.6400,0.0100,2.629,1.438,92.000,800000,800000,800000,800000,0.9200,good,moderate
0.3500,0.6500,0.0000,2.629,1.415,999.000,800000,800000,10000000,800000,0.9200,good,moderate
0.3600,0.0000,0.6400,2.556,999.000,1.438,800000,10000000,800000,800000,0.9200,max,moderate
0.3600,0.0100,0.6300,2.556,92.000,1.460,800000,800000,800000,800000,0.9200,max,moderate
0.3600,0.0200,0.6200,2.556,46.000,1.484,800000,800000,800000,800000,0.9200,max,moderate
0.3600,0.0300,0.6100,2.556,30.667,1.508,800000,800000,800000,800000,0.9200,max,moderate
0.3600,0.0400,0.6000,2.556,23.000,1.533,800000,800000,800000,800000,0.9200,max,moderate
0.3600,0.0500,0.5900,2.556,18.400,1.559,800000,800000,800000,800000,0.9200,max,moderate
0.3600,0.0600,0.5800,2.556,15.333,1.586,800000,800000,800000,800000,0.9200,good,moderate
0.3600,0.0700,0.5700,2.556,13.143,1.614,800000,800000,800000,800000,0.9200,good,moderate
0.3600,0.0800,0.5600,2.556,11.500,1.643,800000,800000,800000,800000,0.9200,good,moderate
0.3600,0.0900,0.5500,2.556,10.222,1.673,800000,800000,800000,800000,0.9200,max,moderate
0.3600,0.1000,0.5400,2.556,9.200,1.704,800000,800000,800000,800000,0.9200,max,moderate
0.3600,0.1100,0.5300,2.556,8.364,1.736,800000,800000,800000,800000,0.9200,max,moderate
0.3600,0.1200,0.5200,2.556,7.667,1.769,800000,800000,800000,800000,0.9200,max,moderate
0.3600,0.1300,0.5100,2.556,7.077,1.804,800000,800000,800000,800000,0.9200,max,moderate
0.3600,0.1400,0.5000,2.556,6.571,1.840,800000,800000,800000,800000,0.9200,good,moderate
0.3600,0.1500,0.4900,2.556,6.133,1.878,800000,800000,800000,800000,0.9200,max,balanced
0.3600,0.1600,0.4800,2.556,5.750,1.917,800000,800000,800000,800000,0.9200,max,balanced
0.3600,0.1700,0.4700,2.556,5.412,1.957,800000,800000,800000,800000,0.9200,max,balanced
0.3600,0.1800,0.4600,2.556,5.111,2.000,800000,800000,800000,800000,0.9200,max,balanced
0.3600,0.1900,0.4500,2.556,4.842,2.044,800000,800000,800000,800000,0.9200,max,balanced
0.3600,0.2000,0.4400,2.556,4.600,2.091,800000,800000,800000,800000,0.9200,max,balanced
0.3600,0.2100,0.4300,2.556,4.381,2.140,800000,800000,800000,800000,0.9200,good,balanced
0.3600,0.2200,0.4200,2.556,4.182,2.190,800000,800000,800000,800000,0.9200,max,balanced
0.3600,0.2300,0.4100,2.556,4.000,2.244,800000,800000,800000,800000,0.9200,max,balanced
0.3600,0.2400,0.4000,2.556,3.833,2.300,800000,800000,800000,800000,0.9200,max,balanced
0.3600,0.2500,0.3900,2.556,3.680,2.359,800000,800000,800000,800000,0.9200,max,balanced
0.3600,0.2600,0.3800,2.556,3.538,2.421,800000,800000,800000,800000,0.9200,max,balanced
0.3600,0.2700,0.3700,2.556,3.407,2.486,800000,800000,800000,800000,0.9200,max,balanced
0.3600,0.2800,0.3600,2.556,3.286,2.556,800000,800000,800000,800000,0.9200,good,balanced
0.3600,0.2900,0.3500,2.556,3.172,2.629,800000,800000,800000,800000,0.9200,good,balanced
0.3600,0.3000,0.3400,2.556,3.067,2.706,800000,800000,800000,800000,0.9200,max,balanced
0.3600,0.3100,0.3300,2.556,2.968,2.788,800000,800000,800000,800000,0.9200,max,balanced
0.3600,0.3200,0.3200,2.556,2.875,2.875,800000,800000,800000,800000,0.9200,max,balanced
0.3600,0.3300,0.3100,2.556,2.788,2.968,800000,800000,800000,800000,0.9200,max,balanced
0.3600,0.3400,0.3000,2.556,2.706,3.067,800000,800000,800000,800000,0.9200,max,balanced
0.3600,0.3500,0.2900,2.556,2.629,3.172,800000,800000,800000,800000,0.9200,good,balanced
0.3600,0.3600,0.2800,2.556,2.556,3.286,800000,800000,800000,800000,0.9200,good,balanced
0.3600,0.3700,0.2700,2.556,2.486,3.407,800000,800000,800000,800000,0.9200,max,balanced
0.3600,0.3800,0.2600,2.556,2.421,3.538,800000,800000,800000,800000,0.9200,max,balanced
0.3600,0.3900,0.2500,2.556,2.359,3.680,800000,800000,800000,800000,0.9200,max,balanced
0.3600,0.4000,0.2400,2.556,2.300,3.833,800000,800000,800000,800000,0.9200,max,balanced
0.3600,0.4100,0.2300,2.556,2.244,4.000,800000,800000,800000,800000,0.9200,max,balanced
0.3600,0.4200,0.2200,2.556,2.190,4.182,800000,800000,800000,800000,0.9200,max,balanced
0.3600,0.4300,0.2100,2.556,2.140,4.381,800000,800000,800000,800000,0.9200,good,balanced
0.3600,0.4400,0.2000,2.556,2.091,4.600,800000,800000,800000,800000,0.9200,max,balanced
0.3600,0.4500,0.1900,2.556,2.044,4.842,800000,800000,800000,800000,0.9200,max,balanced
0.3600,0.4600,0.1800,2.556,2.000,5.111,800000,800000,800000,800000,0.9200,max,balanced
0.3600,0.4700,0.1700,2.556,1.957,5.412,800000,800000,800000,800000,0.9200,max,balanced
0.3600,0.4800,0.1600,2.556,1.917,5.750,800000,800000,800000,800000,0.9200,max,balanced
0.3600,0.4900,0.1500,2.556,1.878,6.133,800000,800000,800000,800000,0.9200,max,balanced
0.3600,0.5000,0.1400,2.556,1.840,6.571,800000,800000,800000,800000,0.9200,good,moderate
0.3600,0.5100,0.1300,2.556,1.804,7.077,800000,800000,800000,800000,0.9200,max,moderate
0.3600,0.5200,0.1200,2.556,1.769,7.667,800000,800000,800000,800000,0.9200,max,moderate
0.3600,0.5300,0.1100,2.556,1.736,8.364,800000,800000,800000,800000,0.9200,max,moderate
0.3600,0.5400,0.1000,2.556,1.704,9.200,800000,800000,800000,800000,0.9200,max,moderate
0.3600,0.5500,0.0900,2.556,1.673,10.222,800000,800000,800000,800000,0.9200,max,moderate
0.3600,0.5600,0.0800,2.556,1.643,11.500,800000,800000,800000,800000,0.9200,good,moderate
0.3600,0.5700,0.0700,2.556,1.614,13.143,800000,800000,800000,800000,0.9200,good,moderate
0.3600,0.5800,0.0600,2.556,1.586,15.333,800000,800000,800000,800000,0.9200,good,moderate
0.3600,0.5900,0.0500,2.556,1.559,18.400,800000,800000,800000,800000,0.9200,max,moderate
0.3600,0.6000,0.0400,2.556,1.533,23.000,800000,800000,800000,800000,0.9200,max,moderate
0.3600,0.6100,0.0300,2.556,1.508,30.667,800000,800000,800000,800000,0.9200,max,moderate
0.3600,0.6200,0.0200,2.556,1.484,46.000,800000,800000,800000,800000,0.9200,max,moderate
0.3600,0.6300,0.0100,2.556,1.460,92.000,800000,800000,800000,800000,0.9200,max,moderate
0.3600,0.6400,0.0000,2.556,1.438,999.000,800000,800000,10000000,800000,0.9200,max,moderate
0.3700,0.0000,0.6300,2.486,999.000,1.460,800000,10000000,800000,800000,0.9200,max,moderate
0.3700,0.0100,0.6200,2.486,92.000,1.484,800000,800000,800000,800000,0.9200,max,moderate
0.3700,0.0200,0.6100,2.486,46.000,1.508,800000,800000,800000,800000,0.9200,max,moderate
0.3700,0.0300,0.6000,2.486,30.667,1.533,800000,800000,800000,800000,0.9200,max,moderate
0.3700,0.0400,0.5900,2.486,23.000,1.559,800000,800000,800000,800000,0.9200,max,moderate
0.3700,0.0500,0.5800,2.486,18.400,1.586,800000,800000,800000,800000,0.9200,good,moderate
0.3700,0.0600,0.5700,2.486,15.333,1.614,800000,800000,800000,800000,0.9200,max,moderate
0.3700,0.0700,0.5600,2.486,13.143,1.643,800000,800000,800000,800000,0.9200,good,moderate
0.3700,0.0800,0.5500,2.486,11.500,1.673,800000,800000,800000,800000,0.9200,max,moderate
0.3700,0.0900,0.5400,2.486,10.222,1.704,800000,800000,800000,800000,0.9200,max,moderate
0.3700,0.1000,0.5300,2.486,9.200,1.736,800000,800000,800000,800000,0.9200,max,moderate
0.3700,0.1100,0.5200,2.486,8.364,1.769,800000,800000,800000,800000,0.9200,max,moderate
0.3700,0.1200,0.5100,2.486,7.667,1.804,800000,800000,800000,800000,0.9200,max,moderate
0.3700,0.1300,0.5000,2.486,7.077,1.840,800000,800000,800000,800000,0.9200,max,moderate
0.3700,0.1400,0.4900,2.486,6.571,1.878,800000,800000,800000,800000,0.9200,good,balanced
0.3700,0.1500,0.4800,2.486,6.133,1.917,800000,800000,800000,800000,0.9200,max,balanced
0.3700,0.1600,0.4700,2.486,5.750,1.957,800000,800000,800000,800000,0.9200,max,balanced
0.3700,0.1700,0.4600,2.486,5.412,2.000,800000,800000,800000,800000,0.9200,max,balanced
0.3700,0.1800,0.4500,2.486,5.111,2.044,800000,800000,800000,800000,0.9200,max,balanced
0.3700,0.1900,0.4400,2.486,4.842,2.091,800000,800000,800000,800000,0.9200,max,balanced
0.3700,0.2000,0.4300,2.486,4.600,2.140,800000,800000,800000,800000,0.9200,good,balanced
0.3700,0.2100,0.4200,2.486,4.381,2.190,800000,800000,800000,800000,0.9200,max,balanced
0.3700,0.2200,0.4100,2.486,4.182,2.244,800000,800000,800000,800000,0.9200,max,balanced
0.3700,0.2300,0.4000,2.486,4.000,2.300,800000,800000,800000,800000,0.9200,max,balanced
0.3700,0.2400,0.3900,2.486,3.833,2.359,800000,800000,800000,800000,0.9200,max,balanced
0.3700,0.2500,0.3800,2.486,3.680,2.421,800000,800000,800000,800000,0.9200,max,balanced
0.3700,0.2600,0.3700,2.486,3.538,2.486,800000,800000,800000,800000,0.9200,max,balanced
0.3700,0.2700,0.3600,2.486,3.407,2.556,800000,800000,800000,800000,0.9200,max,balanced
0.3700,0.2800,0.3500,2.486,3.286,2.629,800000,800000,800000,800000,0.9200,good,balanced
0.3700,0.2900,0.3400,2.486,3.172,2.706,800000,800000,800000,800000,0.9200,good,balanced
0.3700,0.3000,0.3300,2.486,3.067,2.788,800000,800000,800000,800000,0.9200,max,balanced
0.3700,0.3100,0.3200,2.486,2.968,2.875,800000,800000,800000,800000,0.9200,max,balanced
0.3700,0.3200,0.3100,2.486,2.875,2.968,800000,800000,800000,800000,0.9200,max,balanced
0.3700,0.3300,0.3000,2.486,2.788,3.067,800000,800000,800000,800000,0.9200,max,balanced
0.3700,0.3400,0.2900,2.486,2.706,3.172,800000,800000,800000,800000,0.9200,good,balanced
0.3700,0.3500,0.2800,2.486,2.629,3.286,800000,800000,800000,800000,0.9200,good,balanced
0.3700,0.3600,0.2700,2.486,2.556,3.407,800000,800000,800000,800000,0.9200,max,balanced
0.3700,0.3700,0.2600,2.486,2.486,3.538,800000,800000,800000,800000,0.9200,max,balanced
0.3700,0.3800,0.2500,2.486,2.421,3.680,800000,800000,800000,800000,0.9200,max,balanced
0.3700,0.3900,0.2400,2.486,2.359,3.833,800000,800000,800000,800000,0.9200,max,balanced
0.3700,0.4000,0.2300,2.486,2.300,4.000,800000,800000,800000,800000,0.9200,max,balanced
0.3700,0.4100,0.2200,2.486,2.244,4.182,800000,800000,800000,800000,0.9200,max,balanced
0.3700,0.4200,0.2100,2.486,2.190,4.381,800000,800000,800000,800000,0.9200,max,balanced
0.3700,0.4300,0.2000,2.486,2.140,4.600,800000,800000,800000,800000,0.9200,good,balanced
0.3700,0.4400,0.1900,2.486,2.091,4.842,800000,800000,800000,800000,0.9200,max,balanced
0.3700,0.4500,0.1800,2.486,2.044,5.111,800000,800000,800000,800000,0.9200,max,balanced
0.3700,0.4600,0.1700,2.486,2.000,5.412,800000,800000,800000,800000,0.9200,max,balanced
0.3700,0.4700,0.1600,2.486,1.957,5.750,800000,800000,800000,800000,0.9200,max,balanced
0.3700,0.4800,0.1500,2.486,1.917,6.133,800000,800000,800000,800000,0.9200,max,balanced
0.3700,0.4900,0.1400,2.486,1.878,6.571,800000,800000,800000,800000,0.9200,good,balanced
0.3700,0.5000,0.1300,2.486,1.840,7.077,800000,800000,800000,800000,0.9200,max,moderate
0.3700,0.5100,0.1200,2.486,1.804,7.667,800000,800000,800000,800000,0.9200,max,moderate
0.3700,0.5200,0.1100,2.486,1.769,8.364,800000,800000,800000,800000,0.9200,max,moderate
0.3700,0.5300,0.1000,2.486,1.736,9.200,800000,800000,800000,800000,0.9200,max,moderate
0.3700,0.5400,0.0900,2.486,1.704,10.222,800000,800000,800000,800000,0.9200,max,moderate
0.3700,0.5500,0.0800,2.486,1.673,11.500,800000,800000,800000,800000,0.9200,max,moderate
0.3700,0.5600,0.0700,2.486,1.643,13.143,800000,800000,800000,800000,0.9200,good,moderate
0.3700,0.5700,0.0600,2.486,1.614,15.333,800000,800000,800000,800000,0.9200,max,moderate
0.3700,0.5800,0.0500,2.486,1.586,18.400,800000,800000,800000,800000,0.9200,good,moderate
0.3700,0.5900,0.0400,2.486,1.559,23.000,800000,800000,800000,800000,0.9200,max,moderate
0.3700,0.6000,0.0300,2.486,1.533,30.667,800000,800000,800000,800000,0.9200,max,moderate
0.3700,0.6100,0.0200,2.486,1.508,46.000,800000,800000,800000,800000,0.9200,max,moderate
0.3700,0.6200,0.0100,2.486,1.484,92.000,800000,800000,800000,800000,0.9200,max,moderate
0.3700,0.6300,0.0000,2.486,1.460,999.000,800000,800000,10000000,800000,0.9200,max,moderate
0.3800,0.0000,0.6200,2.421,999.000,1.484,800000,10000000,800000,800000,0.9200,max,moderate
0.3800,0.0100,0.6100,2.421,92.000,1.508,800000,800000,800000,800000,0.9200,max,moderate
0.3800,0.0200,0.6000,2.421,46.000,1.533,800000,800000,800000,800000,0.9200,max,moderate
0.3800,0.0300,0.5900,2.421,30.667,1.559,800000,800000,800000,800000,0.9200,max,moderate
0.3800,0.0400,0.5800,2.421,23.000,1.586,800000,800000,800000,800000,0.9200,good,moderate
0.3800,0.0500,0.5700,2.421,18.400,1.614,800000,800000,800000,800000,0.9200,max,moderate
0.3800,0.0600,0.5600,2.421,15.333,1.643,800000,800000,800000,800000,0.9200,good,moderate
0.3800,0.0700,0.5500,2.421,13.143,1.673,800000,800000,800000,800000,0.9200,good,moderate
0.3800,0.0800,0.5400,2.421,11.500,1.704,800000,800000,800000,800000,0.9200,max,moderate
0.3800,0.0900,0.5300,2.421,10.222,1.736,800000,800000,800000,800000,0.9200,max,moderate
0.3800,0.1000,0.5200,2.421,9.200,1.769,800000,800000,800000,800000,0.9200,max,moderate
0.3800,0.1100,0.5100,2.421,8.364,1.804,800000,800000,800000,800000,0.9200,max,moderate
0.3800,0.1200,0.5000,2.421,7.667,1.840,800000,800000,800000,800000,0.9200,max,moderate
0.3800,0.1300,0.4900,2.421,7.077,1.878,800000,800000,800000,800000,0.9200,max,balanced
0.3800,0.1400,0.4800,2.421,6.571,1.917,800000,800000,800000,800000,0.9200,good,balanced
0.3800,0.1500,0.4700,2.421,6.133,1.957,800000,800000,800000,800000,0.9200,max,balanced
0.3800,0.1600,0.4600,2.421,5.750,2.000,800000,800000,800000,800000,0.9200,max,balanced
0.3800,0.1700,0.4500,2.421,5.412,2.044,800000,800000,800000,800000,0.9200,max,balanced
0.3800,0.1800,0.4400,2.421,5.111,2.091,800000,800000,800000,800000,0.9200,max,balanced
0.3800,0.1900,0.4300,2.421,4.842,2.140,800000,800000,800000,800000,0.9200,good,balanced
0.3800,0.2000,0.4200,2.421,4.600,2.190,800000,800000,800000,800000,0.9200,max,balanced
0.3800,0.2100,0.4100,2.421,4.381,2.244,800000,800000,800000,800000,0.9200,max,balanced
0.3800,0.2200,0.4000,2.421,4.182,2.300,800000,800000,800000,800000,0.9200,max,balanced
0.3800,0.2300,0.3900,2.421,4.000,2.359,800000,800000,800000,800000,0.9200,max,balanced
0.3800,0.2400,0.3800,2.421,3.833,2.421,800000,800000,800000,800000,0.9200,max,balanced
0.3800,0.2500,0.3700,2.421,3.680,2.486,800000,800000,800000,800000,0.9200,max,balanced
0.3800,0.2600,0.3600,2.421,3.538,2.556,800000,800000,800000,800000,0.9200,max,balanced
0.3800,0.2700,0.3500,2.421,3.407,2.629,800000,800000,800000,800000,0.9200,good,balanced
0.3800,0.2800,0.3400,2.421,3.286,2.706,800000,800000,800000,800000,0.9200,good,balanced
0.3800,0.2900,0.3300,2.421,3.172,2.788,800000,800000,800000,800000,0.9200,good,balanced
0.3800,0.3000,0.3200,2.421,3.067,2.875,800000,800000,800000,800000,0.9200,max,balanced
0.3800,0.3100,0.3100,2.421,2.968,2.968,800000,800000,800000,800000,0.9200,max,balanced
0.3800,0.3200,0.3000,2.421,2.875,3.067,800000,800000,800000,800000,0.9200,max,balanced
0.3800,0.3300,0.2900,2.421,2.788,3.172,800000,800000,800000,800000,0.9200,good,balanced
0.3800,0.3400,0.2800,2.421,2.706,3.286,800000,800000,800000,800000,0.9200,good,balanced
0.3800,0.3500,0.2700,2.421,2.629,3.407,800000,800000,800000,800000,0.9200,good,balanced
0.3800,0.3600,0.2600,2.421,2.556,3.538,800000,800000,800000,800000,0.9200,max,balanced
0.3800,0.3700,0.2500,2.421,2.486,3.680,800000,800000,800000,800000,0.9200,max,balanced
0.3800,0.3800,0.2400,2.421,2.421,3.833,800000,800000,800000,800000,0.9200,max,balanced
0.3800,0.3900,0.2300,2.421,2.359,4.000,800000,800000,800000,800000,0.9200,max,balanced
0.3800,0.4000,0.2200,2.421,2.300,4.182,800000,800000,800000,800000,0.9200,max,balanced
0.3800,0.4100,0.2100,2.421,2.244,4.381,800000,800000,800000,800000,0.9200,max,balanced
0.3800,0.4200,0.2000,2.421,2.190,4.600,800000,800000,800000,800000,0.9200,max,balanced
0.3800,0.4300,0.1900,2.421,2.140,4.842,800000,800000,800000,800000,0.9200,good,balanced
0.3800,0.4400,0.1800,2.421,2.091,5.111,800000,800000,800000,800000,0.9200,max,balanced
0.3800,0.4500,0.1700,2.421,2.044,5.412,800000,800000,800000,800000,0.9200,max,balanced
0.3800,0.4600,0.1600,2.421,2.000,5.750,800000,800000,800000,800000,0.9200,max,balanced
0.3800,0.4700,0.1500,2.421,1.957,6.133,800000,800000,800000,800000,0.9200,max,balanced
0.3800,0.4800,0.1400,2.421,1.917,6.571,800000,800000,800000,800000,0.9200,good,balanced
0.3800,0.4900,0.1300,2.421,1.878,7.077,800000,800000,800000,800000,0.9200,max,balanced
0.3800,0.5000,0.1200,2.421,1.840,7.667,800000,800000,800000,800000,0.9200,max,moderate
0.3800,0.5100,0.1100,2.421,1.804,8.364,800000,800000,800000,800000,0.9200,max,moderate
0.3800,0.5200,0.1000,2.421,1.769,9.200,800000,800000,800000,800000,0.9200,max,moderate
0.3800,0.5300,0.0900,2.421,1.736,10.222,800000,800000,800000,800000,0.9200,max,moderate
0.3800,0.5400,0.0800,2.421,1.704,11.500,800000,800000,800000,800000,0.9200,max,moderate
0.3800,0.5500,0.0700,2.421,1.673,13.143,800000,800000,800000,800000,0.9200,good,moderate
0.3800,0.5600,0.0600,2.421,1.643,15.333,800000,800000,800000,800000,0.9200,good,moderate
0.3800,0.5700,0.0500,2.421,1.614,18.400,800000,800000,800000,800000,0.9200,max,moderate
0.3800,0.5800,0.0400,2.421,1.586,23.000,800000,800000,800000,800000,0.9200,good,moderate
0.3800,0.5900,0.0300,2.421,1.559,30.667,800000,800000,800000,800000,0.9200,max,moderate
0.3800,0.6000,0.0200,2.421,1.533,46.000,800000,800000,800000,800000,0.9200,max,moderate
0.3800,0.6100,0.0100,2.421,1.508,92.000,800000,800000,800000,800000,0.9200,max,moderate
0.3800,0.6200,0.0000,2.421,1.484,999.000,800000,800000,10000000,800000,0.9200,max,moderate
0.3900,0.0000,0.6100,2.359,999.000,1.508,800000,10000000,800000,800000,0.9200,max,moderate
0.3900,0.0100,0.6000,2.359,92.000,1.533,800000,800000,800000,800000,0.9200,max,moderate
0.3900,0.0200,0.5900,2.359,46.000,1.559,800000,800000,800000,800000,0.9200,max,moderate
0.3900,0.0300,0.5800,2.359,30.667,1.586,800000,800000,800000,800000,0.9200,good,moderate
0.3900,0.0400,0.5700,2.359,23.000,1.614,800000,800000,800000,800000,0.9200,max,moderate
0.3900,0.0500,0.5600,2.359,18.400,1.643,800000,800000,800000,800000,0.9200,good,moderate
0.3900,0.0600,0.5500,2.359,15.333,1.673,800000,800000,800000,800000,0.9200,max,moderate
0.3900,0.0700,0.5400,2.359,13.143,1.704,800000,800000,800000,800000,0.9200,good,moderate
0.3900,0.0800,0.5300,2.359,11.500,1.736,800000,800000,800000,800000,0.9200,max,moderate
0.3900,0.0900,0.5200,2.359,10.222,1.769,800000,800000,800000,800000,0.9200,max,moderate
0.3900,0.1000,0.5100,2.359,9.200,1.804,800000,800000,800000,800000,0.9200,max,moderate
0.3900,0.1100,0.5000,2.359,8.364,1.840,800000,800000,800000,800000,0.9200,max,moderate
0.3900,0.1200,0.4900,2.359,7.667,1.878,800000,800000,800000,800000,0.9200,max,balanced
0.3900,0.1300,0.4800,2.359,7.077,1.917,800000,800000,800000,800000,0.9200,max,balanced
0.3900,0.1400,0.4700,2.359,6.571,1.957,800000,800000,800000,800000,0.9200,good,balanced
0.3900,0.1500,0.4600,2.359,6.133,2.000,800000,800000,800000,800000,0.9200,max,balanced
0.3900,0.1600,0.4500,2.359,5.750,2.044,800000,800000,800000,800000,0.9200,max,balanced
0.3900,0.1700,0.4400,2.359,5.412,2.091,800000,800000,800000,800000,0.9200,max,balanced
0.3900,0.1800,0.4300,2.359,5.111,2.140,800000,800000,800000,800000,0.9200,good,balanced
0.3900,0.1900,0.4200,2.359,4.842,2.190,800000,800000,800000,800000,0.9200,max,balanced
0.3900,0.2000,0.4100,2.359,4.600,2.244,800000,800000,800000,800000,0.9200,max,balanced
0.3900,0.2100,0.4000,2.359,4.381,2.300,800000,800000,800000,800000,0.9200,max,balanced
0.3900,0.2200,0.3900,2.359,4.182,2.359,800000,800000,800000,800000,0.9200,max,balanced
0.3900,0.2300,0.3800,2.359,4.000,2.421,800000,800000,800000,800000,0.9200,max,balanced
0.3900,0.2400,0.3700,2.359,3.833,2.486,800000,800000,800000,800000,0.9200,max,balanced
0.3900,0.2500,0.3600,2.359,3.680,2.556,800000,800000,800000,800000,0.9200,max,balanced
0.3900,0.2600,0.3500,2.359,3.538,2.629,800000,800000,800000,800000,0.9200,good,balanced
0.3900,0.2700,0.3400,2.359,3.407,2.706,800000,800000,800000,800000,0.9200,max,balanced
0.3900,0.2800,0.3300,2.359,3.286,2.788,800000,800000,800000,800000,0.9200,good,balanced
0.3900,0.2900,0.3200,2.359,3.172,2.875,800000,800000,800000,800000,0.9200,good,balanced
0.3900,0.3000,0.3100,2.359,3.067,2.968,800000,800000,800000,800000,0.9200,max,balanced
0.3900,0.3100,0.3000,2.359,2.968,3.067,800000,800000,800000,800000,0.9200,max,balanced
0.3900,0.3200,0.2900,2.359,2.875,3.172,800000,800000,800000,800000,0.9200,good,balanced
0.3900,0.3300,0.2800,2.359,2.788,3.286,800000,800000,800000,800000,0.9200,good,balanced
0.3900,0.3400,0.2700,2.359,2.706,3.407,800000,800000,800000,800000,0.9200,max,balanced
0.3900,0.3500,0.2600,2.359,2.629,3.538,800000,800000,800000,800000,0.9200,good,balanced
0.3900,0.3600,0.2500,2.359,2.556,3.680,800000,800000,800000,800000,0.9200,max,balanced
0.3900,0.3700,0.2400,2.359,2.486,3.833,800000,800000,800000,800000,0.9200,max,balanced
0.3900,0.3800,0.2300,2.359,2.421,4.000,800000,800000,800000,800000,0.9200,max,balanced
0.3900,0.3900,0.2200,2.359,2.359,4.182,800000,800000,800000,800000,0.9200,max,balanced
0.3900,0.4000,0.2100,2.359,2.300,4.381,800000,800000,800000,800000,0.9200,max,balanced
0.3900,0.4100,0.2000,2.359,2.244,4.600,800000,800000,800000,800000,0.9200,max,balanced
0.3900,0.4200,0.1900,2.359,2.190,4.842,800000,800000,800000,800000,0.9200,max,balanced
0.3900,0.4300,0.1800,2.359,2.140,5.111,800000,800000,800000,800000,0.9200,good,balanced
0.3900,0.4400,0.1700,2.359,2.091,5.412,800000,800000,800000,800000,0.9200,max,balanced
0.3900,0.4500,0.1600,2.359,2.044,5.750,800000,800000,800000,800000,0.9200,max,balanced
0.3900,0.4600,0.1500,2.359,2.000,6.133,800000,800000,800000,800000,0.9200,max,balanced
0.3900,0.4700,0.1400,2.359,1.957,6.571,800000,800000,800000,800000,0.9200,good,balanced
0.3900,0.4800,0.1300,2.359,1.917,7.077,800000,800000,800000,800000,0.9200,max,balanced
0.3900,0.4900,0.1200,2.359,1.878,7.667,800000,800000,800000,800000,0.9200,max,balanced
0.3900,0.5000,0.1100,2.359,1.840,8.364,800000,800000,800000,800000,0.9200,max,moderate
0.3900,0.5100,0.1000,2.359,1.804,9.200,800000,800000,800000,800000,0.9200,max,moderate
0.3900,0.5200,0.0900,2.359,1.769,10.222,800000,800000,800000,800000,0.9200,max,moderate
0.3900,0.5300,0.0800,2.359,1.736,11.500,800000,800000,800000,800000,0.9200,max,moderate
0.3900,0.5400,0.0700,2.359,1.704,13.143,800000,800000,800000,800000,0.9200,good,moderate
0.3900,0.5500,0.0600,2.359,1.673,15.333,800000,800000,800000,800000,0.9200,max,moderate
0.3900,0.5600,0.0500,2.359,1.643,18.400,800000,800000,800000,800000,0.9200,good,moderate
0.3900,0.5700,0.0400,2.359,1.614,23.000,800000,800000,800000,800000,0.9200,max,moderate
0.3900,0.5800,0.0300,2.359,1.586,30.667,800000,800000,800000,800000,0.9200,good,moderate
0.3900,0.5900,0.0200,2.359,1.559,46.000,800000,800000,800000,800000,0.9200,max,moderate
0.3900,0.6000,0.0100,2.359,1.533,92.000,800000,800000,800000,800000,0.9200,max,moderate
0.3900,0.6100,0.0000,2.359,1.508,999.000,800000,800000,10000000,800000,0.9200,max,moderate
0.4000,0.0000,0.6000,2.300,999.000,1.533,800000,10000000,800000,800000,0.9200,max,moderate
0.4000,0.0100,0.5900,2.300,92.000,1.559,800000,800000,800000,800000,0.9200,max,moderate
0.4000,0.0200,0.5800,2.300,46.000,1.586,800000,800000,800000,800000,0.9200,good,moderate
0.4000,0.0300,0.5700,2.300,30.667,1.614,800000,800000,800000,800000,0.9200,max,moderate
0.4000,0.0400,0.5600,2.300,23.000,1.643,800000,800000,800000,800000,0.9200,good,moderate
0.4000,0.0500,0.5500,2.300,18.400,1.673,800000,800000,800000,800000,0.9200,max,moderate
0.4000,0.0600,0.5400,2.300,15.333,1.704,800000,800000,800000,800000,0.9200,max,moderate
0.4000,0.0700,0.5300,2.300,13.143,1.736,800000,800000,800000,800000,0.9200,good,moderate
0.4000,0.0800,0.5200,2.300,11.500,1.769,800000,800000,800000,800000,0.9200,max,moderate
0.4000,0.0900,0.5100,2.300,10.222,1.804,800000,800000,800000,800000,0.9200,max,moderate
0.4000,0.1000,0.5000,2.300,9.200,1.840,800000,800000,800000,800000,0.9200,max,moderate
0.4000,0.1100,0.4900,2.300,8.364,1.878,800000,800000,800000,800000,0.9200,max,balanced
0.4000,0.1200,0.4800,2.300,7.667,1.917,800000,800000,800000,800000,0.9200,max,balanced
0.4000,0.1300,0.4700,2.300,7.077,1.957,800000,800000,800000,800000,0.9200,max,balanced
0.4000,0.1400,0.4600,2.300,6.571,2.000,800000,800000,800000,800000,0.9200,good,balanced
0.4000,0.1500,0.4500,2.300,6.133,2.044,800000,800000,800000,800000,0.9200,max,balanced
0.4000,0.1600,0.4400,2.300,5.750,2.091,800000,800000,800000,800000,0.9200,max,balanced
0.4000,0.1700,0.4300,2.300,5.412,2.140,800000,800000,800000,800000,0.9200,good,balanced
0.4000,0.1800,0.4200,2.300,5.111,2.190,800000,800000,800000,800000,0.9200,max,balanced
0.4000,0.1900,0.4100,2.300,4.842,2.244,800000,800000,800000,800000,0.9200,max,balanced
0.4000,0.2000,0.4000,2.300,4.600,2.300,800000,800000,800000,800000,0.9200,max,balanced
0.4000,0.2100,0.3900,2.300,4.381,2.359,800000,800000,800000,800000,0.9200,max,balanced
0.4000,0.2200,0.3800,2.300,4.182,2.421,800000,800000,800000,800000,0.9200,max,balanced
0.4000,0.2300,0.3700,2.300,4.000,2.486,800000,800000,800000,800000,0.9200,max,balanced
0.4000,0.2400,0.3600,2.300,3.833,2.556,800000,800000,800000,800000,0.9200,max,balanced
0.4000,0.2500,0.3500,2.300,3.680,2.629,800000,800000,800000,800000,0.9200,good,balanced
0.4000,0.2600,0.3400,2.300,3.538,2.706,800000,800000,800000,800000,0.9200,max,balanced
0.4000,0.2700,0.3300,2.300,3.407,2.788,800000,800000,800000,800000,0.9200,max,balanced
0.4000,0.2800,0.3200,2.300,3.286,2.875,800000,800000,800000,800000,0.9200,good,balanced
0.4000,0.2900,0.3100,2.300,3.172,2.968,800000,800000,800000,800000,0.9200,good,balanced
0.4000,0.3000,0.3000,2.300,3.067,3.067,800000,800000,800000,800000,0.9200,max,balanced
0.4000,0.3100,0.2900,2.300,2.968,3.172,800000,800000,800000,800000,0.9200,good,balanced
0.4000,0.3200,0.2800,2.300,2.875,3.286,800000,800000,800000,800000,0.9200,good,balanced
0.4000,0.3300,0.2700,2.300,2.788,3.407,800000,800000,800000,800000,0.9200,max,balanced
0.4000,0.3400,0.2600,2.300,2.706,3.538,800000,800000,800000,800000,0.9200,max,balanced
0.4000,0.3500,0.2500,2.300,2.629,3.680,800000,800000,800000,800000,0.9200,good,balanced
0.4000,0.3600,0.2400,2.300,2.556,3.833,800000,800000,800000,800000,0.9200,max,balanced
0.4000,0.3700,0.2300,2.300,2.486,4.000,800000,800000,800000,800000,0.9200,max,balanced
0.4000,0.3800,0.2200,2.300,2.421,4.182,800000,800000,800000,800000,0.9200,max,balanced
0.4000,0.3900,0.2100,2.300,2.359,4.381,800000,800000,800000,800000,0.9200,max,balanced
0.4000,0.4000,0.2000,2.300,2.300,4.600,800000,800000,800000,800000,0.9200,max,balanced
0.4000,0.4100,0.1900,2.300,2.244,4.842,800000,800000,800000,800000,0.9200,max,balanced
0.4000,0.4200,0.1800,2.300,2.190,5.111,800000,800000,800000,800000,0.9200,max,balanced
0.4000,0.4300,0.1700,2.300,2.140,5.412,800000,800000,800000,800000,0.9200,good,balanced
0.4000,0.4400,0.1600,2.300,2.091,5.750,800000,800000,800000,800000,0.9200,max,balanced
0.4000,0.4500,0.1500,2.300,2.044,6.133,800000,800000,800000,800000,0.9200,max,balanced
0.4000,0.4600,0.1400,2.300,2.000,6.571,800000,800000,800000,800000,0.9200,good,balanced
0.4000,0.4700,0.1300,2.300,1.957,7.077,800000,800000,800000,800000,0.9200,max,balanced
0.4000,0.4800,0.1200,2.300,1.917,7.667,800000,800000,800000,800000,0.9200,max,balanced
0.4000,0.4900,0.1100,2.300,1.878,8.364,800000,800000,800000,800000,0.9200,max,balanced
0.4000,0.5000,0.1000,2.300,1.840,9.200,800000,800000,800000,800000,0.9200,max,moderate
0.4000,0.5100,0.0900,2.300,1.804,10.222,800000,800000,800000,800000,0.9200,max,moderate
0.4000,0.5200,0.0800,2.300,1.769,11.500,800000,800000,800000,800000,0.9200,max,moderate
0.4000,0.5300,0.0700,2.300,1.736,13.143,800000,800000,800000,800000,0.9200,good,moderate
0.4000,0.5400,0.0600,2.300,1.704,15.333,800000,800000,800000,800000,0.9200,max,moderate
0.4000,0.5500,0.0500,2.300,1.673,18.400,800000,800000,800000,800000,0.9200,max,moderate
0.4000,0.5600,0.0400,2.300,1.643,23.000,800000,800000,800000,800000,0.9200,good,moderate
0.4000,0.5700,0.0300,2.300,1.614,30.667,800000,800000,800000,800000,0.9200,max,moderate
0.4000,0.5800,0.0200,2.300,1.586,46.000,800000,800000,800000,800000,0.9200,good,moderate
0.4000,0.5900,0.0100,2.300,1.559,92.000,800000,800000,800000,800000,0.9200,max,moderate
0.4000,0.6000,0.0000,2.300,1.533,999.000,800000,800000,10000000,800000,0.9200,max,moderate
0.4100,0.0000,0.5900,2.244,999.000,1.559,800000,10000000,800000,800000,0.9200,max,moderate
0.4100,0.0100,0.5800,2.244,92.000,1.586,800000,800000,800000,800000,0.9200,good,moderate
0.4100,0.0200,0.5700,2.244,46.000,1.614,800000,800000,800000,800000,0.9200,max,moderate
0.4100,0.0300,0.5600,2.244,30.667,1.643,800000,800000,800000,800000,0.9200,good,moderate
0.4100,0.0400,0.5500,2.244,23.000,1.673,800000,800000,800000,800000,0.9200,max,moderate
0.4100,0.0500,0.5400,2.244,18.400,1.704,800000,800000,800000,800000,0.9200,max,moderate
0.4100,0.0600,0.5300,2.244,15.333,1.736,800000,800000,800000,800000,0.9200,max,moderate
0.4100,0.0700,0.5200,2.244,13.143,1.769,800000,800000,800000,800000,0.9200,good,moderate
0.4100,0.0800,0.5100,2.244,11.500,1.804,800000,800000,800000,800000,0.9200,max,moderate
0.4100,0.0900,0.5000,2.244,10.222,1.840,800000,800000,800000,800000,0.9200,max,moderate
0.4100,0.1000,0.4900,2.244,9.200,1.878,800000,800000,800000,800000,0.9200,max,balanced
0.4100,0.1100,0.4800,2.244,8.364,1.917,800000,800000,800000,800000,0.9200,max,balanced
0.4100,0.1200,0.4700,2.244,7.667,1.957,800000,800000,800000,800000,0.9200,max,balanced
0.4100,0.1300,0.4600,2.244,7.077,2.000,800000,800000,800000,800000,0.9200,max,balanced
0.4100,0.1400,0.4500,2.244,6.571,2.044,800000,800000,800000,800000,0.9200,good,balanced
0.4100,0.1500,0.4400,2.244,6.133,2.091,800000,800000,800000,800000,0.9200,max,balanced
0.4100,0.1600,0.4300,2.244,5.750,2.140,800000,800000,800000,800000,0.9200,good,balanced
0.4100,0.1700,0.4200,2.244,5.412,2.190,800000,800000,800000,800000,0.9200,max,balanced
0.4100,0.1800,0.4100,2.244,5.111,2.244,800000,800000,800000,800000,0.9200,max,balanced
0.4100,0.1900,0.4000,2.244,4.842,2.300,800000,800000,800000,800000,0.9200,max,balanced
0.4100,0.2000,0.3900,2.244,4.600,2.359,800000,800000,800000,800000,0.9200,max,balanced
0.4100,0.2100,0.3800,2.244,4.381,2.421,800000,800000,800000,800000,0.9200,max,balanced
0.4100,0.2200,0.3700,2.244,4.182,2.486,800000,800000,800000,800000,0.9200,max,balanced
0.4100,0.2300,0.3600,2.244,4.000,2.556,800000,800000,800000,800000,0.9200,max,balanced
0.4100,0.2400,0.3500,2.244,3.833,2.629,800000,800000,800000,800000,0.9200,good,balanced
0.4100,0.2500,0.3400,2.244,3.680,2.706,800000,800000,800000,800000,0.9200,max,balanced
0.4100,0.2600,0.3300,2.244,3.538,2.788,800000,800000,800000,800000,0.9200,max,balanced
0.4100,0.2700,0.3200,2.244,3.407,2.875,800000,800000,800000,800000,0.9200,max,balanced
0.4100,0.2800,0.3100,2.244,3.286,2.968,800000,800000,800000,800000,0.9200,good,balanced
0.4100,0.2900,0.3000,2.244,3.172,3.067,800000,800000,800000,800000,0.9200,good,balanced
0.4100,0.3000,0.2900,2.244,3.067,3.172,800000,800000,800000,800000,0.9200,good,balanced
0.4100,0.3100,0.2800,2.244,2.968,3.286,800000,800000,800000,800000,0.9200,good,balanced
0.4100,0.3200,0.2700,2.244,2.875,3.407,800000,800000,800000,800000,0.9200,max,balanced
0.4100,0.3300,0.2600,2.244,2.788,3.538,800000,800000,800000,800000,0.9200,max,balanced
0.4100,0.3400,0.2500,2.244,2.706,3.680,800000,800000,800000,800000,0.9200,max,balanced
0.4100,0.3500,0.2400,2.244,2.629,3.833,800000,800000,800000,800000,0.9200,good,balanced
0.4100,0.3600,0.2300,2.244,2.556,4.000,800000,800000,800000,800000,0.9200,max,balanced
0.4100,0.3700,0.2200,2.244,2.486,4.182,800000,800000,800000,800000,0.9200,max,balanced
0.4100,0.3800,0.2100,2.244,2.421,4.381,800000,800000,800000,800000,0.9200,max,balanced
0.4100,0.3900,0.2000,2.244,2.359,4.600,800000,800000,800000,800000,0.9200,max,balanced
0.4100,0.4000,0.1900,2.244,2.300,4.842,800000,800000,800000,800000,0.9200,max,balanced
0.4100,0.4100,0.1800,2.244,2.244,5.111,800000,800000,800000,800000,0.9200,max,balanced
0.4100,0.4200,0.1700,2.244,2.190,5.412,800000,800000,800000,800000,0.9200,max,balanced
0.4100,0.4300,0.1600,2.244,2.140,5.750,800000,800000,800000,800000,0.9200,good,balanced
0.4100,0.4400,0.1500,2.244,2.091,6.133,800000,800000,800000,800000,0.9200,max,balanced
0.4100,0.4500,0.1400,2.244,2.044,6.571,800000,800000,800000,800000,0.9200,good,balanced
0.4100,0.4600,0.1300,2.244,2.000,7.077,800000,800000,800000,800000,0.9200,max,balanced
0.4100,0.4700,0.1200,2.244,1.957,7.667,800000,800000,800000,800000,0.9200,max,balanced
0.4100,0.4800,0.1100,2.244,1.917,8.364,800000,800000,800000,800000,0.9200,max,balanced
0.4100,0.4900,0.1000,2.244,1.878,9.200,800000,800000,800000,800000,0.9200,max,balanced
0.4100,0.5000,0.0900,2.244,1.840,10.222,800000,800000,800000,800000,0.9200,max,moderate
0.4100,0.5100,0.0800,2.244,1.804,11.500,800000,800000,800000,800000,0.9200,max,moderate
0.4100,0.5200,0.0700,2.244,1.769,13.143,800000,800000,800000,800000,0.9200,good,moderate
0.4100,0.5300,0.0600,2.244,1.736,15.333,800000,800000,800000,800000,0.9200,max,moderate
0.4100,0.5400,0.0500,2.244,1.704,18.400,800000,800000,800000,800000,0.9200,max,moderate
0.4100,0.5500,0.0400,2.244,1.673,23.000,800000,800000,800000,800000,0.9200,max,moderate
0.4100,0.5600,0.0300,2.244,1.643,30.667,800000,800000,800000,800000,0.9200,good,moderate
0.4100,0.5700,0.0200,2.244,1.614,46.000,800000,800000,800000,800000,0.9200,max,moderate
0.4100,0.5800,0.0100,2.244,1.586,92.000,800000,800000,800000,800000,0.9200,good,moderate
0.4100,0.5900,0.0000,2.244,1.559,999.000,800000,800000,10000000,800000,0.9200,max,moderate
0.4200,0.0000,0.5800,2.190,999.000,1.586,800000,10000000,800000,800000,0.9200,good,moderate
0.4200,0.0100,0.5700,2.190,92.000,1.614,800000,800000,800000,800000,0.9200,max,moderate
0.4200,0.0200,0.5600,2.190,46.000,1.643,800000,800000,800000,800000,0.9200,good,moderate
0.4200,0.0300,0.5500,2.190,30.667,1.673,800000,800000,800000,800000,0.9200,max,moderate
0.4200,0.0400,0.5400,2.190,23.000,1.704,800000,800000,800000,800000,0.9200,max,moderate
0.4200,0.0500,0.5300,2.190,18.400,1.736,800000,800000,800000,800000,0.9200,max,moderate
0.4200,0.0600,0.5200,2.190,15.333,1.769,800000,800000,800000,800000,0.9200,max,moderate
0.4200,0.0700,0.5100,2.190,13.143,1.804,800000,800000,800000,800000,0.9200,good,moderate
0.4200,0.0800,0.5000,2.190,11.500,1.840,800000,800000,800000,800000,0.9200,max,moderate
0.4200,0.0900,0.4900,2.190,10.222,1.878,800000,800000,800000,800000,0.9200,max,balanced
0.4200,0.1000,0.4800,2.190,9.200,1.917,800000,800000,800000,800000,0.9200,max,balanced
0.4200,0.1100,0.4700,2.190,8.364,1.957,800000,800000,800000,800000,0.9200,max,balanced
0.4200,0.1200,0.4600,2.190,7.667,2.000,800000,800000,800000,800000,0.9200,max,balanced
0.4200,0.1300,0.4500,2.190,7.077,2.044,800000,800000,800000,800000,0.9200,max,balanced
0.4200,0.1400,0.4400,2.190,6.571,2.091,800000,800000,800000,800000,0.9200,good,balanced
0.4200,0.1500,0.4300,2.190,6.133,2.140,800000,800000,800000,800000,0.9200,good,balanced
0.4200,0.1600,0.4200,2.190,5.750,2.190,800000,800000,800000,800000,0.9200,max,balanced
0.4200,0.1700,0.4100,2.190,5.412,2.244,800000,800000,800000,800000,0.9200,max,balanced
0.4200,0.1800,0.4000,2.190,5.111,2.300,800000,800000,800000,800000,0.9200,max,balanced
0.4200,0.1900,0.3900,2.190,4.842,2.359,800000,800000,800000,800000,0.9200,max,balanced
0.4200,0.2000,0.3800,2.190,4.600,2.421,800000,800000,800000,800000,0.9200,max,balanced
0.4200,0.2100,0.3700,2.190,4.381,2.486,800000,800000,800000,800000,0.9200,max,balanced
0.4200,0.2200,0.3600,2.190,4.182,2.556,800000,800000,800000,800000,0.9200,max,balanced
0.4200,0.2300,0.3500,2.190,4.000,2.629,800000,800000,800000,800000,0.9200,good,balanced
0.4200,0.2400,0.3400,2.190,3.833,2.706,800000,800000,800000,800000,0.9200,max,balanced
0.4200,0.2500,0.3300,2.190,3.680,2.788,800000,800000,800000,800000,0.9200,max,balanced
0.4200,0.2600,0.3200,2.190,3.538,2.875,800000,800000,800000,800000,0.9200,max,balanced
0.4200,0.2700,0.3100,2.190,3.407,2.968,800000,800000,800000,800000,0.9200,max,balanced
0.4200,0.2800,0.3000,2.190,3.286,3.067,800000,800000,800000,800000,0.9200,good,balanced
0.4200,0.2900,0.2900,2.190,3.172,3.172,800000,800000,800000,800000,0.9200,good,balanced
0.4200,0.3000,0.2800,2.190,3.067,3.286,800000,800000,800000,800000,0.9200,good,balanced
0.4200,0.3100,0.2700,2.190,2.968,3.407,800000,800000,800000,800000,0.9200,max,balanced
0.4200,0.3200,0.2600,2.190,2.875,3.538,800000,800000,800000,800000,0.9200,max,balanced
0.4200,0.3300,0.2500,2.190,2.788,3.680,800000,800000,800000,800000,0.9200,max,balanced
0.4200,0.3400,0.2400,2.190,2.706,3.833,800000,800000,800000,800000,0.9200,max,balanced
0.4200,0.3500,0.2300,2.190,2.629,4.000,800000,800000,800000,800000,0.9200,good,balanced
0.4200,0.3600,0.2200,2.190,2.556,4.182,800000,800000,800000,800000,0.9200,max,balanced
0.4200,0.3700,0.2100,2.190,2.486,4.381,800000,800000,800000,800000,0.9200,max,balanced
0.4200,0.3800,0.2000,2.190,2.421,4.600,800000,800000,800000,800000,0.9200,max,balanced
0.4200,0.3900,0.1900,2.190,2.359,4.842,800000,800000,800000,800000,0.9200,max,balanced
0.4200,0.4000,0.1800,2.190,2.300,5.111,800000,800000,800000,800000,0.9200,max,balanced
0.4200,0.4100,0.1700,2.190,2.244,5.412,800000,800000,800000,800000,0.9200,max,balanced
0.4200,0.4200,0.1600,2.190,2.190,5.750,800000,800000,800000,800000,0.9200,max,balanced
0.4200,0.4300,0.1500,2.190,2.140,6.133,800000,800000,800000,800000,0.9200,good,balanced
0.4200,0.4400,0.1400,2.190,2.091,6.571,800000,800000,800000,800000,0.9200,good,balanced
0.4200,0.4500,0.1300,2.190,2.044,7.077,800000,800000,800000,800000,0.9200,max,balanced
0.4200,0.4600,0.1200,2.190,2.000,7.667,800000,800000,800000,800000,0.9200,max,balanced
0.4200,0.4700,0.1100,2.190,1.957,8.364,800000,800000,800000,800000,0.9200,max,balanced
0.4200,0.4800,0.1000,2.190,1.917,9.200,800000,800000,800000,800000,0.9200,max,balanced
0.4200,0.4900,0.0900,2.190,1.878,10.222,800000,800000,800000,800000,0.9200,max,balanced
0.4200,0.5000,0.0800,2.190,1.840,11.500,800000,800000,800000,800000,0.9200,max,moderate
0.4200,0.5100,0.0700,2.190,1.804,13.143,800000,800000,800000,800000,0.9200,good,moderate
0.4200,0.5200,0.0600,2.190,1.769,15.333,800000,800000,800000,800000,0.9200,max,moderate
0.4200,0.5300,0.0500,2.190,1.736,18.400,800000,800000,800000,800000,0.9200,max,moderate
0.4200,0.5400,0.0400,2.190,1.704,23.000,800000,800000,800000,800000,0.9200,max,moderate
0.4200,0.5500,0.0300,2.190,1.673,30.667,800000,800000,800000,800000,0.9200,max,moderate
0.4200,0.5600,0.0200,2.190,1.643,46.000,800000,800000,800000,800000,0.9200,good,moderate
0.4200,0.5700,0.0100,2.190,1.614,92.000,800000,800000,800000,800000,0.9200,max,moderate
0.4200,0.5800,0.0000,2.190,1.586,999.000,800000,800000,10000000,800000,0.9200,good,moderate
0.4300,0.0000,0.5700,2.140,999.000,1.614,800000,10000000,800000,800000,0.9200,good,moderate
0.4300,0.0100,0.5600,2.140,92.000,1.643,800000,800000,800000,800000,0.9200,good,moderate
0.4300,0.0200,0.5500,2.140,46.000,1.673,800000,800000,800000,800000,0.9200,good,moderate
0.4300,0.0300,0.5400,2.140,30.667,1.704,800000,800000,800000,800000,0.9200,good,moderate
0.4300,0.0400,0.5300,2.140,23.000,1.736,800000,800000,800000,800000,0.9200,good,moderate
0.4300,0.0500,0.5200,2.140,18.400,1.769,800000,800000,800000,800000,0.9200,good,moderate
0.4300,0.0600,0.5100,2.140,15.333,1.804,800000,800000,800000,800000,0.9200,good,moderate
0.4300,0.0700,0.5000,2.140,13.143,1.840,800000,800000,800000,800000,0.9200,good,moderate
0.4300,0.0800,0.4900,2.140,11.500,1.878,800000,800000,800000,800000,0.9200,good,balanced
0.4300,0.0900,0.4800,2.140,10.222,1.917,800000,800000,800000,800000,0.9200,good,balanced
0.4300,0.1000,0.4700,2.140,9.200,1.957,800000,800000,800000,800000,0.9200,good,balanced
0.4300,0.1100,0.4600,2.140,8.364,2.000,800000,800000,800000,800000,0.9200,good,balanced
0.4300,0.1200,0.4500,2.140,7.667,2.044,800000,800000,800000,800000,0.9200,good,balanced
0.4300,0.1300,0.4400,2.140,7.077,2.091,800000,800000,800000,800000,0.9200,good,balanced
0.4300,0.1400,0.4300,2.140,6.571,2.140,800000,800000,800000,800000,0.9200,good,balanced
0.4300,0.1500,0.4200,2.140,6.133,2.190,800000,800000,800000,800000,0.9200,good,balanced
0.4300,0.1600,0.4100,2.140,5.750,2.244,800000,800000,800000,800000,0.9200,good,balanced
0.4300,0.1700,0.4000,2.140,5.412,2.300,800000,800000,800000,800000,0.9200,good,balanced
0.4300,0.1800,0.3900,2.140,5.111,2.359,800000,800000,800000,800000,0.9200,good,balanced
0.4300,0.1900,0.3800,2.140,4.842,2.421,800000,800000,800000,800000,0.9200,good,balanced
0.4300,0.2000,0.3700,2.140,4.600,2.486,800000,800000,800000,800000,0.9200,good,balanced
0.4300,0.2100,0.3600,2.140,4.381,2.556,800000,800000,800000,800000,0.9200,good,balanced
0.4300,0.2200,0.3500,2.140,4.182,2.629,800000,800000,800000,800000,0.9200,good,balanced
0.4300,0.2300,0.3400,2.140,4.000,2.706,800000,800000,800000,800000,0.9200,good,balanced
0.4300,0.2400,0.3300,2.140,3.833,2.788,800000,800000,800000,800000,0.9200,good,balanced
0.4300,0.2500,0.3200,2.140,3.680,2.875,800000,800000,800000,800000,0.9200,good,balanced
0.4300,0.2600,0.3100,2.140,3.538,2.968,800000,800000,800000,800000,0.9200,good,balanced
0.4300,0.2700,0.3000,2.140,3.407,3.067,800000,800000,800000,800000,0.9200,good,balanced
0.4300,0.2800,0.2900,2.140,3.286,3.172,800000,800000,800000,800000,0.9200,good,balanced
0.4300,0.2900,0.2800,2.140,3.172,3.286,800000,800000,800000,800000,0.9200,good,balanced
0.4300,0.3000,0.2700,2.140,3.067,3.407,800000,800000,800000,800000,0.9200,good,balanced
0.4300,0.3100,0.2600,2.140,2.968,3.538,800000,800000,800000,800000,0.9200,good,balanced
0.4300,0.3200,0.2500,2.140,2.875,3.680,800000,800000,800000,800000,0.9200,good,balanced
0.4300,0.3300,0.2400,2.140,2.788,3.833,800000,800000,800000,800000,0.9200,good,balanced
0.4300,0.3400,0.2300,2.140,2.706,4.000,800000,800000,800000,800000,0.9200,good,balanced
0.4300,0.3500,0.2200,2.140,2.629,4.182,800000,800000,800000,800000,0.9200,good,balanced
0.4300,0.3600,0.2100,2.140,2.556,4.381,800000,800000,800000,800000,0.9200,good,balanced
0.4300,0.3700,0.2000,2.140,2.486,4.600,800000,800000,800000,800000,0.9200,good,balanced
0.4300,0.3800,0.1900,2.140,2.421,4.842,800000,800000,800000,800000,0.9200,good,balanced
0.4300,0.3900,0.1800,2.140,2.359,5.111,800000,800000,800000,800000,0.9200,good,balanced
0.4300,0.4000,0.1700,2.140,2.300,5.412,800000,800000,800000,800000,0.9200,good,balanced
0.4300,0.4100,0.1600,2.140,2.244,5.750,800000,800000,800000,800000,0.9200,good,balanced
0.4300,0.4200,0.1500,2.140,2.190,6.133,800000,800000,800000,800000,0.9200,good,balanced
0.4300,0.4300,0.1400,2.140,2.140,6.571,800000,800000,800000,800000,0.9200,good,balanced
0.4300,0.4400,0.1300,2.140,2.091,7.077,800000,800000,800000,800000,0.9200,good,balanced
0.4300,0.4500,0.1200,2.140,2.044,7.667,800000,800000,800000,800000,0.9200,good,balanced
0.4300,0.4600,0.1100,2.140,2.000,8.364,800000,800000,800000,800000,0.9200,good,balanced
0.4300,0.4700,0.1000,2.140,1.957,9.200,800000,800000,800000,800000,0.9200,good,balanced
0.4300,0.4800,0.0900,2.140,1.917,10.222,800000,800000,800000,800000,0.9200,good,balanced
0.4300,0.4900,0.0800,2.140,1.878,11.500,800000,800000,800000,800000,0.9200,good,balanced
0.4300,0.5000,0.0700,2.140,1.840,13.143,800000,800000,800000,800000,0.9200,good,moderate
0.4300,0.5100,0.0600,2.140,1.804,15.333,800000,800000,800000,800000,0.9200,good,moderate
0.4300,0.5200,0.0500,2.140,1.769,18.400,800000,800000,800000,800000,0.9200,good,moderate
0.4300,0.5300,0.0400,2.140,1.736,23.000,800000,800000,800000,800000,0.9200,good,moderate
0.4300,0.5400,0.0300,2.140,1.704,30.667,800000,800000,800000,800000,0.9200,good,moderate
0.4300,0.5500,0.0200,2.140,1.673,46.000,800000,800000,800000,800000,0.9200,good,moderate
0.4300,0.5600,0.0100,2.140,1.643,92.000,800000,800000,800000,800000,0.9200,good,moderate
0.4300,0.5700,0.0000,2.140,1.614,999.000,800000,800000,10000000,800000,0.9200,good,moderate
0.4400,0.0000,0.5600,2.091,999.000,1.643,800000,10000000,800000,800000,0.9200,good,moderate
0.4400,0.0100,0.5500,2.091,92.000,1.673,800000,800000,800000,800000,0.9200,max,moderate
0.4400,0.0200,0.5400,2.091,46.000,1.704,800000,800000,800000,800000,0.9200,max,moderate
0.4400,0.0300,0.5300,2.091,30.667,1.736,800000,800000,800000,800000,0.9200,max,moderate
0.4400,0.0400,0.5200,2.091,23.000,1.769,800000,800000,800000,800000,0.9200,max,moderate
0.4400,0.0500,0.5100,2.091,18.400,1.804,800000,800000,800000,800000,0.9200,max,moderate
0.4400,0.0600,0.5000,2.091,15.333,1.840,800000,800000,800000,800000,0.9200,max,moderate
0.4400,0.0700,0.4900,2.091,13.143,1.878,800000,800000,800000,800000,0.9200,good,balanced
0.4400,0.0800,0.4800,2.091,11.500,1.917,800000,800000,800000,800000,0.9200,max,balanced
0.4400,0.0900,0.4700,2.091,10.222,1.957,800000,800000,800000,800000,0.9200,max,balanced
0.4400,0.1000,0.4600,2.091,9.200,2.000,800000,800000,800000,800000,0.9200,max,balanced
0.4400,0.1100,0.4500,2.091,8.364,2.044,800000,800000,800000,800000,0.9200,max,balanced
0.4400,0.1200,0.4400,2.091,7.667,2.091,800000,800000,800000,800000,0.9200,max,balanced
0.4400,0.1300,0.4300,2.091,7.077,2.140,800000,800000,800000,800000,0.9200,good,balanced
0.4400,0.1400,0.4200,2.091,6.571,2.190,800000,800000,800000,800000,0.9200,good,balanced
0.4400,0.1500,0.4100,2.091,6.133,2.244,800000,800000,800000,800000,0.9200,max,balanced
0.4400,0.1600,0.4000,2.091,5.750,2.300,800000,800000,800000,800000,0.9200,max,balanced
0.4400,0.1700,0.3900,2.091,5.412,2.359,800000,800000,800000,800000,0.9200,max,balanced
0.4400,0.1800,0.3800,2.091,5.111,2.421,800000,800000,800000,800000,0.9200,max,balanced
0.4400,0.1900,0.3700,2.091,4.842,2.486,800000,800000,800000,800000,0.9200,max,balanced
0.4400,0.2000,0.3600,2.091,4.600,2.556,800000,800000,800000,800000,0.9200,max,balanced
0.4400,0.2100,0.3500,2.091,4.381,2.629,800000,800000,800000,800000,0.9200,good,balanced
0.4400,0.2200,0.3400,2.091,4.182,2.706,800000,800000,800000,800000,0.9200,max,balanced
0.4400,0.2300,0.3300,2.091,4.000,2.788,800000,800000,800000,800000,0.9200,max,balanced
0.4400,0.2400,0.3200,2.091,3.833,2.875,800000,800000,800000,800000,0.9200,max,balanced
0.4400,0.2500,0.3100,2.091,3.680,2.968,800000,800000,800000,800000,0.9200,max,balanced
0.4400,0.2600,0.3000,2.091,3.538,3.067,800000,800000,800000,800000,0.9200,max,balanced
0.4400,0.2700,0.2900,2.091,3.407,3.172,800000,800000,800000,800000,0.9200,good,balanced
0.4400,0.2800,0.2800,2.091,3.286,3.286,800000,800000,800000,800000,0.9200,good,balanced
0.4400,0.2900,0.2700,2.091,3.172,3.407,800000,800000,800000,800000,0.9200,good,balanced
0.4400,0.3000,0.2600,2.091,3.067,3.538,800000,800000,800000,800000,0.9200,max,balanced
0.4400,0.3100,0.2500,2.091,2.968,3.680,800000,800000,800000,800000,0.9200,max,balanced
0.4400,0.3200,0.2400,2.091,2.875,3.833,800000,800000,800000,800000,0.9200,max,balanced
0.4400,0.3300,0.2300,2.091,2.788,4.000,800000,800000,800000,800000,0.9200,max,balanced
0.4400,0.3400,0.2200,2.091,2.706,4.182,800000,800000,800000,800000,0.9200,max,balanced
0.4400,0.3500,0.2100,2.091,2.629,4.381,800000,800000,800000,800000,0.9200,good,balanced
0.4400,0.3600,0.2000,2.091,2.556,4.600,800000,800000,800000,800000,0.9200,max,balanced
0.4400,0.3700,0.1900,2.091,2.486,4.842,800000,800000,800000,800000,0.9200,max,balanced
0.4400,0.3800,0.1800,2.091,2.421,5.111,800000,800000,800000,800000,0.9200,max,balanced
0.4400,0.3900,0.1700,2.091,2.359,5.412,800000,800000,800000,800000,0.9200,max,balanced
0.4400,0.4000,0.1600,2.091,2.300,5.750,800000,800000,800000,800000,0.9200,max,balanced
0.4400,0.4100,0.1500,2.091,2.244,6.133,800000,800000,800000,800000,0.9200,max,balanced
0.4400,0.4200,0.1400,2.091,2.190,6.571,800000,800000,800000,800000,0.9200,good,balanced
0.4400,0.4300,0.1300,2.091,2.140,7.077,800000,800000,800000,800000,0.9200,good,balanced
0.4400,0.4400,0.1200,2.091,2.091,7.667,800000,800000,800000,800000,0.9200,max,balanced
0.4400,0.4500,0.1100,2.091,2.044,8.364,800000,800000,800000,800000,0.9200,max,balanced
0.4400,0.4600,0.1000,2.091,2.000,9.200,800000,800000,800000,800000,0.9200,max,balanced
0.4400,0.4700,0.0900,2.091,1.957,10.222,800000,800000,800000,800000,0.9200,max,balanced
0.4400,0.4800,0.0800,2.091,1.917,11.500,800000,800000,800000,800000,0.9200,max,balanced
0.4400,0.4900,0.0700,2.091,1.878,13.143,800000,800000,800000,800000,0.9200,good,balanced
0.4400,0.5000,0.0600,2.091,1.840,15.333,800000,800000,800000,800000,0.9200,max,moderate
0.4400,0.5100,0.0500,2.091,1.804,18.400,800000,800000,800000,800000,0.9200,max,moderate
0.4400,0.5200,0.0400,2.091,1.769,23.000,800000,800000,800000,800000,0.9200,max,moderate
0.4400,0.5300,0.0300,2.091,1.736,30.667,800000,800000,800000,800000,0.9200,max,moderate
0.4400,0.5400,0.0200,2.091,1.704,46.000,800000,800000,800000,800000,0.9200,max,moderate
0.4400,0.5500,0.0100,2.091,1.673,92.000,800000,800000,800000,800000,0.9200,max,moderate
0.4400,0.5600,0.0000,2.091,1.643,999.000,800000,800000,10000000,800000,0.9200,good,moderate
0.4500,0.0000,0.5500,2.044,999.000,1.673,800000,10000000,800000,800000,0.9200,max,moderate
0.4500,0.0100,0.5400,2.044,92.000,1.704,800000,800000,800000,800000,0.9200,max,moderate
0.4500,0.0200,0.5300,2.044,46.000,1.736,800000,800000,800000,800000,0.9200,max,moderate
0.4500,0.0300,0.5200,2.044,30.667,1.769,800000,800000,800000,800000,0.9200,max,moderate
0.4500,0.0400,0.5100,2.044,23.000,1.804,800000,800000,800000,800000,0.9200,max,moderate
0.4500,0.0500,0.5000,2.044,18.400,1.840,800000,800000,800000,800000,0.9200,max,moderate
0.4500,0.0600,0.4900,2.044,15.333,1.878,800000,800000,800000,800000,0.9200,max,balanced
0.4500,0.0700,0.4800,2.044,13.143,1.917,800000,800000,800000,800000,0.9200,good,balanced
0.4500,0.0800,0.4700,2.044,11.500,1.957,800000,800000,800000,800000,0.9200,max,balanced
0.4500,0.0900,0.4600,2.044,10.222,2.000,800000,800000,800000,800000,0.9200,max,balanced
0.4500,0.1000,0.4500,2.044,9.200,2.044,800000,800000,800000,800000,0.9200,max,balanced
0.4500,0.1100,0.4400,2.044,8.364,2.091,800000,800000,800000,800000,0.9200,max,balanced
0.4500,0.1200,0.4300,2.044,7.667,2.140,800000,800000,800000,800000,0.9200,good,balanced
0.4500,0.1300,0.4200,2.044,7.077,2.190,800000,800000,800000,800000,0.9200,max,balanced
0.4500,0.1400,0.4100,2.044,6.571,2.244,800000,800000,800000,800000,0.9200,good,balanced
0.4500,0.1500,0.4000,2.044,6.133,2.300,800000,800000,800000,800000,0.9200,max,balanced
0.4500,0.1600,0.3900,2.044,5.750,2.359,800000,800000,800000,800000,0.9200,max,balanced
0.4500,0.1700,0.3800,2.044,5.412,2.421,800000,800000,800000,800000,0.9200,max,balanced
0.4500,0.1800,0.3700,2.044,5.111,2.486,800000,800000,800000,800000,0.9200,max,balanced
0.4500,0.1900,0.3600,2.044,4.842,2.556,800000,800000,800000,800000,0.9200,max,balanced
0.4500,0.2000,0.3500,2.044,4.600,2.629,800000,800000,800000,800000,0.9200,good,balanced
0.4500,0.2100,0.3400,2.044,4.381,2.706,800000,800000,800000,800000,0.9200,max,balanced
0.4500,0.2200,0.3300,2.044,4.182,2.788,800000,800000,800000,800000,0.9200,max,balanced
0.4500,0.2300,0.3200,2.044,4.000,2.875,800000,800000,800000,800000,0.9200,max,balanced
0.4500,0.2400,0.3100,2.044,3.833,2.968,800000,800000,800000,800000,0.9200,max,balanced
0.4500,0.2500,0.3000,2.044,3.680,3.067,800000,800000,800000,800000,0.9200,max,balanced
0.4500,0.2600,0.2900,2.044,3.538,3.172,800000,800000,800000,800000,0.9200,good,balanced
0.4500,0.2700,0.2800,2.044,3.407,3.286,800000,800000,800000,800000,0.9200,good,balanced
0.4500,0.2800,0.2700,2.044,3.286,3.407,800000,800000,800000,800000,0.9200,good,balanced
0.4500,0.2900,0.2600,2.044,3.172,3.538,800000,800000,800000,800000,0.9200,good,balanced
0.4500,0.3000,0.2500,2.044,3.067,3.680,800000,800000,800000,800000,0.9200,max,balanced
0.4500,0.3100,0.2400,2.044,2.968,3.833,800000,800000,800000,800000,0.9200,max,balanced
0.4500,0.3200,0.2300,2.044,2.875,4.000,800000,800000,800000,800000,0.9200,max,balanced
0.4500,0.3300,0.2200,2.044,2.788,4.182,800000,800000,800000,800000,0.9200,max,balanced
0.4500,0.3400,0.2100,2.044,2.706,4.381,800000,800000,800000,800000,0.9200,max,balanced
0.4500,0.3500,0.2000,2.044,2.629,4.600,800000,800000,800000,800000,0.9200,good,balanced
0.4500,0.3600,0.1900,2.044,2.556,4.842,800000,800000,800000,800000,0.9200,max,balanced
0.4500,0.3700,0.1800,2.044,2.486,5.111,800000,800000,800000,800000,0.9200,max,balanced
0.4500,0.3800,0.1700,2.044,2.421,5.412,800000,800000,800000,800000,0.9200,max,balanced
0.4500,0.3900,0.1600,2.044,2.359,5.750,800000,800000,800000,800000,0.9200,max,balanced
0.4500,0.4000,0.1500,2.044,2.300,6.133,800000,800000,800000,800000,0.9200,max,balanced
0.4500,0.4100,0.1400,2.044,2.244,6.571,800000,800000,800000,800000,0.9200,good,balanced
0.4500,0.4200,0.1300,2.044,2.190,7.077,800000,800000,800000,800000,0.9200,max,balanced
0.4500,0.4300,0.1200,2.044,2.140,7.667,800000,800000,800000,800000,0.9200,good,balanced
0.4500,0.4400,0.1100,2.044,2.091,8.364,800000,800000,800000,800000,0.9200,max,balanced
0.4500,0.4500,0.1000,2.044,2.044,9.200,800000,800000,800000,800000,0.9200,max,balanced
0.4500,0.4600,0.0900,2.044,2.000,10.222,800000,800000,800000,800000,0.9200,max,balanced
0.4500,0.4700,0.0800,2.044,1.957,11.500,800000,800000,800000,800000,0.9200,max,balanced
0.4500,0.4800,0.0700,2.044,1.917,13.143,800000,800000,800000,800000,0.9200,good,balanced
0.4500,0.4900,0.0600,2.044,1.878,15.333,800000,800000,800000,800000,0.9200,max,balanced
0.4500,0.5000,0.0500,2.044,1.840,18.400,800000,800000,800000,800000,0.9200,max,moderate
0.4500,0.5100,0.0400,2.044,1.804,23.000,800000,800000,800000,800000,0.9200,max,moderate
0.4500,0.5200,0.0300,2.044,1.769,30.667,800000,800000,800000,800000,0.9200,max,moderate
0.4500,0.5300,0.0200,2.044,1.736,46.000,800000,800000,800000,800000,0.9200,max,moderate
0.4500,0.5400,0.0100,2.044,1.704,92.000,800000,800000,800000,800000,0.9200,max,moderate
0.4500,0.5500,0.0000,2.044,1.673,999.000,800000,800000,10000000,800000,0.9200,max,moderate
0.4600,0.0000,0.5400,2.000,999.000,1.704,800000,10000000,800000,800000,0.9200,max,moderate
0.4600,0.0100,0.5300,2.000,92.000,1.736,800000,800000,800000,800000,0.9200,max,moderate
0.4600,0.0200,0.5200,2.000,46.000,1.769,800000,800000,800000,800000,0.9200,max,moderate
0.4600,0.0300,0.5100,2.000,30.667,1.804,800000,800000,800000,800000,0.9200,max,moderate
0.4600,0.0400,0.5000,2.000,23.000,1.840,800000,800000,800000,800000,0.9200,max,moderate
0.4600,0.0500,0.4900,2.000,18.400,1.878,800000,800000,800000,800000,0.9200,max,balanced
0.4600,0.0600,0.4800,2.000,15.333,1.917,800000,800000,800000,800000,0.9200,max,balanced
0.4600,0.0700,0.4700,2.000,13.143,1.957,800000,800000,800000,800000,0.9200,good,balanced
0.4600,0.0800,0.4600,2.000,11.500,2.000,800000,800000,800000,800000,0.9200,max,balanced
0.4600,0.0900,0.4500,2.000,10.222,2.044,800000,800000,800000,800000,0.9200,max,balanced
0.4600,0.1000,0.4400,2.000,9.200,2.091,800000,800000,800000,800000,0.9200,max,balanced
0.4600,0.1100,0.4300,2.000,8.364,2.140,800000,800000,800000,800000,0.9200,good,balanced
0.4600,0.1200,0.4200,2.000,7.667,2.190,800000,800000,800000,800000,0.9200,max,balanced
0.4600,0.1300,0.4100,2.000,7.077,2.244,800000,800000,800000,800000,0.9200,max,balanced
0.4600,0.1400,0.4000,2.000,6.571,2.300,800000,800000,800000,800000,0.9200,good,balanced
0.4600,0.1500,0.3900,2.000,6.133,2.359,800000,800000,800000,800000,0.9200,max,balanced
0.4600,0.1600,0.3800,2.000,5.750,2.421,800000,800000,800000,800000,0.9200,max,balanced
0.4600,0.1700,0.3700,2.000,5.412,2.486,800000,800000,800000,800000,0.9200,max,balanced
0.4600,0.1800,0.3600,2.000,5.111,2.556,800000,800000,800000,800000,0.9200,max,balanced
0.4600,0.1900,0.3500,2.000,4.842,2.629,800000,800000,800000,800000,0.9200,good,balanced
0.4600,0.2000,0.3400,2.000,4.600,2.706,800000,800000,800000,800000,0.9200,max,balanced
0.4600,0.2100,0.3300,2.000,4.381,2.788,800000,800000,800000,800000,0.9200,max,balanced
0.4600,0.2200,0.3200,2.000,4.182,2.875,800000,800000,800000,800000,0.9200,max,balanced
0.4600,0.2300,0.3100,2.000,4.000,2.968,800000,800000,800000,800000,0.9200,max,balanced
0.4600,0.2400,0.3000,2.000,3.833,3.067,800000,800000,800000,800000,0.9200,max,balanced
0.4600,0.2500,0.2900,2.000,3.680,3.172,800000,800000,800000,800000,0.9200,good,balanced
0.4600,0.2600,0.2800,2.000,3.538,3.286,800000,800000,800000,800000,0.9200,good,balanced
0.4600,0.2700,0.2700,2.000,3.407,3.407,800000,800000,800000,800000,0.9200,max,balanced
0.4600,0.2800,0.2600,2.000,3.286,3.538,800000,800000,800000,800000,0.9200,good,balanced
0.4600,0.2900,0.2500,2.000,3.172,3.680,800000,800000,800000,800000,0.9200,good,balanced
0.4600,0.3000,0.2400,2.000,3.067,3.833,800000,800000,800000,800000,0.9200,max,balanced
0.4600,0.3100,0.2300,2.000,2.968,4.000,800000,800000,800000,800000,0.9200,max,balanced
0.4600,0.3200,0.2200,2.000,2.875,4.182,800000,800000,800000,800000,0.9200,max,balanced
0.4600,0.3300,0.2100,2.000,2.788,4.381,800000,800000,800000,800000,0.9200,max,balanced
0.4600,0.3400,0.2000,2.000,2.706,4.600,800000,800000,800000,800000,0.9200,max,balanced
0.4600,0.3500,0.1900,2.000,2.629,4.842,800000,800000,800000,800000,0.9200,good,balanced
0.4600,0.3600,0.1800,2.000,2.556,5.111,800000,800000,800000,800000,0.9200,max,balanced
0.4600,0.3700,0.1700,2.000,2.486,5.412,800000,800000,800000,800000,0.9200,max,balanced
0.4600,0.3800,0.1600,2.000,2.421,5.750,800000,800000,800000,800000,0.9200,max,balanced
0.4600,0.3900,0.1500,2.000,2.359,6.133,800000,800000,800000,800000,0.9200,max,balanced
0.4600,0.4000,0.1400,2.000,2.300,6.571,800000,800000,800000,800000,0.9200,good,balanced
0.4600,0.4100,0.1300,2.000,2.244,7.077,800000,800000,800000,800000,0.9200,max,balanced
0.4600,0.4200,0.1200,2.000,2.190,7.667,800000,800000,800000,800000,0.9200,max,balanced
0.4600,0.4300,0.1100,2.000,2.140,8.364,800000,800000,800000,800000,0.9200,good,balanced
0.4600,0.4400,0.1000,2.000,2.091,9.200,800000,800000,800000,800000,0.9200,max,balanced
0.4600,0.4500,0.0900,2.000,2.044,10.222,800000,800000,800000,800000,0.9200,max,balanced
0.4600,0.4600,0.0800,2.000,2.000,11.500,800000,800000,800000,800000,0.9200,max,balanced
0.4600,0.4700,0.0700,2.000,1.957,13.143,800000,800000,800000,800000,0.9200,good,balanced
0.4600,0.4800,0.0600,2.000,1.917,15.333,800000,800000,800000,800000,0.9200,max,balanced
0.4600,0.4900,0.0500,2.000,1.878,18.400,800000,800000,800000,800000,0.9200,max,balanced
0.4600,0.5000,0.0400,2.000,1.840,23.000,800000,800000,800000,800000,0.9200,max,moderate
0.4600,0.5100,0.0300,2.000,1.804,30.667,800000,800000,800000,800000,0.9200,max,moderate
0.4600,0.5200,0.0200,2.000,1.769,46.000,800000,800000,800000,800000,0.9200,max,moderate
0.4600,0.5300,0.0100,2.000,1.736,92.000,800000,800000,800000,800000,0.9200,max,moderate
0.4600,0.5400,0.0000,2.000,1.704,999.000,800000,800000,10000000,800000,0.9200,max,moderate
0.4700,0.0000,0.5300,1.957,999.000,1.736,800000,10000000,800000,800000,0.9200,max,moderate
0.4700,0.0100,0.5200,1.957,92.000,1.769,800000,800000,800000,800000,0.9200,max,moderate
0.4700,0.0200,0.5100,1.957,46.000,1.804,800000,800000,800000,800000,0.9200,max,moderate
0.4700,0.0300,0.5000,1.957,30.667,1.840,800000,800000,800000,800000,0.9200,max,moderate
0.4700,0.0400,0.4900,1.957,23.000,1.878,800000,800000,800000,800000,0.9200,max,balanced
0.4700,0.0500,0.4800,1.957,18.400,1.917,800000,800000,800000,800000,0.9200,max,balanced
0.4700,0.0600,0.4700,1.957,15.333,1.957,800000,800000,800000,800000,0.9200,max,balanced
0.4700,0.0700,0.4600,1.957,13.143,2.000,800000,800000,800000,800000,0.9200,good,balanced
0.4700,0.0800,0.4500,1.957,11.500,2.044,800000,800000,800000,800000,0.9200,max,balanced
0.4700,0.0900,0.4400,1.957,10.222,2.091,800000,800000,800000,800000,0.9200,max,balanced
0.4700,0.1000,0.4300,1.957,9.200,2.140,800000,800000,800000,800000,0.9200,good,balanced
0.4700,0.1100,0.4200,1.957,8.364,2.190,800000,800000,800000,800000,0.9200,max,balanced
0.4700,0.1200,0.4100,1.957,7.667,2.244,800000,800000,800000,800000,0.9200,max,balanced
0.4700,0.1300,0.4000,1.957,7.077,2.300,800000,800000,800000,800000,0.9200,max,balanced
0.4700,0.1400,0.3900,1.957,6.571,2.359,800000,800000,800000,800000,0.9200,good,balanced
0.4700,0.1500,0.3800,1.957,6.133,2.421,800000,800000,800000,800000,0.9200,max,balanced
0.4700,0.1600,0.3700,1.957,5.750,2.486,800000,800000,800000,800000,0.9200,max,balanced
0.4700,0.1700,0.3600,1.957,5.412,2.556,800000,800000,800000,800000,0.9200,max,balanced
0.4700,0.1800,0.3500,1.957,5.111,2.629,800000,800000,800000,800000,0.9200,good,balanced
0.4700,0.1900,0.3400,1.957,4.842,2.706,800000,800000,800000,800000,0.9200,max,balanced
0.4700,0.2000,0.3300,1.957,4.600,2.788,800000,800000,800000,800000,0.9200,max,balanced
0.4700,0.2100,0.3200,1.957,4.381,2.875,800000,800000,800000,800000,0.9200,max,balanced
0.4700,0.2200,0.3100,1.957,4.182,2.968,800000,800000,800000,800000,0.9200,max,balanced
0.4700,0.2300,0.3000,1.957,4.000,3.067,800000,800000,800000,800000,0.9200,max,balanced
0.4700,0.2400,0.2900,1.957,3.833,3.172,800000,800000,800000,800000,0.9200,good,balanced
0.4700,0.2500,0.2800,1.957,3.680,3.286,800000,800000,800000,800000,0.9200,good,balanced
0.4700,0.2600,0.2700,1.957,3.538,3.407,800000,800000,800000,800000,0.9200,max,balanced
0.4700,0.2700,0.2600,1.957,3.407,3.538,800000,800000,800000,800000,0.9200,max,balanced
0.4700,0.2800,0.2500,1.957,3.286,3.680,800000,800000,800000,800000,0.9200,good,balanced
0.4700,0.2900,0.2400,1.957,3.172,3.833,800000,800000,800000,800000,0.9200,good,balanced
0.4700,0.3000,0.2300,1.957,3.067,4.000,800000,800000,800000,800000,0.9200,max,balanced
0.4700,0.3100,0.2200,1.957,2.968,4.182,800000,800000,800000,800000,0.9200,max,balanced
0.4700,0.3200,0.2100,1.957,2.875,4.381,800000,800000,800000,800000,0.9200,max,balanced
0.4700,0.3300,0.2000,1.957,2.788,4.600,800000,800000,800000,800000,0.9200,max,balanced
0.4700,0.3400,0.1900,1.957,2.706,4.842,800000,800000,800000,800000,0.9200,max,balanced
0.4700,0.3500,0.1800,1.957,2.629,5.111,800000,800000,800000,800000,0.9200,good,balanced
0.4700,0.3600,0.1700,1.957,2.556,5.412,800000,800000,800000,800000,0.9200,max,balanced
0.4700,0.3700,0.1600,1.957,2.486,5.750,800000,800000,800000,800000,0.9200,max,balanced
0.4700,0.3800,0.1500,1.957,2.421,6.133,800000,800000,800000,800000,0.9200,max,balanced
0.4700,0.3900,0.1400,1.957,2.359,6.571,800000,800000,800000,800000,0.9200,good,balanced
0.4700,0.4000,0.1300,1.957,2.300,7.077,800000,800000,800000,800000,0.9200,max,balanced
0.4700,0.4100,0.1200,1.957,2.244,7.667,800000,800000,800000,800000,0.9200,max,balanced
0.4700,0.4200,0.1100,1.957,2.190,8.364,800000,800000,800000,800000,0.9200,max,balanced
0.4700,0.4300,0.1000,1.957,2.140,9.200,800000,800000,800000,800000,0.9200,good,balanced
0.4700,0.4400,0.0900,1.957,2.091,10.222,800000,800000,800000,800000,0.9200,max,balanced
0.4700,0.4500,0.0800,1.957,2.044,11.500,800000,800000,800000,800000,0.9200,max,balanced
0.4700,0.4600,0.0700,1.957,2.000,13.143,800000,800000,800000,800000,0.9200,good,balanced
0.4700,0.4700,0.0600,1.957,1.957,15.333,800000,800000,800000,800000,0.9200,max,balanced
0.4700,0.4800,0.0500,1.957,1.917,18.400,800000,800000,800000,800000,0.9200,max,balanced
0.4700,0.4900,0.0400,1.957,1.878,23.000,800000,800000,800000,800000,0.9200,max,balanced
0.4700,0.5000,0.0300,1.957,1.840,30.667,800000,800000,800000,800000,0.9200,max,moderate
0.4700,0.5100,0.0200,1.957,1.804,46.000,800000,800000,800000,800000,0.9200,max,moderate
0.4700,0.5200,0.0100,1.957,1.769,92.000,800000,800000,800000,800000,0.9200,max,moderate
0.4700,0.5300,0.0000,1.957,1.736,999.000,800000,800000,10000000,800000,0.9200,max,moderate
0.4800,0.0000,0.5200,1.917,999.000,1.769,800000,10000000,800000,800000,0.9200,max,moderate
0.4800,0.0100,0.5100,1.917,92.000,1.804,800000,800000,800000,800000,0.9200,max,moderate
0.4800,0.0200,0.5000,1.917,46.000,1.840,800000,800000,800000,800000,0.9200,max,moderate
0.4800,0.0300,0.4900,1.917,30.667,1.878,800000,800000,800000,800000,0.9200,max,balanced
0.4800,0.0400,0.4800,1.917,23.000,1.917,800000,800000,800000,800000,0.9200,max,balanced
0.4800,0.0500,0.4700,1.917,18.400,1.957,800000,800000,800000,800000,0.9200,max,balanced
0.4800,0.0600,0.4600,1.917,15.333,2.000,800000,800000,800000,800000,0.9200,max,balanced
0.4800,0.0700,0.4500,1.917,13.143,2.044,800000,800000,800000,800000,0.9200,good,balanced
0.4800,0.0800,0.4400,1.917,11.500,2.091,800000,800000,800000,800000,0.9200,max,balanced
0.4800,0.0900,0.4300,1.917,10.222,2.140,800000,800000,800000,800000,0.9200,good,balanced
0.4800,0.1000,0.4200,1.917,9.200,2.190,800000,800000,800000,800000,0.9200,max,balanced
0.4800,0.1100,0.4100,1.917,8.364,2.244,800000,800000,800000,800000,0.9200,max,balanced
0.4800,0.1200,0.4000,1.917,7.667,2.300,800000,800000,800000,800000,0.9200,max,balanced
0.4800,0.1300,0.3900,1.917,7.077,2.359,800000,800000,800000,800000,0.9200,max,balanced
0.4800,0.1400,0.3800,1.917,6.571,2.421,800000,800000,800000,800000,0.9200,good,balanced
0.4800,0.1500,0.3700,1.917,6.133,2.486,800000,800000,800000,800000,0.9200,max,balanced
0.4800,0.1600,0.3600,1.917,5.750,2.556,800000,800000,800000,800000,0.9200,max,balanced
0.4800,0.1700,0.3500,1.917,5.412,2.629,800000,800000,800000,800000,0.9200,good,balanced
0.4800,0.1800,0.3400,1.917,5.111,2.706,800000,800000,800000,800000,0.9200,max,balanced
0.4800,0.1900,0.3300,1.917,4.842,2.788,800000,800000,800000,800000,0.9200,max,balanced
0.4800,0.2000,0.3200,1.917,4.600,2.875,800000,800000,800000,800000,0.9200,max,balanced
0.4800,0.2100,0.3100,1.917,4.381,2.968,800000,800000,800000,800000,0.9200,max,balanced
0.4800,0.2200,0.3000,1.917,4.182,3.067,800000,800000,800000,800000,0.9200,max,balanced
0.4800,0.2300,0.2900,1.917,4.000,3.172,800000,800000,800000,800000,0.9200,good,balanced
0.4800,0.2400,0.2800,1.917,3.833,3.286,800000,800000,800000,800000,0.9200,good,balanced
0.4800,0.2500,0.2700,1.917,3.680,3.407,800000,800000,800000,800000,0.9200,max,balanced
0.4800,0.2600,0.2600,1.917,3.538,3.538,800000,800000,800000,800000,0.9200,max,balanced
0.4800,0.2700,0.2500,1.917,3.407,3.680,800000,800000,800000,800000,0.9200,max,balanced
0.4800,0.2800,0.2400,1.917,3.286,3.833,800000,800000,800000,800000,0.9200,good,balanced
0.4800,0.2900,0.2300,1.917,3.172,4.000,800000,800000,800000,800000,0.9200,good,balanced
0.4800,0.3000,0.2200,1.917,3.067,4.182,800000,800000,800000,800000,0.9200,max,balanced
0.4800,0.3100,0.2100,1.917,2.968,4.381,800000,800000,800000,800000,0.9200,max,balanced
0.4800,0.3200,0.2000,1.917,2.875,4.600,800000,800000,800000,800000,0.9200,max,balanced
0.4800,0.3300,0.1900,1.917,2.788,4.842,800000,800000,800000,800000,0.9200,max,balanced
0.4800,0.3400,0.1800,1.917,2.706,5.111,800000,800000,800000,800000,0.9200,max,balanced
0.4800,0.3500,0.1700,1.917,2.629,5.412,800000,800000,800000,800000,0.9200,good,balanced
0.4800,0.3600,0.1600,1.917,2.556,5.750,800000,800000,800000,800000,0.9200,max,balanced
0.4800,0.3700,0.1500,1.917,2.486,6.133,800000,800000,800000,800000,0.9200,max,balanced
0.4800,0.3800,0.1400,1.917,2.421,6.571,800000,800000,800000,800000,0.9200,good,balanced
0.4800,0.3900,0.1300,1.917,2.359,7.077,800000,800000,800000,800000,0.9200,max,balanced
0.4800,0.4000,0.1200,1.917,2.300,7.667,800000,800000,800000,800000,0.9200,max,balanced
0.4800,0.4100,0.1100,1.917,2.244,8.364,800000,800000,800000,800000,0.9200,max,balanced
0.4800,0.4200,0.1000,1.917,2.190,9.200,800000,800000,800000,800000,0.9200,max,balanced
0.4800,0.4300,0.0900,1.917,2.140,10.222,800000,800000,800000,800000,0.9200,good,balanced
0.4800,0.4400,0.0800,1.917,2.091,11.500,800000,800000,800000,800000,0.9200,max,balanced
0.4800,0.4500,0.0700,1.917,2.044,13.143,800000,800000,800000,800000,0.9200,good,balanced
0.4800,0.4600,0.0600,1.917,2.000,15.333,800000,800000,800000,800000,0.9200,max,balanced
0.4800,0.4700,0.0500,1.917,1.957,18.400,800000,800000,800000,800000,0.9200,max,balanced
0.4800,0.4800,0.0400,1.917,1.917,23.000,800000,800000,800000,800000,0.9200,max,balanced
0.4800,0.4900,0.0300,1.917,1.878,30.667,800000,800000,800000,800000,0.9200,max,balanced
0.4800,0.5000,0.0200,1.917,1.840,46.000,800000,800000,800000,800000,0.9200,max,moderate
0.4800,0.5100,0.0100,1.917,1.804,92.000,800000,800000,800000,800000,0.9200,max,moderate
0.4800,0.5200,0.0000,1.917,1.769,999.000,800000,800000,10000000,800000,0.9200,max,moderate
0.4900,0.0000,0.5100,1.878,999.000,1.804,800000,10000000,800000,800000,0.9200,max,moderate
0.4900,0.0100,0.5000,1.878,92.000,1.840,800000,800000,800000,800000,0.9200,max,moderate
0.4900,0.0200,0.4900,1.878,46.000,1.878,800000,800000,800000,800000,0.9200,max,balanced
0.4900,0.0300,0.4800,1.878,30.667,1.917,800000,800000,800000,800000,0.9200,max,balanced
0.4900,0.0400,0.4700,1.878,23.000,1.957,800000,800000,800000,800000,0.9200,max,balanced
0.4900,0.0500,0.4600,1.878,18.400,2.000,800000,800000,800000,800000,0.9200,max,balanced
0.4900,0.0600,0.4500,1.878,15.333,2.044,800000,800000,800000,800000,0.9200,max,balanced
0.4900,0.0700,0.4400,1.878,13.143,2.091,800000,800000,800000,800000,0.9200,good,balanced
0.4900,0.0800,0.4300,1.878,11.500,2.140,800000,800000,800000,800000,0.9200,good,balanced
0.4900,0.0900,0.4200,1.878,10.222,2.190,800000,800000,800000,800000,0.9200,max,balanced
0.4900,0.1000,0.4100,1.878,9.200,2.244,800000,800000,800000,800000,0.9200,max,balanced
0.4900,0.1100,0.4000,1.878,8.364,2.300,800000,800000,800000,800000,0.9200,max,balanced
0.4900,0.1200,0.3900,1.878,7.667,2.359,800000,800000,800000,800000,0.9200,max,balanced
0.4900,0.1300,0.3800,1.878,7.077,2.421,800000,800000,800000,800000,0.9200,max,balanced
0.4900,0.1400,0.3700,1.878,6.571,2.486,800000,800000,800000,800000,0.9200,good,balanced
0.4900,0.1500,0.3600,1.878,6.133,2.556,800000,800000,800000,800000,0.9200,max,balanced
0.4900,0.1600,0.3500,1.878,5.750,2.629,800000,800000,800000,800000,0.9200,good,balanced
0.4900,0.1700,0.3400,1.878,5.412,2.706,800000,800000,800000,800000,0.9200,max,balanced
0.4900,0.1800,0.3300,1.878,5.111,2.788,800000,800000,800000,800000,0.9200,max,balanced
0.4900,0.1900,0.3200,1.878,4.842,2.875,800000,800000,800000,800000,0.9200,max,balanced
0.4900,0.2000,0.3100,1.878,4.600,2.968,800000,800000,800000,800000,0.9200,max,balanced
0.4900,0.2100,0.3000,1.878,4.381,3.067,800000,800000,800000,800000,0.9200,max,balanced
0.4900,0.2200,0.2900,1.878,4.182,3.172,800000,800000,800000,800000,0.9200,good,balanced
0.4900,0.2300,0.2800,1.878,4.000,3.286,800000,800000,800000,800000,0.9200,good,balanced
0.4900,0.2400,0.2700,1.878,3.833,3.407,800000,800000,800000,800000,0.9200,max,balanced
0.4900,0.2500,0.2600,1.878,3.680,3.538,800000,800000,800000,800000,0.9200,max,balanced
0.4900,0.2600,0.2500,1.878,3.538,3.680,800000,800000,800000,800000,0.9200,max,balanced
0.4900,0.2700,0.2400,1.878,3.407,3.833,800000,800000,800000,800000,0.9200,max,balanced
0.4900,0.2800,0.2300,1.878,3.286,4.000,800000,800000,800000,800000,0.9200,good,balanced
0.4900,0.2900,0.2200,1.878,3.172,4.182,800000,800000,800000,800000,0.9200,good,balanced
0.4900,0.3000,0.2100,1.878,3.067,4.381,800000,800000,800000,800000,0.9200,max,balanced
0.4900,0.3100,0.2000,1.878,2.968,4.600,800000,800000,800000,800000,0.9200,max,balanced
0.4900,0.3200,0.1900,1.878,2.875,4.842,800000,800000,800000,800000,0.9200,max,balanced
0.4900,0.3300,0.1800,1.878,2.788,5.111,800000,800000,800000,800000,0.9200,max,balanced
0.4900,0.3400,0.1700,1.878,2.706,5.412,800000,800000,800000,800000,0.9200,max,balanced
0.4900,0.3500,0.1600,1.878,2.629,5.750,800000,800000,800000,800000,0.9200,good,balanced
0.4900,0.3600,0.1500,1.878,2.556,6.133,800000,800000,800000,800000,0.9200,max,balanced
0.4900,0.3700,0.1400,1.878,2.486,6.571,800000,800000,800000,800000,0.9200,good,balanced
0.4900,0.3800,0.1300,1.878,2.421,7.077,800000,800000,800000,800000,0.9200,max,balanced
0.4900,0.3900,0.1200,1.878,2.359,7.667,800000,800000,800000,800000,0.9200,max,balanced
0.4900,0.4000,0.1100,1.878,2.300,8.364,800000,800000,800000,800000,0.9200,max,balanced
0.4900,0.4100,0.1000,1.878,2.244,9.200,800000,800000,800000,800000,0.9200,max,balanced
0.4900,0.4200,0.0900,1.878,2.190,10.222,800000,800000,800000,800000,0.9200,max,balanced
0.4900,0.4300,0.0800,1.878,2.140,11.500,800000,800000,800000,800000,0.9200,good,balanced
0.4900,0.4400,0.0700,1.878,2.091,13.143,800000,800000,800000,800000,0.9200,good,balanced
0.4900,0.4500,0.0600,1.878,2.044,15.333,800000,800000,800000,800000,0.9200,max,balanced
0.4900,0.4600,0.0500,1.878,2.000,18.400,800000,800000,800000,800000,0.9200,max,balanced
0.4900,0.4700,0.0400,1.878,1.957,23.000,800000,800000,800000,800000,0.9200,max,balanced
0.4900,0.4800,0.0300,1.878,1.917,30.667,800000,800000,800000,800000,0.9200,max,balanced
0.4900,0.4900,0.0200,1.878,1.878,46.000,800000,800000,800000,800000,0.9200,max,balanced
0.4900,0.5000,0.0100,1.878,1.840,92.000,800000,800000,800000,800000,0.9200,max,moderate
0.4900,0.5100,0.0000,1.878,1.804,999.000,800000,800000,10000000,800000,0.9200,max,moderate
0.5000,0.0000,0.5000,1.840,999.000,1.840,800000,10000000,800000,800000,0.9200,max,moderate
0.5000,0.0100,0.4900,1.840,92.000,1.878,800000,800000,800000,800000,0.9200,max,moderate
0.5000,0.0200,0.4800,1.840,46.000,1.917,800000,800000,800000,800000,0.9200,max,moderate
0.5000,0.0300,0.4700,1.840,30.667,1.957,800000,800000,800000,800000,0.9200,max,moderate
0.5000,0.0400,0.4600,1.840,23.000,2.000,800000,800000,800000,800000,0.9200,max,moderate
0.5000,0.0500,0.4500,1.840,18.400,2.044,800000,800000,800000,800000,0.9200,max,moderate
0.5000,0.0600,0.4400,1.840,15.333,2.091,800000,800000,800000,800000,0.9200,max,moderate
0.5000,0.0700,0.4300,1.840,13.143,2.140,800000,800000,800000,800000,0.9200,good,moderate
0.5000,0.0800,0.4200,1.840,11.500,2.190,800000,800000,800000,800000,0.9200,max,moderate
0.5000,0.0900,0.4100,1.840,10.222,2.244,800000,800000,800000,800000,0.9200,max,moderate
0.5000,0.1000,0.4000,1.840,9.200,2.300,800000,800000,800000,800000,0.9200,max,moderate
0.5000,0.1100,0.3900,1.840,8.364,2.359,800000,800000,800000,800000,0.9200,max,moderate
0.5000,0.1200,0.3800,1.840,7.667,2.421,800000,800000,800000,800000,0.9200,max,moderate
0.5000,0.1300,0.3700,1.840,7.077,2.486,800000,800000,800000,800000,0.9200,max,moderate
0.5000,0.1400,0.3600,1.840,6.571,2.556,800000,800000,800000,800000,0.9200,good,moderate
0.5000,0.1500,0.3500,1.840,6.133,2.629,800000,800000,800000,800000,0.9200,good,moderate
0.5000,0.1600,0.3400,1.840,5.750,2.706,800000,800000,800000,800000,0.9200,max,moderate
0.5000,0.1700,0.3300,1.840,5.412,2.788,800000,800000,800000,800000,0.9200,max,moderate
0.5000,0.1800,0.3200,1.840,5.111,2.875,800000,800000,800000,800000,0.9200,max,moderate
0.5000,0.1900,0.3100,1.840,4.842,2.968,800000,800000,800000,800000,0.9200,max,moderate
0.5000,0.2000,0.3000,1.840,4.600,3.067,800000,800000,800000,800000,0.9200,max,moderate
0.5000,0.2100,0.2900,1.840,4.381,3.172,800000,800000,800000,800000,0.9200,good,moderate
0.5000,0.2200,0.2800,1.840,4.182,3.286,800000,800000,800000,800000,0.9200,good,moderate
0.5000,0.2300,0.2700,1.840,4.000,3.407,800000,800000,800000,800000,0.9200,max,moderate
0.5000,0.2400,0.2600,1.840,3.833,3.538,800000,800000,800000,800000,0.9200,max,moderate
0.5000,0.2500,0.2500,1.840,3.680,3.680,800000,800000,800000,800000,0.9200,max,moderate
0.5000,0.2600,0.2400,1.840,3.538,3.833,800000,800000,800000,800000,0.9200,max,moderate
0.5000,0.2700,0.2300,1.840,3.407,4.000,800000,800000,800000,800000,0.9200,max,moderate
0.5000,0.2800,0.2200,1.840,3.286,4.182,800000,800000,800000,800000,0.9200,good,moderate
0.5000,0.2900,0.2100,1.840,3.172,4.381,800000,800000,800000,800000,0.9200,good,moderate
0.5000,0.3000,0.2000,1.840,3.067,4.600,800000,800000,800000,800000,0.9200,max,moderate
0.5000,0.3100,0.1900,1.840,2.968,4.842,800000,800000,800000,800000,0.9200,max,moderate
0.5000,0.3200,0.1800,1.840,2.875,5.111,800000,800000,800000,800000,0.9200,max,moderate
0.5000,0.3300,0.1700,1.840,2.788,5.412,800000,800000,800000,800000,0.9200,max,moderate
0.5000,0.3400,0.1600,1.840,2.706,5.750,800000,800000,800000,800000,0.9200,max,moderate
0.5000,0.3500,0.1500,1.840,2.629,6.133,800000,800000,800000,800000,0.9200,good,moderate
0.5000,0.3600,0.1400,1.840,2.556,6.571,800000,800000,800000,800000,0.9200,good,moderate
0.5000,0.3700,0.1300,1.840,2.486,7.077,800000,800000,800000,800000,0.9200,max,moderate
0.5000,0.3800,0.1200,1.840,2.421,7.667,800000,800000,800000,800000,0.9200,max,moderate
0.5000,0.3900,0.1100,1.840,2.359,8.364,800000,800000,800000,800000,0.9200,max,moderate
0.5000,0.4000,0.1000,1.840,2.300,9.200,800000,800000,800000,800000,0.9200,max,moderate
0.5000,0.4100,0.0900,1.840,2.244,10.222,800000,800000,800000,800000,0.9200,max,moderate
0.5000,0.4200,0.0800,1.840,2.190,11.500,800000,800000,800000,800000,0.9200,max,moderate
0.5000,0.4300,0.0700,1.840,2.140,13.143,800000,800000,800000,800000,0.9200,good,moderate
0.5000,0.4400,0.0600,1.840,2.091,15.333,800000,800000,800000,800000,0.9200,max,moderate
0.5000,0.4500,0.0500,1.840,2.044,18.400,800000,800000,800000,800000,0.9200,max,moderate
0.5000,0.4600,0.0400,1.840,2.000,23.000,800000,800000,800000,800000,0.9200,max,moderate
0.5000,0.4700,0.0300,1.840,1.957,30.667,800000,800000,800000,800000,0.9200,max,moderate
0.5000,0.4800,0.0200,1.840,1.917,46.000,800000,800000,800000,800000,0.9200,max,moderate
0.5000,0.4900,0.0100,1.840,1.878,92.000,800000,800000,800000,800000,0.9200,max,moderate
0.5000,0.5000,0.0000,1.840,1.840,999.000,800000,800000,10000000,800000,0.9200,max,moderate
0.5100,0.0000,0.4900,1.804,999.000,1.878,800000,10000000,800000,800000,0.9200,max,moderate
0.5100,0.0100,0.4800,1.804,92.000,1.917,800000,800000,800000,800000,0.9200,max,moderate
0.5100,0.0200,0.4700,1.804,46.000,1.957,800000,800000,800000,800000,0.9200,max,moderate
0.5100,0.0300,0.4600,1.804,30.667,2.000,800000,800000,800000,800000,0.9200,max,moderate
0.5100,0.0400,0.4500,1.804,23.000,2.044,800000,800000,800000,800000,0.9200,max,moderate
0.5100,0.0500,0.4400,1.804,18.400,2.091,800000,800000,800000,800000,0.9200,max,moderate
0.5100,0.0600,0.4300,1.804,15.333,2.140,800000,800000,800000,800000,0.9200,good,moderate
0.5100,0.0700,0.4200,1.804,13.143,2.190,800000,800000,800000,800000,0.9200,good,moderate
0.5100,0.0800,0.4100,1.804,11.500,2.244,800000,800000,800000,800000,0.9200,max,moderate
0.5100,0.0900,0.4000,1.804,10.222,2.300,800000,800000,800000,800000,0.9200,max,moderate
0.5100,0.1000,0.3900,1.804,9.200,2.359,800000,800000,800000,800000,0.9200,max,moderate
0.5100,0.1100,0.3800,1.804,8.364,2.421,800000,800000,800000,800000,0.9200,max,moderate
0.5100,0.1200,0.3700,1.804,7.667,2.486,800000,800000,800000,800000,0.9200,max,moderate
0.5100,0.1300,0.3600,1.804,7.077,2.556,800000,800000,800000,800000,0.9200,max,moderate
0.5100,0.1400,0.3500,1.804,6.571,2.629,800000,800000,800000,800000,0.9200,good,moderate
0.5100,0.1500,0.3400,1.804,6.133,2.706,800000,800000,800000,800000,0.9200,max,moderate
0.5100,0.1600,0.3300,1.804,5.750,2.788,800000,800000,800000,800000,0.9200,max,moderate
0.5100,0.1700,0.3200,1.804,5.412,2.875,800000,800000,800000,800000,0.9200,max,moderate
0.5100,0.1800,0.3100,1.804,5.111,2.968,800000,800000,800000,800000,0.9200,max,moderate
0.5100,0.1900,0.3000,1.804,4.842,3.067,800000,800000,800000,800000,0.9200,max,moderate
0.5100,0.2000,0.2900,1.804,4.600,3.172,800000,800000,800000,800000,0.9200,good,moderate
0.5100,0.2100,0.2800,1.804,4.381,3.286,800000,800000,800000,800000,0.9200,good,moderate
0.5100,0.2200,0.2700,1.804,4.182,3.407,800000,800000,800000,800000,0.9200,max,moderate
0.5100,0.2300,0.2600,1.804,4.000,3.538,800000,800000,800000,800000,0.9200,max,moderate
0.5100,0.2400,0.2500,1.804,3.833,3.680,800000,800000,800000,800000,0.9200,max,moderate
0.5100,0.2500,0.2400,1.804,3.680,3.833,800000,800000,800000,800000,0.9200,max,moderate
0.5100,0.2600,0.2300,1.804,3.538,4.000,800000,800000,800000,800000,0.9200,max,moderate
0.5100,0.2700,0.2200,1.804,3.407,4.182,800000,800000,800000,800000,0.9200,max,moderate
0.5100,0.2800,0.2100,1.804,3.286,4.381,800000,800000,800000,800000,0.9200,good,moderate
0.5100,0.2900,0.2000,1.804,3.172,4.600,800000,800000,800000,800000,0.9200,good,moderate
0.5100,0.3000,0.1900,1.804,3.067,4.842,800000,800000,800000,800000,0.9200,max,moderate
0.5100,0.3100,0.1800,1.804,2.968,5.111,800000,800000,800000,800000,0.9200,max,moderate
0.5100,0.3200,0.1700,1.804,2.875,5.412,800000,800000,800000,800000,0.9200,max,moderate
0.5100,0.3300,0.1600,1.804,2.788,5.750,800000,800000,800000,800000,0.9200,max,moderate
0.5100,0.3400,0.1500,1.804,2.706,6.133,800000,800000,800000,800000,0.9200,max,moderate
0.5100,0.3500,0.1400,1.804,2.629,6.571,800000,800000,800000,800000,0.9200,good,moderate
0.5100,0.3600,0.1300,1.804,2.556,7.077,800000,800000,800000,800000,0.9200,max,moderate
0.5100,0.3700,0.1200,1.804,2.486,7.667,800000,800000,800000,800000,0.9200,max,moderate
0.5100,0.3800,0.1100,1.804,2.421,8.364,800000,800000,800000,800000,0.9200,max,moderate
0.5100,0.3900,0.1000,1.804,2.359,9.200,800000,800000,800000,800000,0.9200,max,moderate
0.5100,0.4000,0.0900,1.804,2.300,10.222,800000,800000,800000,800000,0.9200,max,moderate
0.5100,0.4100,0.0800,1.804,2.244,11.500,800000,800000,800000,800000,0.9200,max,moderate
0.5100,0.4200,0.0700,1.804,2.190,13.143,800000,800000,800000,800000,0.9200,good,moderate
0.5100,0.4300,0.0600,1.804,2.140,15.333,800000,800000,800000,800000,0.9200,good,moderate
0.5100,0.4400,0.0500,1.804,2.091,18.400,800000,800000,800000,800000,0.9200,max,moderate
0.5100,0.4500,0.0400,1.804,2.044,23.000,800000,800000,800000,800000,0.9200,max,moderate
0.5100,0.4600,0.0300,1.804,2.000,30.667,800000,800000,800000,800000,0.9200,max,moderate
0.5100,0.4700,0.0200,1.804,1.957,46.000,800000,800000,800000,800000,0.9200,max,moderate
0.5100,0.4800,0.0100,1.804,1.917,92.000,800000,800000,800000,800000,0.9200,max,moderate
0.5100,0.4900,0.0000,1.804,1.878,999.000,800000,800000,10000000,800000,0.9200,max,moderate
0.5200,0.0000,0.4800,1.769,999.000,1.917,800000,10000000,800000,800000,0.9200,max,moderate
0.5200,0.0100,0.4700,1.769,92.000,1.957,800000,800000,800000,800000,0.9200,max,moderate
0.5200,0.0200,0.4600,1.769,46.000,2.000,800000,800000,800000,800000,0.9200,max,moderate
0.5200,0.0300,0.4500,1.769,30.667,2.044,800000,800000,800000,800000,0.9200,max,moderate
0.5200,0.0400,0.4400,1.769,23.000,2.091,800000,800000,800000,800000,0.9200,max,moderate
0.5200,0.0500,0.4300,1.769,18.400,2.140,800000,800000,800000,800000,0.9200,good,moderate
0.5200,0.0600,0.4200,1.769,15.333,2.190,800000,800000,800000,800000,0.9200,max,moderate
0.5200,0.0700,0.4100,1.769,13.143,2.244,800000,800000,800000,800000,0.9200,good,moderate
0.5200,0.0800,0.4000,1.769,11.500,2.300,800000,800000,800000,800000,0.9200,max,moderate
0.5200,0.0900,0.3900,1.769,10.222,2.359,800000,800000,800000,800000,0.9200,max,moderate
0.5200,0.1000,0.3800,1.769,9.200,2.421,800000,800000,800000,800000,0.9200,max,moderate
0.5200,0.1100,0.3700,1.769,8.364,2.486,800000,800000,800000,800000,0.9200,max,moderate
0.5200,0.1200,0.3600,1.769,7.667,2.556,800000,800000,800000,800000,0.9200,max,moderate
0.5200,0.1300,0.3500,1.769,7.077,2.629,800000,800000,800000,800000,0.9200,good,moderate
0.5200,0.1400,0.3400,1.769,6.571,2.706,800000,800000,800000,800000,0.9200,good,moderate
0.5200,0.1500,0.3300,1.769,6.133,2.788,800000,800000,800000,800000,0.9200,max,moderate
0.5200,0.1600,0.3200,1.769,5.750,2.875,800000,800000,800000,800000,0.9200,max,moderate
0.5200,0.1700,0.3100,1.769,5.412,2.968,800000,800000,800000,800000,0.9200,max,moderate
0.5200,0.1800,0.3000,1.769,5.111,3.067,800000,800000,800000,800000,0.9200,max,moderate
0.5200,0.1900,0.2900,1.769,4.842,3.172,800000,800000,800000,800000,0.9200,good,moderate
0.5200,0.2000,0.2800,1.769,4.600,3.286,800000,800000,800000,800000,0.9200,good,moderate
0.5200,0.2100,0.2700,1.769,4.381,3.407,800000,800000,800000,800000,0.9200,max,moderate
0.5200,0.2200,0.2600,1.769,4.182,3.538,800000,800000,800000,800000,0.9200,max,moderate
0.5200,0.2300,0.2500,1.769,4.000,3.680,800000,800000,800000,800000,0.9200,max,moderate
0.5200,0.2400,0.2400,1.769,3.833,3.833,800000,800000,800000,800000,0.9200,max,moderate
0.5200,0.2500,0.2300,1.769,3.680,4.000,800000,800000,800000,800000,0.9200,max,moderate
0.5200,0.2600,0.2200,1.769,3.538,4.182,800000,800000,800000,800000,0.9200,max,moderate
0.5200,0.2700,0.2100,1.769,3.407,4.381,800000,800000,800000,800000,0.9200,max,moderate
0.5200,0.2800,0.2000,1.769,3.286,4.600,800000,800000,800000,800000,0.9200,good,moderate
0.5200,0.2900,0.1900,1.769,3.172,4.842,800000,800000,800000,800000,0.9200,good,moderate
0.5200,0.3000,0.1800,1.769,3.067,5.111,800000,800000,800000,800000,0.9200,max,moderate
0.5200,0.3100,0.1700,1.769,2.968,5.412,800000,800000,800000,800000,0.9200,max,moderate
0.5200,0.3200,0.1600,1.769,2.875,5.750,800000,800000,800000,800000,0.9200,max,moderate
0.5200,0.3300,0.1500,1.769,2.788,6.133,800000,800000,800000,800000,0.9200,max,moderate
0.5200,0.3400,0.1400,1.769,2.706,6.571,800000,800000,800000,800000,0.9200,good,moderate
0.5200,0.3500,0.1300,1.769,2.629,7.077,800000,800000,800000,800000,0.9200,good,moderate
0.5200,0.3600,0.1200,1.769,2.556,7.667,800000,800000,800000,800000,0.9200,max,moderate
0.5200,0.3700,0.1100,1.769,2.486,8.364,800000,800000,800000,800000,0.9200,max,moderate
0.5200,0.3800,0.1000,1.769,2.421,9.200,800000,800000,800000,800000,0.9200,max,moderate
0.5200,0.3900,0.0900,1.769,2.359,10.222,800000,800000,800000,800000,0.9200,max,moderate
0.5200,0.4000,0.0800,1.769,2.300,11.500,800000,800000,800000,800000,0.9200,max,moderate
0.5200,0.4100,0.0700,1.769,2.244,13.143,800000,800000,800000,800000,0.9200,good,moderate
0.5200,0.4200,0.0600,1.769,2.190,15.333,800000,800000,800000,800000,0.9200,max,moderate
0.5200,0.4300,0.0500,1.769,2.140,18.400,800000,800000,800000,800000,0.9200,good,moderate
0.5200,0.4400,0.0400,1.769,2.091,23.000,800000,800000,800000,800000,0.9200,max,moderate
0.5200,0.4500,0.0300,1.769,2.044,30.667,800000,800000,800000,800000,0.9200,max,moderate
0.5200,0.4600,0.0200,1.769,2.000,46.000,800000,800000,800000,800000,0.9200,max,moderate
0.5200,0.4700,0.0100,1.769,1.957,92.000,800000,800000,800000,800000,0.9200,max,moderate
0.5200,0.4800,0.0000,1.769,1.917,999.000,800000,800000,10000000,800000,0.9200,max,moderate
0.5300,0.0000,0.4700,1.736,999.000,1.957,800000,10000000,800000,800000,0.9200,max,moderate
0.5300,0.0100,0.4600,1.736,92.000,2.000,800000,800000,800000,800000,0.9200,max,moderate
0.5300,0.0200,0.4500,1.736,46.000,2.044,800000,800000,800000,800000,0.9200,max,moderate
0.5300,0.0300,0.4400,1.736,30.667,2.091,800000,800000,800000,800000,0.9200,max,moderate
0.5300,0.0400,0.4300,1.736,23.000,2.140,800000,800000,800000,800000,0.9200,good,moderate
0.5300,0.0500,0.4200,1.736,18.400,2.190,800000,800000,800000,800000,0.9200,max,moderate
0.5300,0.0600,0.4100,1.736,15.333,2.244,800000,800000,800000,800000,0.9200,max,moderate
0.5300,0.0700,0.4000,1.736,13.143,2.300,800000,800000,800000,800000,0.9200,good,moderate
0.5300,0.0800,0.3900,1.736,11.500,2.359,800000,800000,800000,800000,0.9200,max,moderate
0.5300,0.0900,0.3800,1.736,10.222,2.421,800000,800000,800000,800000,0.9200,max,moderate
0.5300,0.1000,0.3700,1.736,9.200,2.486,800000,800000,800000,800000,0.9200,max,moderate
0.5300,0.1100,0.3600,1.736,8.364,2.556,800000,800000,800000,800000,0.9200,max,moderate
0.5300,0.1200,0.3500,1.736,7.667,2.629,800000,800000,800000,800000,0.9200,good,moderate
0.5300,0.1300,0.3400,1.736,7.077,2.706,800000,800000,800000,800000,0.9200,max,moderate
0.5300,0.1400,0.3300,1.736,6.571,2.788,800000,800000,800000,800000,0.9200,good,moderate
0.5300,0.1500,0.3200,1.736,6.133,2.875,800000,800000,800000,800000,0.9200,max,moderate
0.5300,0.1600,0.3100,1.736,5.750,2.968,800000,800000,800000,800000,0.9200,max,moderate
0.5300,0.1700,0.3000,1.736,5.412,3.067,800000,800000,800000,800000,0.9200,max,moderate
0.5300,0.1800,0.2900,1.736,5.111,3.172,800000,800000,800000,800000,0.9200,good,moderate
0.5300,0.1900,0.2800,1.736,4.842,3.286,800000,800000,800000,800000,0.9200,good,moderate
0.5300,0.2000,0.2700,1.736,4.600,3.407,800000,800000,800000,800000,0.9200,max,moderate
0.5300,0.2100,0.2600,1.736,4.381,3.538,800000,800000,800000,800000,0.9200,max,moderate
0.5300,0.2200,0.2500,1.736,4.182,3.680,800000,800000,800000,800000,0.9200,max,moderate
0.5300,0.2300,0.2400,1.736,4.000,3.833,800000,800000,800000,800000,0.9200,max,moderate
0.5300,0.2400,0.2300,1.736,3.833,4.000,800000,800000,800000,800000,0.9200,max,moderate
0.5300,0.2500,0.2200,1.736,3.680,4.182,800000,800000,800000,800000,0.9200,max,moderate
0.5300,0.2600,0.2100,1.736,3.538,4.381,800000,800000,800000,800000,0.9200,max,moderate
0.5300,0.2700,0.2000,1.736,3.407,4.600,800000,800000,800000,800000,0.9200,max,moderate
0.5300,0.2800,0.1900,1.736,3.286,4.842,800000,800000,800000,800000,0.9200,good,moderate
0.5300,0.2900,0.1800,1.736,3.172,5.111,800000,800000,800000,800000,0.9200,good,moderate
0.5300,0.3000,0.1700,1.736,3.067,5.412,800000,800000,800000,800000,0.9200,max,moderate
0.5300,0.3100,0.1600,1.736,2.968,5.750,800000,800000,800000,800000,0.9200,max,moderate
0.5300,0.3200,0.1500,1.736,2.875,6.133,800000,800000,800000,800000,0.9200,max,moderate
0.5300,0.3300,0.1400,1.736,2.788,6.571,800000,800000,800000,800000,0.9200,good,moderate
0.5300,0.3400,0.1300,1.736,2.706,7.077,800000,800000,800000,800000,0.9200,max,moderate
0.5300,0.3500,0.1200,1.736,2.629,7.667,800000,800000,800000,800000,0.9200,good,moderate
0.5300,0.3600,0.1100,1.736,2.556,8.364,800000,800000,800000,800000,0.9200,max,moderate
0.5300,0.3700,0.1000,1.736,2.486,9.200,800000,800000,800000,800000,0.9200,max,moderate
0.5300,0.3800,0.0900,1.736,2.421,10.222,800000,800000,800000,800000,0.9200,max,moderate
0.5300,0.3900,0.0800,1.736,2.359,11.500,800000,800000,800000,800000,0.9200,max,moderate
0.5300,0.4000,0.0700,1.736,2.300,13.143,800000,800000,800000,800000,0.9200,good,moderate
0.5300,0.4100,0.0600,1.736,2.244,15.333,800000,800000,800000,800000,0.9200,max,moderate
0.5300,0.4200,0.0500,1.736,2.190,18.400,800000,800000,800000,800000,0.9200,max,moderate
0.5300,0.4300,0.0400,1.736,2.140,23.000,800000,800000,800000,800000,0.9200,good,moderate
0.5300,0.4400,0.0300,1.736,2.091,30.667,800000,800000,800000,800000,0.9200,max,moderate
0.5300,0.4500,0.0200,1.736,2.044,46.000,800000,800000,800000,800000,0.9200,max,moderate
0.5300,0.4600,0.0100,1.736,2.000,92.000,800000,800000,800000,800000,0.9200,max,moderate
0.5300,0.4700,0.0000,1.736,1.957,999.000,800000,800000,10000000,800000,0.9200,max,moderate
0.5400,0.0000,0.4600,1.704,999.000,2.000,800000,10000000,800000,800000,0.9200,max,moderate
0.5400,0.0100,0.4500,1.704,92.000,2.044,800000,800000,800000,800000,0.9200,max,moderate
0.5400,0.0200,0.4400,1.704,46.000,2.091,800000,800000,800000,800000,0.9200,max,moderate
0.5400,0.0300,0.4300,1.704,30.667,2.140,800000,800000,800000,800000,0.9200,good,moderate
0.5400,0.0400,0.4200,1.704,23.000,2.190,800000,800000,800000,800000,0.9200,max,moderate
0.5400,0.0500,0.4100,1.704,18.400,2.244,800000,800000,800000,800000,0.9200,max,moderate
0.5400,0.0600,0.4000,1.704,15.333,2.300,800000,800000,800000,800000,0.9200,max,moderate
0.5400,0.0700,0.3900,1.704,13.143,2.359,800000,800000,800000,800000,0.9200,good,moderate
0.5400,0.0800,0.3800,1.704,11.500,2.421,800000,800000,800000,800000,0.9200,max,moderate
0.5400,0.0900,0.3700,1.704,10.222,2.486,800000,800000,800000,800000,0.9200,max,moderate
0.5400,0.1000,0.3600,1.704,9.200,2.556,800000,800000,800000,800000,0.9200,max,moderate
0.5400,0.1100,0.3500,1.704,8.364,2.629,800000,800000,800000,800000,0.9200,good,moderate
0.5400,0.1200,0.3400,1.704,7.667,2.706,800000,800000,800000,800000,0.9200,max,moderate
0.5400,0.1300,0.3300,1.704,7.077,2.788,800000,800000,800000,800000,0.9200,max,moderate
0.5400,0.1400,0.3200,1.704,6.571,2.875,800000,800000,800000,800000,0.9200,good,moderate
0.5400,0.1500,0.3100,1.704,6.133,2.968,800000,800000,800000,800000,0.9200,max,moderate
0.5400,0.1600,0.3000,1.704,5.750,3.067,800000,800000,800000,800000,0.9200,max,moderate
0.5400,0.1700,0.2900,1.704,5.412,3.172,800000,800000,800000,800000,0.9200,good,moderate
0.5400,0.1800,0.2800,1.704,5.111,3.286,800000,800000,800000,800000,0.9200,good,moderate
0.5400,0.1900,0.2700,1.704,4.842,3.407,800000,800000,800000,800000,0.9200,max,moderate
0.5400,0.2000,0.2600,1.704,4.600,3.538,800000,800000,800000,800000,0.9200,max,moderate
0.5400,0.2100,0.2500,1.704,4.381,3.680,800000,800000,800000,800000,0.9200,max,moderate
0.5400,0.2200,0.2400,1.704,4.182,3.833,800000,800000,800000,800000,0.9200,max,moderate
0.5400,0.2300,0.2300,1.704,4.000,4.000,800000,800000,800000,800000,0.9200,max,moderate
0.5400,0.2400,0.2200,1.704,3.833,4.182,800000,800000,800000,800000,0.9200,max,moderate
0.5400,0.2500,0.2100,1.704,3.680,4.381,800000,800000,800000,800000,0.9200,max,moderate
0.5400,0.2600,0.2000,1.704,3.538,4.600,800000,800000,800000,800000,0.9200,max,moderate
0.5400,0.2700,0.1900,1.704,3.407,4.842,800000,800000,800000,800000,0.9200,max,moderate
0.5400,0.2800,0.1800,1.704,3.286,5.111,800000,800000,800000,800000,0.9200,good,moderate
0.5400,0.2900,0.1700,1.704,3.172,5.412,800000,800000,800000,800000,0.9200,good,moderate
0.5400,0.3000,0.1600,1.704,3.067,5.750,800000,800000,800000,800000,0.9200,max,moderate
0.5400,0.3100,0.1500,1.704,2.968,6.133,800000,800000,800000,800000,0.9200,max,moderate
0.5400,0.3200,0.1400,1.704,2.875,6.571,800000,800000,800000,800000,0.9200,good,moderate
0.5400,0.3300,0.1300,1.704,2.788,7.077,800000,800000,800000,800000,0.9200,max,moderate
0.5400,0.3400,0.1200,1.704,2.706,7.667,800000,800000,800000,800000,0.9200,max,moderate
0.5400,0.3500,0.1100,1.704,2.629,8.364,800000,800000,800000,800000,0.9200,good,moderate
0.5400,0.3600,0.1000,1.704,2.556,9.200,800000,800000,800000,800000,0.9200,max,moderate
0.5400,0.3700,0.0900,1.704,2.486,10.222,800000,800000,800000,800000,0.9200,max,moderate
0.5400,0.3800,0.0800,1.704,2.421,11.500,800000,800000,800000,800000,0.9200,max,moderate
0.5400,0.3900,0.0700,1.704,2.359,13.143,800000,800000,800000,800000,0.9200,good,moderate
0.5400,0.4000,0.0600,1.704,2.300,15.333,800000,800000,800000,800000,0.9200,max,moderate
0.5400,0.4100,0.0500,1.704,2.244,18.400,800000,800000,800000,800000,0.9200,max,moderate
0.5400,0.4200,0.0400,1.704,2.190,23.000,800000,800000,800000,800000,0.9200,max,moderate
0.5400,0.4300,0.0300,1.704,2.140,30.667,800000,800000,800000,800000,0.9200,good,moderate
0.5400,0.4400,0.0200,1.704,2.091,46.000,800000,800000,800000,800000,0.9200,max,moderate
0.5400,0.4500,0.0100,1.704,2.044,92.000,800000,800000,800000,800000,0.9200,max,moderate
0.5400,0.4600,0.0000,1.704,2.000,999.000,800000,800000,10000000,800000,0.9200,max,moderate
0.5500,0.0000,0.4500,1.673,999.000,2.044,800000,10000000,800000,800000,0.9200,max,moderate
0.5500,0.0100,0.4400,1.673,92.000,2.091,800000,800000,800000,800000,0.9200,max,moderate
0.5500,0.0200,0.4300,1.673,46.000,2.140,800000,800000,800000,800000,0.9200,good,moderate
0.5500,0.0300,0.4200,1.673,30.667,2.190,800000,800000,800000,800000,0.9200,max,moderate
0.5500,0.0400,0.4100,1.673,23.000,2.244,800000,800000,800000,800000,0.9200,max,moderate
0.5500,0.0500,0.4000,1.673,18.400,2.300,800000,800000,800000,800000,0.9200,max,moderate
0.5500,0.0600,0.3900,1.673,15.333,2.359,800000,800000,800000,800000,0.9200,max,moderate
0.5500,0.0700,0.3800,1.673,13.143,2.421,800000,800000,800000,800000,0.9200,good,moderate
0.5500,0.0800,0.3700,1.673,11.500,2.486,800000,800000,800000,800000,0.9200,max,moderate
0.5500,0.0900,0.3600,1.673,10.222,2.556,800000,800000,800000,800000,0.9200,max,moderate
0.5500,0.1000,0.3500,1.673,9.200,2.629,800000,800000,800000,800000,0.9200,good,moderate
0.5500,0.1100,0.3400,1.673,8.364,2.706,800000,800000,800000,800000,0.9200,max,moderate
0.5500,0.1200,0.3300,1.673,7.667,2.788,800000,800000,800000,800000,0.9200,max,moderate
0.5500,0.1300,0.3200,1.673,7.077,2.875,800000,800000,800000,800000,0.9200,max,moderate
0.5500,0.1400,0.3100,1.673,6.571,2.968,800000,800000,800000,800000,0.9200,good,moderate
0.5500,0.1500,0.3000,1.673,6.133,3.067,800000,800000,800000,800000,0.9200,max,moderate
0.5500,0.1600,0.2900,1.673,5.750,3.172,800000,800000,800000,800000,0.9200,good,moderate
0.5500,0.1700,0.2800,1.673,5.412,3.286,800000,800000,800000,800000,0.9200,good,moderate
0.5500,0.1800,0.2700,1.673,5.111,3.407,800000,800000,800000,800000,0.9200,max,moderate
0.5500,0.1900,0.2600,1.673,4.842,3.538,800000,800000,800000,800000,0.9200,max,moderate
0.5500,0.2000,0.2500,1.673,4.600,3.680,800000,800000,800000,800000,0.9200,max,moderate
0.5500,0.2100,0.2400,1.673,4.381,3.833,800000,800000,800000,800000,0.9200,max,moderate
0.5500,0.2200,0.2300,1.673,4.182,4.000,800000,800000,800000,800000,0.9200,max,moderate
0.5500,0.2300,0.2200,1.673,4.000,4.182,800000,800000,800000,800000,0.9200,max,moderate
0.5500,0.2400,0.2100,1.673,3.833,4.381,800000,800000,800000,800000,0.9200,max,moderate
0.5500,0.2500,0.2000,1.673,3.680,4.600,800000,800000,800000,800000,0.9200,max,moderate
0.5500,0.2600,0.1900,1.673,3.538,4.842,800000,800000,800000,800000,0.9200,max,moderate
0.5500,0.2700,0.1800,1.673,3.407,5.111,800000,800000,800000,800000,0.9200,max,moderate
0.5500,0.2800,0.1700,1.673,3.286,5.412,800000,800000,800000,800000,0.9200,good,moderate
0.5500,0.2900,0.1600,1.673,3.172,5.750,800000,800000,800000,800000,0.9200,good,moderate
0.5500,0.3000,0.1500,1.673,3.067,6.133,800000,800000,800000,800000,0.9200,max,moderate
0.5500,0.3100,0.1400,1.673,2.968,6.571,800000,800000,800000,800000,0.9200,good,moderate
0.5500,0.3200,0.1300,1.673,2.875,7.077,800000,800000,800000,800000,0.9200,max,moderate
0.5500,0.3300,0.1200,1.673,2.788,7.667,800000,800000,800000,800000,0.9200,max,moderate
0.5500,0.3400,0.1100,1.673,2.706,8.364,800000,800000,800000,800000,0.9200,max,moderate
0.5500,0.3500,0.1000,1.673,2.629,9.200,800000,800000,800000,800000,0.9200,good,moderate
0.5500,0.3600,0.0900,1.673,2.556,10.222,800000,800000,800000,800000,0.9200,max,moderate
0.5500,0.3700,0.0800,1.673,2.486,11.500,800000,800000,800000,800000,0.9200,max,moderate
0.5500,0.3800,0.0700,1.673,2.421,13.143,800000,800000,800000,800000,0.9200,good,moderate
0.5500,0.3900,0.0600,1.673,2.359,15.333,800000,800000,800000,800000,0.9200,max,moderate
0.5500,0.4000,0.0500,1.673,2.300,18.400,800000,800000,800000,800000,0.9200,max,moderate
0.5500,0.4100,0.0400,1.673,2.244,23.000,800000,800000,800000,800000,0.9200,max,moderate
0.5500,0.4200,0.0300,1.673,2.190,30.667,800000,800000,800000,800000,0.9200,max,moderate
0.5500,0.4300,0.0200,1.673,2.140,46.000,800000,800000,800000,800000,0.9200,good,moderate
0.5500,0.4400,0.0100,1.673,2.091,92.000,800000,800000,800000,800000,0.9200,max,moderate
0.5500,0.4500,0.0000,1.673,2.044,999.000,800000,800000,10000000,800000,0.9200,max,moderate
0.5600,0.0000,0.4400,1.643,999.000,2.091,800000,10000000,800000,800000,0.9200,good,moderate
0.5600,0.0100,0.4300,1.643,92.000,2.140,800000,800000,800000,800000,0.9200,good,moderate
0.5600,0.0200,0.4200,1.643,46.000,2.190,800000,800000,800000,800000,0.9200,good,moderate
0.5600,0.0300,0.4100,1.643,30.667,2.244,800000,800000,800000,800000,0.9200,good,moderate
0.5600,0.0400,0.4000,1.643,23.000,2.300,800000,800000,800000,800000,0.9200,good,moderate
0.5600,0.0500,0.3900,1.643,18.400,2.359,800000,800000,800000,800000,0.9200,good,moderate
0.5600,0.0600,0.3800,1.643,15.333,2.421,800000,800000,800000,800000,0.9200,good,moderate
0.5600,0.0700,0.3700,1.643,13.143,2.486,800000,800000,800000,800000,0.9200,good,moderate
0.5600,0.0800,0.3600,1.643,11.500,2.556,800000,800000,800000,800000,0.9200,good,moderate
0.5600,0.0900,0.3500,1.643,10.222,2.629,800000,800000,800000,800000,0.9200,good,moderate
0.5600,0.1000,0.3400,1.643,9.200,2.706,800000,800000,800000,800000,0.9200,good,moderate
0.5600,0.1100,0.3300,1.643,8.364,2.788,800000,800000,800000,800000,0.9200,good,moderate
0.5600,0.1200,0.3200,1.643,7.667,2.875,800000,800000,800000,800000,0.9200,good,moderate
0.5600,0.1300,0.3100,1.643,7.077,2.968,800000,800000,800000,800000,0.9200,good,moderate
0.5600,0.1400,0.3000,1.643,6.571,3.067,800000,800000,800000,800000,0.9200,good,moderate
0.5600,0.1500,0.2900,1.643,6.133,3.172,800000,800000,800000,800000,0.9200,good,moderate
0.5600,0.1600,0.2800,1.643,5.750,3.286,800000,800000,800000,800000,0.9200,good,moderate
0.5600,0.1700,0.2700,1.643,5.412,3.407,800000,800000,800000,800000,0.9200,good,moderate
0.5600,0.1800,0.2600,1.643,5.111,3.538,800000,800000,800000,800000,0.9200,good,moderate
0.5600,0.1900,0.2500,1.643,4.842,3.680,800000,800000,800000,800000,0.9200,good,moderate
0.5600,0.2000,0.2400,1.643,4.600,3.833,800000,800000,800000,800000,0.9200,good,moderate
0.5600,0.2100,0.2300,1.643,4.381,4.000,800000,800000,800000,800000,0.9200,good,moderate
0.5600,0.2200,0.2200,1.643,4.182,4.182,800000,800000,800000,800000,0.9200,good,moderate
0.5600,0.2300,0.2100,1.643,4.000,4.381,800000,800000,800000,800000,0.9200,good,moderate
0.5600,0.2400,0.2000,1.643,3.833,4.600,800000,800000,800000,800000,0.9200,good,moderate
0.5600,0.2500,0.1900,1.643,3.680,4.842,800000,800000,800000,800000,0.9200,good,moderate
0.5600,0.2600,0.1800,1.643,3.538,5.111,800000,800000,800000,800000,0.9200,good,moderate
0.5600,0.2700,0.1700,1.643,3.407,5.412,800000,800000,800000,800000,0.9200,good,moderate
0.5600,0.2800,0.1600,1.643,3.286,5.750,800000,800000,800000,800000,0.9200,good,moderate
0.5600,0.2900,0.1500,1.643,3.172,6.133,800000,800000,800000,800000,0.9200,good,moderate
0.5600,0.3000,0.1400,1.643,3.067,6.571,800000,800000,800000,800000,0.9200,good,moderate
0.5600,0.3100,0.1300,1.643,2.968,7.077,800000,800000,800000,800000,0.9200,good,moderate
0.5600,0.3200,0.1200,1.643,2.875,7.667,800000,800000,800000,800000,0.9200,good,moderate
0.5600,0.3300,0.1100,1.643,2.788,8.364,800000,800000,800000,800000,0.9200,good,moderate
0.5600,0.3400,0.1000,1.643,2.706,9.200,800000,800000,800000,800000,0.9200,good,moderate
0.5600,0.3500,0.0900,1.643,2.629,10.222,800000,800000,800000,800000,0.9200,good,moderate
0.5600,0.3600,0.0800,1.643,2.556,11.500,800000,800000,800000,800000,0.9200,good,moderate
0.5600,0.3700,0.0700,1.643,2.486,13.143,800000,800000,800000,800000,0.9200,good,moderate
0.5600,0.3800,0.0600,1.643,2.421,15.333,800000,800000,800000,800000,0.9200,good,moderate
0.5600,0.3900,0.0500,1.643,2.359,18.400,800000,800000,800000,800000,0.9200,good,moderate
0.5600,0.4000,0.0400,1.643,2.300,23.000,800000,800000,800000,800000,0.9200,good,moderate
0.5600,0.4100,0.0300,1.643,2.244,30.667,800000,800000,800000,800000,0.9200,good,moderate
0.5600,0.4200,0.0200,1.643,2.190,46.000,800000,800000,800000,800000,0.9200,good,moderate
0.5600,0.4300,0.0100,1.643,2.140,92.000,800000,800000,800000,800000,0.9200,good,moderate
0.5600,0.4400,0.0000,1.643,2.091,999.000,800000,800000,10000000,800000,0.9200,good,moderate
0.5700,0.0000,0.4300,1.614,999.000,2.140,800000,10000000,800000,800000,0.9200,good,moderate
0.5700,0.0100,0.4200,1.614,92.000,2.190,800000,800000,800000,800000,0.9200,max,moderate
0.5700,0.0200,0.4100,1.614,46.000,2.244,800000,800000,800000,800000,0.9200,max,moderate
0.5700,0.0300,0.4000,1.614,30.667,2.300,800000,800000,800000,800000,0.9200,max,moderate
0.5700,0.0400,0.3900,1.614,23.000,2.359,800000,800000,800000,800000,0.9200,max,moderate
0.5700,0.0500,0.3800,1.614,18.400,2.421,800000,800000,800000,800000,0.9200,max,moderate
0.5700,0.0600,0.3700,1.614,15.333,2.486,800000,800000,800000,800000,0.9200,max,moderate
0.5700,0.0700,0.3600,1.614,13.143,2.556,800000,800000,800000,800000,0.9200,good,moderate
0.5700,0.0800,0.3500,1.614,11.500,2.629,800000,800000,800000,800000,0.9200,good,moderate
0.5700,0.0900,0.3400,1.614,10.222,2.706,800000,800000,800000,800000,0.9200,max,moderate
0.5700,0.1000,0.3300,1.614,9.200,2.788,800000,800000,800000,800000,0.9200,max,moderate
0.5700,0.1100,0.3200,1.614,8.364,2.875,800000,800000,800000,800000,0.9200,max,moderate
0.5700,0.1200,0.3100,1.614,7.667,2.968,800000,800000,800000,800000,0.9200,max,moderate
0.5700,0.1300,0.3000,1.614,7.077,3.067,800000,800000,800000,800000,0.9200,max,moderate
0.5700,0.1400,0.2900,1.614,6.571,3.172,800000,800000,800000,800000,0.9200,good,moderate
0.5700,0.1500,0.2800,1.614,6.133,3.286,800000,800000,800000,800000,0.9200,good,moderate
0.5700,0.1600,0.2700,1.614,5.750,3.407,800000,800000,800000,800000,0.9200,max,moderate
0.5700,0.1700,0.2600,1.614,5.412,3.538,800000,800000,800000,800000,0.9200,max,moderate
0.5700,0.1800,0.2500,1.614,5.111,3.680,800000,800000,800000,800000,0.9200,max,moderate
0.5700,0.1900,0.2400,1.614,4.842,3.833,800000,800000,800000,800000,0.9200,max,moderate
0.5700,0.2000,0.2300,1.614,4.600,4.000,800000,800000,800000,800000,0.9200,max,moderate
0.5700,0.2100,0.2200,1.614,4.381,4.182,800000,800000,800000,800000,0.9200,max,moderate
0.5700,0.2200,0.2100,1.614,4.182,4.381,800000,800000,800000,800000,0.9200,max,moderate
0.5700,0.2300,0.2000,1.614,4.000,4.600,800000,800000,800000,800000,0.9200,max,moderate
0.5700,0.2400,0.1900,1.614,3.833,4.842,800000,800000,800000,800000,0.9200,max,moderate
0.5700,0.2500,0.1800,1.614,3.680,5.111,800000,800000,800000,800000,0.9200,max,moderate
0.5700,0.2600,0.1700,1.614,3.538,5.412,800000,800000,800000,800000,0.9200,max,moderate
0.5700,0.2700,0.1600,1.614,3.407,5.750,800000,800000,800000,800000,0.9200,max,moderate
0.5700,0.2800,0.1500,1.614,3.286,6.133,800000,800000,800000,800000,0.9200,good,moderate
0.5700,0.2900,0.1400,1.614,3.172,6.571,800000,800000,800000,800000,0.9200,good,moderate
0.5700,0.3000,0.1300,1.614,3.067,7.077,800000,800000,800000,800000,0.9200,max,moderate
0.5700,0.3100,0.1200,1.614,2.968,7.667,800000,800000,800000,800000,0.9200,max,moderate
0.5700,0.3200,0.1100,1.614,2.875,8.364,800000,800000,800000,800000,0.9200,max,moderate
0.5700,0.3300,0.1000,1.614,2.788,9.200,800000,800000,800000,800000,0.9200,max,moderate
0.5700,0.3400,0.0900,1.614,2.706,10.222,800000,800000,800000,800000,0.9200,max,moderate
0.5700,0.3500,0.0800,1.614,2.629,11.500,800000,800000,800000,800000,0.9200,good,moderate
0.5700,0.3600,0.0700,1.614,2.556,13.143,800000,800000,800000,800000,0.9200,good,moderate
0.5700,0.3700,0.0600,1.614,2.486,15.333,800000,800000,800000,800000,0.9200,max,moderate
0.5700,0.3800,0.0500,1.614,2.421,18.400,800000,800000,800000,800000,0.9200,max,moderate
0.5700,0.3900,0.0400,1.614,2.359,23.000,800000,800000,800000,800000,0.9200,max,moderate
0.5700,0.4000,0.0300,1.614,2.300,30.667,800000,800000,800000,800000,0.9200,max,moderate
0.5700,0.4100,0.0200,1.614,2.244,46.000,800000,800000,800000,800000,0.9200,max,moderate
0.5700,0.4200,0.0100,1.614,2.190,92.000,800000,800000,800000,800000,0.9200,max,moderate
0.5700,0.4300,0.0000,1.614,2.140,999.000,800000,800000,10000000,800000,0.9200,good,moderate
0.5800,0.0000,0.4200,1.586,999.000,2.190,800000,10000000,800000,800000,0.9200,good,moderate
0.5800,0.0100,0.4100,1.586,92.000,2.244,800000,800000,800000,800000,0.9200,good,moderate
0.5800,0.0200,0.4000,1.586,46.000,2.300,800000,800000,800000,800000,0.9200,good,moderate
0.5800,0.0300,0.3900,1.586,30.667,2.359,800000,800000,800000,800000,0.9200,good,moderate
0.5800,0.0400,0.3800,1.586,23.000,2.421,800000,800000,800000,800000,0.9200,good,moderate
0.5800,0.0500,0.3700,1.586,18.400,2.486,800000,800000,800000,800000,0.9200,good,moderate
0.5800,0.0600,0.3600,1.586,15.333,2.556,800000,800000,800000,800000,0.9200,good,moderate
0.5800,0.0700,0.3500,1.586,13.143,2.629,800000,800000,800000,800000,0.9200,good,moderate
0.5800,0.0800,0.3400,1.586,11.500,2.706,800000,800000,800000,800000,0.9200,good,moderate
0.5800,0.0900,0.3300,1.586,10.222,2.788,800000,800000,800000,800000,0.9200,good,moderate
0.5800,0.1000,0.3200,1.586,9.200,2.875,800000,800000,800000,800000,0.9200,good,moderate
0.5800,0.1100,0.3100,1.586,8.364,2.968,800000,800000,800000,800000,0.9200,good,moderate
0.5800,0.1200,0.3000,1.586,7.667,3.067,800000,800000,800000,800000,0.9200,good,moderate
0.5800,0.1300,0.2900,1.586,7.077,3.172,800000,800000,800000,800000,0.9200,good,moderate
0.5800,0.1400,0.2800,1.586,6.571,3.286,800000,800000,800000,800000,0.9200,good,moderate
0.5800,0.1500,0.2700,1.586,6.133,3.407,800000,800000,800000,800000,0.9200,good,moderate
0.5800,0.1600,0.2600,1.586,5.750,3.538,800000,800000,800000,800000,0.9200,good,moderate
0.5800,0.1700,0.2500,1.586,5.412,3.680,800000,800000,800000,800000,0.9200,good,moderate
0.5800,0.1800,0.2400,1.586,5.111,3.833,800000,800000,800000,800000,0.9200,good,moderate
0.5800,0.1900,0.2300,1.586,4.842,4.000,800000,800000,800000,800000,0.9200,good,moderate
0.5800,0.2000,0.2200,1.586,4.600,4.182,800000,800000,800000,800000,0.9200,good,moderate
0.5800,0.2100,0.2100,1.586,4.381,4.381,800000,800000,800000,800000,0.9200,good,moderate
0.5800,0.2200,0.2000,1.586,4.182,4.600,800000,800000,800000,800000,0.9200,good,moderate
0.5800,0.2300,0.1900,1.586,4.000,4.842,800000,800000,800000,800000,0.9200,good,moderate
0.5800,0.2400,0.1800,1.586,3.833,5.111,800000,800000,800000,800000,0.9200,good,moderate
0.5800,0.2500,0.1700,1.586,3.680,5.412,800000,800000,800000,800000,0.9200,good,moderate
0.5800,0.2600,0.1600,1.586,3.538,5.750,800000,800000,800000,800000,0.9200,good,moderate
0.5800,0.2700,0.1500,1.586,3.407,6.133,800000,800000,800000,800000,0.9200,good,moderate
0.5800,0.2800,0.1400,1.586,3.286,6.571,800000,800000,800000,800000,0.9200,good,moderate
0.5800,0.2900,0.1300,1.586,3.172,7.077,800000,800000,800000,800000,0.9200,good,moderate
0.5800,0.3000,0.1200,1.586,3.067,7.667,800000,800000,800000,800000,0.9200,good,moderate
0.5800,0.3100,0.1100,1.586,2.968,8.364,800000,800000,800000,800000,0.9200,good,moderate
0.5800,0.3200,0.1000,1.586,2.875,9.200,800000,800000,800000,800000,0.9200,good,moderate
0.5800,0.3300,0.0900,1.586,2.788,10.222,800000,800000,800000,800000,0.9200,good,moderate
0.5800,0.3400,0.0800,1.586,2.706,11.500,800000,800000,800000,800000,0.9200,good,moderate
0.5800,0.3500,0.0700,1.586,2.629,13.143,800000,800000,800000,800000,0.9200,good,moderate
0.5800,0.3600,0.0600,1.586,2.556,15.333,800000,800000,800000,800000,0.9200,good,moderate
0.5800,0.3700,0.0500,1.586,2.486,18.400,800000,800000,800000,800000,0.9200,good,moderate
0.5800,0.3800,0.0400,1.586,2.421,23.000,800000,800000,800000,800000,0.9200,good,moderate
0.5800,0.3900,0.0300,1.586,2.359,30.667,800000,800000,800000,800000,0.9200,good,moderate
0.5800,0.4000,0.0200,1.586,2.300,46.000,800000,800000,800000,800000,0.9200,good,moderate
0.5800,0.4100,0.0100,1.586,2.244,92.000,800000,800000,800000,800000,0.9200,good,moderate
0.5800,0.4200,0.0000,1.586,2.190,999.000,800000,800000,10000000,800000,0.9200,good,moderate
0.5900,0.0000,0.4100,1.559,999.000,2.244,800000,10000000,800000,800000,0.9200,max,moderate
0.5900,0.0100,0.4000,1.559,92.000,2.300,800000,800000,800000,800000,0.9200,max,moderate
0.5900,0.0200,0.3900,1.559,46.000,2.359,800000,800000,800000,800000,0.9200,max,moderate
0.5900,0.0300,0.3800,1.559,30.667,2.421,800000,800000,800000,800000,0.9200,max,moderate
0.5900,0.0400,0.3700,1.559,23.000,2.486,800000,800000,800000,800000,0.9200,max,moderate
0.5900,0.0500,0.3600,1.559,18.400,2.556,800000,800000,800000,800000,0.9200,max,moderate
0.5900,0.0600,0.3500,1.559,15.333,2.629,800000,800000,800000,800000,0.9200,good,moderate
0.5900,0.0700,0.3400,1.559,13.143,2.706,800000,800000,800000,800000,0.9200,good,moderate
0.5900,0.0800,0.3300,1.559,11.500,2.788,800000,800000,800000,800000,0.9200,max,moderate
0.5900,0.0900,0.3200,1.559,10.222,2.875,800000,800000,800000,800000,0.9200,max,moderate
0.5900,0.1000,0.3100,1.559,9.200,2.968,800000,800000,800000,800000,0.9200,max,moderate
0.5900,0.1100,0.3000,1.559,8.364,3.067,800000,800000,800000,800000,0.9200,max,moderate
0.5900,0.1200,0.2900,1.559,7.667,3.172,800000,800000,800000,800000,0.9200,good,moderate
0.5900,0.1300,0.2800,1.559,7.077,3.286,800000,800000,800000,800000,0.9200,good,moderate
0.5900,0.1400,0.2700,1.559,6.571,3.407,800000,800000,800000,800000,0.9200,good,moderate
0.5900,0.1500,0.2600,1.559,6.133,3.538,800000,800000,800000,800000,0.9200,max,moderate
0.5900,0.1600,0.2500,1.559,5.750,3.680,800000,800000,800000,800000,0.9200,max,moderate
0.5900,0.1700,0.2400,1.559,5.412,3.833,800000,800000,800000,800000,0.9200,max,moderate
0.5900,0.1800,0.2300,1.559,5.111,4.000,800000,800000,800000,800000,0.9200,max,moderate
0.5900,0.1900,0.2200,1.559,4.842,4.182,800000,800000,800000,800000,0.9200,max,moderate
0.5900,0.2000,0.2100,1.559,4.600,4.381,800000,800000,800000,800000,0.9200,max,moderate
0.5900,0.2100,0.2000,1.559,4.381,4.600,800000,800000,800000,800000,0.9200,max,moderate
0.5900,0.2200,0.1900,1.559,4.182,4.842,800000,800000,800000,800000,0.9200,max,moderate
0.5900,0.2300,0.1800,1.559,4.000,5.111,800000,800000,800000,800000,0.9200,max,moderate
0.5900,0.2400,0.1700,1.559,3.833,5.412,800000,800000,800000,800000,0.9200,max,moderate
0.5900,0.2500,0.1600,1.559,3.680,5.750,800000,800000,800000,800000,0.9200,max,moderate
0.5900,0.2600,0.1500,1.559,3.538,6.133,800000,800000,800000,800000,0.9200,max,moderate
0.5900,0.2700,0.1400,1.559,3.407,6.571,800000,800000,800000,800000,0.9200,good,moderate
0.5900,0.2800,0.1300,1.559,3.286,7.077,800000,800000,800000,800000,0.9200,good,moderate
0.5900,0.2900,0.1200,1.559,3.172,7.667,800000,800000,800000,800000,0.9200,good,moderate
0.5900,0.3000,0.1100,1.559,3.067,8.364,800000,800000,800000,800000,0.9200,max,moderate
0.5900,0.3100,0.1000,1.559,2.968,9.200,800000,800000,800000,800000,0.9200,max,moderate
0.5900,0.3200,0.0900,1.559,2.875,10.222,800000,800000,800000,800000,0.9200,max,moderate
0.5900,0.3300,0.0800,1.559,2.788,11.500,800000,800000,800000,800000,0.9200,max,moderate
0.5900,0.3400,0.0700,1.559,2.706,13.143,800000,800000,800000,800000,0.9200,good,moderate
0.5900,0.3500,0.0600,1.559,2.629,15.333,800000,800000,800000,800000,0.9200,good,moderate
0.5900,0.3600,0.0500,1.559,2.556,18.400,800000,800000,800000,800000,0.9200,max,moderate
0.5900,0.3700,0.0400,1.559,2.486,23.000,800000,800000,800000,800000,0.9200,max,moderate
0.5900,0.3800,0.0300,1.559,2.421,30.667,800000,800000,800000,800000,0.9200,max,moderate
0.5900,0.3900,0.0200,1.559,2.359,46.000,800000,800000,800000,800000,0.9200,max,moderate
0.5900,0.4000,0.0100,1.559,2.300,92.000,800000,800000,800000,800000,0.9200,max,moderate
0.5900,0.4100,0.0000,1.559,2.244,999.000,800000,800000,10000000,800000,0.9200,max,moderate
0.6000,0.0000,0.4000,1.533,999.000,2.300,800000,10000000,800000,800000,0.9200,max,moderate
0.6000,0.0100,0.3900,1.533,92.000,2.359,800000,800000,800000,800000,0.9200,max,moderate
0.6000,0.0200,0.3800,1.533,46.000,2.421,800000,800000,800000,800000,0.9200,max,moderate
0.6000,0.0300,0.3700,1.533,30.667,2.486,800000,800000,800000,800000,0.9200,max,moderate
0.6000,0.0400,0.3600,1.533,23.000,2.556,800000,800000,800000,800000,0.9200,max,moderate
0.6000,0.0500,0.3500,1.533,18.400,2.629,800000,800000,800000,800000,0.9200,good,moderate
0.6000,0.0600,0.3400,1.533,15.333,2.706,800000,800000,800000,800000,0.9200,max,moderate
0.6000,0.0700,0.3300,1.533,13.143,2.788,800000,800000,800000,800000,0.9200,good,moderate
0.6000,0.0800,0.3200,1.533,11.500,2.875,800000,800000,800000,800000,0.9200,max,moderate
0.6000,0.0900,0.3100,1.533,10.222,2.968,800000,800000,800000,800000,0.9200,max,moderate
0.6000,0.1000,0.3000,1.533,9.200,3.067,800000,800000,800000,800000,0.9200,max,moderate
0.6000,0.1100,0.2900,1.533,8.364,3.172,800000,800000,800000,800000,0.9200,good,moderate
0.6000,0.1200,0.2800,1.533,7.667,3.286,800000,800000,800000,800000,0.9200,good,moderate
0.6000,0.1300,0.2700,1.533,7.077,3.407,800000,800000,800000,800000,0.9200,max,moderate
0.6000,0.1400,0.2600,1.533,6.571,3.538,800000,800000,800000,800000,0.9200,good,moderate
0.6000,0.1500,0.2500,1.533,6.133,3.680,800000,800000,800000,800000,0.9200,max,moderate
0.6000,0.1600,0.2400,1.533,5.750,3.833,800000,800000,800000,800000,0.9200,max,moderate
0.6000,0.1700,0.2300,1.533,5.412,4.000,800000,800000,800000,800000,0.9200,max,moderate
0.6000,0.1800,0.2200,1.533,5.111,4.182,800000,800000,800000,800000,0.9200,max,moderate
0.6000,0.1900,0.2100,1.533,4.842,4.381,800000,800000,800000,800000,0.9200,max,moderate
0.6000,0.2000,0.2000,1.533,4.600,4.600,800000,800000,800000,800000,0.9200,max,moderate
0.6000,0.2100,0.1900,1.533,4.381,4.842,800000,800000,800000,800000,0.9200,max,moderate
0.6000,0.2200,0.1800,1.533,4.182,5.111,800000,800000,800000,800000,0.9200,max,moderate
0.6000,0.2300,0.1700,1.533,4.000,5.412,800000,800000,800000,800000,0.9200,max,moderate
0.6000,0.2400,0.1600,1.533,3.833,5.750,800000,800000,800000,800000,0.9200,max,moderate
0.6000,0.2500,0.1500,1.533,3.680,6.133,800000,800000,800000,800000,0.9200,max,moderate
0.6000,0.2600,0.1400,1.533,3.538,6.571,800000,800000,800000,800000,0.9200,good,moderate
0.6000,0.2700,0.1300,1.533,3.407,7.077,800000,800000,800000,800000,0.9200,max,moderate
0.6000,0.2800,0.1200,1.533,3.286,7.667,800000,800000,800000,800000,0.9200,good,moderate
0.6000,0.2900,0.1100,1.533,3.172,8.364,800000,800000,800000,800000,0.9200,good,moderate
0.6000,0.3000,0.1000,1.533,3.067,9.200,800000,800000,800000,800000,0.9200,max,moderate
0.6000,0.3100,0.0900,1.533,2.968,10.222,800000,800000,800000,800000,0.9200,max,moderate
0.6000,0.3200,0.0800,1.533,2.875,11.500,800000,800000,800000,800000,0.9200,max,moderate
0.6000,0.3300,0.0700,1.533,2.788,13.143,800000,800000,800000,800000,0.9200,good,moderate
0.6000,0.3400,0.0600,1.533,2.706,15.333,800000,800000,800000,800000,0.9200,max,moderate
0.6000,0.3500,0.0500,1.533,2.629,18.400,800000,800000,800000,800000,0.9200,good,moderate
0.6000,0.3600,0.0400,1.533,2.556,23.000,800000,800000,800000,800000,0.9200,max,moderate
0.6000,0.3700,0.0300,1.533,2.486,30.667,800000,800000,800000,800000,0.9200,max,moderate
0.6000,0.3800,0.0200,1.533,2.421,46.000,800000,800000,800000,800000,0.9200,max,moderate
0.6000,0.3900,0.0100,1.533,2.359,92.000,800000,800000,800000,800000,0.9200,max,moderate
0.6000,0.4000,0.0000,1.533,2.300,999.000,800000,800000,10000000,800000,0.9200,max,moderate
0.6100,0.0000,0.3900,1.508,999.000,2.359,800000,10000000,800000,800000,0.9200,max,moderate
0.6100,0.0100,0.3800,1.508,92.000,2.421,800000,800000,800000,800000,0.9200,max,moderate
0.6100,0.0200,0.3700,1.508,46.000,2.486,800000,800000,800000,800000,0.9200,max,moderate
0.6100,0.0300,0.3600,1.508,30.667,2.556,800000,800000,800000,800000,0.9200,max,moderate
0.6100,0.0400,0.3500,1.508,23.000,2.629,800000,800000,800000,800000,0.9200,good,moderate
0.6100,0.0500,0.3400,1.508,18.400,2.706,800000,800000,800000,800000,0.9200,max,moderate
0.6100,0.0600,0.3300,1.508,15.333,2.788,800000,800000,800000,800000,0.9200,max,moderate
0.6100,0.0700,0.3200,1.508,13.143,2.875,800000,800000,800000,800000,0.9200,good,moderate
0.6100,0.0800,0.3100,1.508,11.500,2.968,800000,800000,800000,800000,0.9200,max,moderate
0.6100,0.0900,0.3000,1.508,10.222,3.067,800000,800000,800000,800000,0.9200,max,moderate
0.6100,0.1000,0.2900,1.508,9.200,3.172,800000,800000,800000,800000,0.9200,good,moderate
0.6100,0.1100,0.2800,1.508,8.364,3.286,800000,800000,800000,800000,0.9200,good,moderate
0.6100,0.1200,0.2700,1.508,7.667,3.407,800000,800000,800000,800000,0.9200,max,moderate
0.6100,0.1300,0.2600,1.508,7.077,3.538,800000,800000,800000,800000,0.9200,max,moderate
0.6100,0.1400,0.2500,1.508,6.571,3.680,800000,800000,800000,800000,0.9200,good,moderate
0.6100,0.1500,0.2400,1.508,6.133,3.833,800000,800000,800000,800000,0.9200,max,moderate
0.6100,0.1600,0.2300,1.508,5.750,4.000,800000,800000,800000,800000,0.9200,max,moderate
0.6100,0.1700,0.2200,1.508,5.412,4.182,800000,800000,800000,800000,0.9200,max,moderate
0.6100,0.1800,0.2100,1.508,5.111,4.381,800000,800000,800000,800000,0.9200,max,moderate
0.6100,0.1900,0.2000,1.508,4.842,4.600,800000,800000,800000,800000,0.9200,max,moderate
0.6100,0.2000,0.1900,1.508,4.600,4.842,800000,800000,800000,800000,0.9200,max,moderate
0.6100,0.2100,0.1800,1.508,4.381,5.111,800000,800000,800000,800000,0.9200,max,moderate
0.6100,0.2200,0.1700,1.508,4.182,5.412,800000,800000,800000,800000,0.9200,max,moderate
0.6100,0.2300,0.1600,1.508,4.000,5.750,800000,800000,800000,800000,0.9200,max,moderate
0.6100,0.2400,0.1500,1.508,3.833,6.133,800000,800000,800000,800000,0.9200,max,moderate
0.6100,0.2500,0.1400,1.508,3.680,6.571,800000,800000,800000,800000,0.9200,good,moderate
0.6100,0.2600,0.1300,1.508,3.538,7.077,800000,800000,800000,800000,0.9200,max,moderate
0.6100,0.2700,0.1200,1.508,3.407,7.667,800000,800000,800000,800000,0.9200,max,moderate
0.6100,0.2800,0.1100,1.508,3.286,8.364,800000,800000,800000,800000,0.9200,good,moderate
0.6100,0.2900,0.1000,1.508,3.172,9.200,800000,800000,800000,800000,0.9200,good,moderate
0.6100,0.3000,0.0900,1.508,3.067,10.222,800000,800000,800000,800000,0.9200,max,moderate
0.6100,0.3100,0.0800,1.508,2.968,11.500,800000,800000,800000,800000,0.9200,max,moderate
0.6100,0.3200,0.0700,1.508,2.875,13.143,800000,800000,800000,800000,0.9200,good,moderate
0.6100,0.3300,0.0600,1.508,2.788,15.333,800000,800000,800000,800000,0.9200,max,moderate
0.6100,0.3400,0.0500,1.508,2.706,18.400,800000,800000,800000,800000,0.9200,max,moderate
0.6100,0.3500,0.0400,1.508,2.629,23.000,800000,800000,800000,800000,0.9200,good,moderate
0.6100,0.3600,0.0300,1.508,2.556,30.667,800000,800000,800000,800000,0.9200,max,moderate
0.6100,0.3700,0.0200,1.508,2.486,46.000,800000,800000,800000,800000,0.9200,max,moderate
0.6100,0.3800,0.0100,1.508,2.421,92.000,800000,800000,800000,800000,0.9200,max,moderate
0.6100,0.3900,0.0000,1.508,2.359,999.000,800000,800000,10000000,800000,0.9200,max,moderate
0.6200,0.0000,0.3800,1.484,999.000,2.421,800000,10000000,800000,800000,0.9200,max,moderate
0.6200,0.0100,0.3700,1.484,92.000,2.486,800000,800000,800000,800000,0.9200,max,moderate
0.6200,0.0200,0.3600,1.484,46.000,2.556,800000,800000,800000,800000,0.9200,max,moderate
0.6200,0.0300,0.3500,1.484,30.667,2.629,800000,800000,800000,800000,0.9200,good,moderate
0.6200,0.0400,0.3400,1.484,23.000,2.706,800000,800000,800000,800000,0.9200,max,moderate
0.6200,0.0500,0.3300,1.484,18.400,2.788,800000,800000,800000,800000,0.9200,max,moderate
0.6200,0.0600,0.3200,1.484,15.333,2.875,800000,800000,800000,800000,0.9200,max,moderate
0.6200,0.0700,0.3100,1.484,13.143,2.968,800000,800000,800000,800000,0.9200,good,moderate
0.6200,0.0800,0.3000,1.484,11.500,3.067,800000,800000,800000,800000,0.9200,max,moderate
0.6200,0.0900,0.2900,1.484,10.222,3.172,800000,800000,800000,800000,0.9200,good,moderate
0.6200,0.1000,0.2800,1.484,9.200,3.286,800000,800000,800000,800000,0.9200,good,moderate
0.6200,0.1100,0.2700,1.484,8.364,3.407,800000,800000,800000,800000,0.9200,max,moderate
0.6200,0.1200,0.2600,1.484,7.667,3.538,800000,800000,800000,800000,0.9200,max,moderate
0.6200,0.1300,0.2500,1.484,7.077,3.680,800000,800000,800000,800000,0.9200,max,moderate
0.6200,0.1400,0.2400,1.484,6.571,3.833,800000,800000,800000,800000,0.9200,good,moderate
0.6200,0.1500,0.2300,1.484,6.133,4.000,800000,800000,800000,800000,0.9200,max,moderate
0.6200,0.1600,0.2200,1.484,5.750,4.182,800000,800000,800000,800000,0.9200,max,moderate
0.6200,0.1700,0.2100,1.484,5.412,4.381,800000,800000,800000,800000,0.9200,max,moderate
0.6200,0.1800,0.2000,1.484,5.111,4.600,800000,800000,800000,800000,0.9200,max,moderate
0.6200,0.1900,0.1900,1.484,4.842,4.842,800000,800000,800000,800000,0.9200,max,moderate
0.6200,0.2000,0.1800,1.484,4.600,5.111,800000,800000,800000,800000,0.9200,max,moderate
0.6200,0.2100,0.1700,1.484,4.381,5.412,800000,800000,800000,800000,0.9200,max,moderate
0.6200,0.2200,0.1600,1.484,4.182,5.750,800000,800000,800000,800000,0.9200,max,moderate
0.6200,0.2300,0.1500,1.484,4.000,6.133,800000,800000,800000,800000,0.9200,max,moderate
0.6200,0.2400,0.1400,1.484,3.833,6.571,800000,800000,800000,800000,0.9200,good,moderate
0.6200,0.2500,0.1300,1.484,3.680,7.077,800000,800000,800000,800000,0.9200,max,moderate
0.6200,0.2600,0.1200,1.484,3.538,7.667,800000,800000,800000,800000,0.9200,max,moderate
0.6200,0.2700,0.1100,1.484,3.407,8.364,800000,800000,800000,800000,0.9200,max,moderate
0.6200,0.2800,0.1000,1.484,3.286,9.200,800000,800000,800000,800000,0.9200,good,moderate
0.6200,0.2900,0.0900,1.484,3.172,10.222,800000,800000,800000,800000,0.9200,good,moderate
0.6200,0.3000,0.0800,1.484,3.067,11.500,800000,800000,800000,800000,0.9200,max,moderate
0.6200,0.3100,0.0700,1.484,2.968,13.143,800000,800000,800000,800000,0.9200,good,moderate
0.6200,0.3200,0.0600,1.484,2.875,15.333,800000,800000,800000,800000,0.9200,max,moderate
0.6200,0.3300,0.0500,1.484,2.788,18.400,800000,800000,800000,800000,0.9200,max,moderate
0.6200,0.3400,0.0400,1.484,2.706,23.000,800000,800000,800000,800000,0.9200,max,moderate
0.6200,0.3500,0.0300,1.484,2.629,30.667,800000,800000,800000,800000,0.9200,good,moderate
0.6200,0.3600,0.0200,1.484,2.556,46.000,800000,800000,800000,800000,0.9200,max,moderate
0.6200,0.3700,0.0100,1.484,2.486,92.000,800000,800000,800000,800000,0.9200,max,moderate
0.6200,0.3800,0.0000,1.484,2.421,999.000,800000,800000,10000000,800000,0.9200,max,moderate
0.6300,0.0000,0.3700,1.460,999.000,2.486,800000,10000000,800000,800000,0.9200,max,moderate
0.6300,0.0100,0.3600,1.460,92.000,2.556,800000,800000,800000,800000,0.9200,max,moderate
0.6300,0.0200,0.3500,1.460,46.000,2.629,800000,800000,800000,800000,0.9200,good,moderate
0.6300,0.0300,0.3400,1.460,30.667,2.706,800000,800000,800000,800000,0.9200,max,moderate
0.6300,0.0400,0.3300,1.460,23.000,2.788,800000,800000,800000,800000,0.9200,max,moderate
0.6300,0.0500,0.3200,1.460,18.400,2.875,800000,800000,800000,800000,0.9200,max,moderate
0.6300,0.0600,0.3100,1.460,15.333,2.968,800000,800000,800000,800000,0.9200,max,moderate
0.6300,0.0700,0.3000,1.460,13.143,3.067,800000,800000,800000,800000,0.9200,good,moderate
0.6300,0.0800,0.2900,1.460,11.500,3.172,800000,800000,800000,800000,0.9200,good,moderate
0.6300,0.0900,0.2800,1.460,10.222,3.286,800000,800000,800000,800000,0.9200,good,moderate
0.6300,0.1000,0.2700,1.460,9.200,3.407,800000,800000,800000,800000,0.9200,max,moderate
0.6300,0.1100,0.2600,1.460,8.364,3.538,800000,800000,800000,800000,0.9200,max,moderate
0.6300,0.1200,0.2500,1.460,7.667,3.680,800000,800000,800000,800000,0.9200,max,moderate
0.6300,0.1300,0.2400,1.460,7.077,3.833,800000,800000,800000,800000,0.9200,max,moderate
0.6300,0.1400,0.2300,1.460,6.571,4.000,800000,800000,800000,800000,0.9200,good,moderate
0.6300,0.1500,0.2200,1.460,6.133,4.182,800000,800000,800000,800000,0.9200,max,moderate
0.6300,0.1600,0.2100,1.460,5.750,4.381,800000,800000,800000,800000,0.9200,max,moderate
0.6300,0.1700,0.2000,1.460,5.412,4.600,800000,800000,800000,800000,0.9200,max,moderate
0.6300,0.1800,0.1900,1.460,5.111,4.842,800000,800000,800000,800000,0.9200,max,moderate
0.6300,0.1900,0.1800,1.460,4.842,5.111,800000,800000,800000,800000,0.9200,max,moderate
0.6300,0.2000,0.1700,1.460,4.600,5.412,800000,800000,800000,800000,0.9200,max,moderate
0.6300,0.2100,0.1600,1.460,4.381,5.750,800000,800000,800000,800000,0.9200,max,moderate
0.6300,0.2200,0.1500,1.460,4.182,6.133,800000,800000,800000,800000,0.9200,max,moderate
0.6300,0.2300,0.1400,1.460,4.000,6.571,800000,800000,800000,800000,0.9200,good,moderate
0.6300,0.2400,0.1300,1.460,3.833,7.077,800000,800000,800000,800000,0.9200,max,moderate
0.6300,0.2500,0.1200,1.460,3.680,7.667,800000,800000,800000,800000,0.9200,max,moderate
0.6300,0.2600,0.1100,1.460,3.538,8.364,800000,800000,800000,800000,0.9200,max,moderate
0.6300,0.2700,0.1000,1.460,3.407,9.200,800000,800000,800000,800000,0.9200,max,moderate
0.6300,0.2800,0.0900,1.460,3.286,10.222,800000,800000,800000,800000,0.9200,good,moderate
0.6300,0.2900,0.0800,1.460,3.172,11.500,800000,800000,800000,800000,0.9200,good,moderate
0.6300,0.3000,0.0700,1.460,3.067,13.143,800000,800000,800000,800000,0.9200,good,moderate
0.6300,0.3100,0.0600,1.460,2.968,15.333,800000,800000,800000,800000,0.9200,max,moderate
0.6300,0.3200,0.0500,1.460,2.875,18.400,800000,800000,800000,800000,0.9200,max,moderate
0.6300,0.3300,0.0400,1.460,2.788,23.000,800000,800000,800000,800000,0.9200,max,moderate
0.6300,0.3400,0.0300,1.460,2.706,30.667,800000,800000,800000,800000,0.9200,max,moderate
0.6300,0.3500,0.0200,1.460,2.629,46.000,800000,800000,800000,800000,0.9200,good,moderate
0.6300,0.3600,0.0100,1.460,2.556,92.000,800000,800000,800000,800000,0.9200,max,moderate
0.6300,0.3700,0.0000,1.460,2.486,999.000,800000,800000,10000000,800000,0.9200,max,moderate
0.6400,0.0000,0.3600,1.438,999.000,2.556,800000,10000000,800000,800000,0.9200,max,moderate
0.6400,0.0100,0.3500,1.438,92.000,2.629,800000,800000,800000,800000,0.9200,good,moderate
0.6400,0.0200,0.3400,1.438,46.000,2.706,800000,800000,800000,800000,0.9200,max,moderate
0.6400,0.0300,0.3300,1.438,30.667,2.788,800000,800000,800000,800000,0.9200,max,moderate
0.6400,0.0400,0.3200,1.438,23.000,2.875,800000,800000,800000,800000,0.9200,max,moderate
0.6400,0.0500,0.3100,1.438,18.400,2.968,800000,800000,800000,800000,0.9200,max,moderate
0.6400,0.0600,0.3000,1.438,15.333,3.067,800000,800000,800000,800000,0.9200,max,moderate
0.6400,0.0700,0.2900,1.438,13.143,3.172,800000,800000,800000,800000,0.9200,good,moderate
0.6400,0.0800,0.2800,1.438,11.500,3.286,800000,800000,800000,800000,0.9200,good,moderate
0.6400,0.0900,0.2700,1.438,10.222,3.407,800000,800000,800000,800000,0.9200,max,moderate
0.6400,0.1000,0.2600,1.438,9.200,3.538,800000,800000,800000,800000,0.9200,max,moderate
0.6400,0.1100,0.2500,1.438,8.364,3.680,800000,800000,800000,800000,0.9200,max,moderate
0.6400,0.1200,0.2400,1.438,7.667,3.833,800000,800000,800000,800000,0.9200,max,moderate
0.6400,0.1300,0.2300,1.438,7.077,4.000,800000,800000,800000,800000,0.9200,max,moderate
0.6400,0.1400,0.2200,1.438,6.571,4.182,800000,800000,800000,800000,0.9200,good,moderate
0.6400,0.1500,0.2100,1.438,6.133,4.381,800000,800000,800000,800000,0.9200,max,moderate
0.6400,0.1600,0.2000,1.438,5.750,4.600,800000,800000,800000,800000,0.9200,max,moderate
0.6400,0.1700,0.1900,1.438,5.412,4.842,800000,800000,800000,800000,0.9200,max,moderate
0.6400,0.1800,0.1800,1.438,5.111,5.111,800000,800000,800000,800000,0.9200,max,moderate
0.6400,0.1900,0.1700,1.438,4.842,5.412,800000,800000,800000,800000,0.9200,max,moderate
0.6400,0.2000,0.1600,1.438,4.600,5.750,800000,800000,800000,800000,0.9200,max,moderate
0.6400,0.2100,0.1500,1.438,4.381,6.133,800000,800000,800000,800000,0.9200,max,moderate
0.6400,0.2200,0.1400,1.438,4.182,6.571,800000,800000,800000,800000,0.9200,good,moderate
0.6400,0.2300,0.1300,1.438,4.000,7.077,800000,800000,800000,800000,0.9200,max,moderate
0.6400,0.2400,0.1200,1.438,3.833,7.667,800000,800000,800000,800000,0.9200,max,moderate
0.6400,0.2500,0.1100,1.438,3.680,8.364,800000,800000,800000,800000,0.9200,max,moderate
0.6400,0.2600,0.1000,1.438,3.538,9.200,800000,800000,800000,800000,0.9200,max,moderate
0.6400,0.2700,0.0900,1.438,3.407,10.222,800000,800000,800000,800000,0.9200,max,moderate
0.6400,0.2800,0.0800,1.438,3.286,11.500,800000,800000,800000,800000,0.9200,good,moderate
0.6400,0.2900,0.0700,1.438,3.172,13.143,800000,800000,800000,800000,0.9200,good,moderate
0.6400,0.3000,0.0600,1.438,3.067,15.333,800000,800000,800000,800000,0.9200,max,moderate
0.6400,0.3100,0.0500,1.438,2.968,18.400,800000,800000,800000,800000,0.9200,max,moderate
0.6400,0.3200,0.0400,1.438,2.875,23.000,800000,800000,800000,800000,0.9200,max,moderate
0.6400,0.3300,0.0300,1.438,2.788,30.667,800000,800000,800000,800000,0.9200,max,moderate
0.6400,0.3400,0.0200,1.438,2.706,46.000,800000,800000,800000,800000,0.9200,max,moderate
0.6400,0.3500,0.0100,1.438,2.629,92.000,800000,800000,800000,800000,0.9200,good,moderate
0.6400,0.3600,0.0000,1.438,2.556,999.000,800000,800000,10000000,800000,0.9200,max,moderate
0.6500,0.0000,0.3500,1.415,999.000,2.629,800000,10000000,800000,800000,0.9200,good,moderate
0.6500,0.0100,0.3400,1.415,92.000,2.706,800000,800000,800000,800000,0.9200,max,moderate
0.6500,0.0200,0.3300,1.415,46.000,2.788,800000,800000,800000,800000,0.9200,max,moderate
0.6500,0.0300,0.3200,1.415,30.667,2.875,800000,800000,800000,800000,0.9200,max,moderate
0.6500,0.0400,0.3100,1.415,23.000,2.968,800000,800000,800000,800000,0.9200,max,moderate
0.6500,0.0500,0.3000,1.415,18.400,3.067,800000,800000,800000,800000,0.9200,max,moderate
0.6500,0.0600,0.2900,1.415,15.333,3.172,800000,800000,800000,800000,0.9200,good,moderate
0.6500,0.0700,0.2800,1.415,13.143,3.286,800000,800000,800000,800000,0.9200,good,moderate
0.6500,0.0800,0.2700,1.415,11.500,3.407,800000,800000,800000,800000,0.9200,max,moderate
0.6500,0.0900,0.2600,1.415,10.222,3.538,800000,800000,800000,800000,0.9200,max,moderate
0.6500,0.1000,0.2500,1.415,9.200,3.680,800000,800000,800000,800000,0.9200,max,moderate
0.6500,0.1100,0.2400,1.415,8.364,3.833,800000,800000,800000,800000,0.9200,max,moderate
0.6500,0.1200,0.2300,1.415,7.667,4.000,800000,800000,800000,800000,0.9200,max,moderate
0.6500,0.1300,0.2200,1.415,7.077,4.182,800000,800000,800000,800000,0.9200,max,moderate
0.6500,0.1400,0.2100,1.415,6.571,4.381,800000,800000,800000,800000,0.9200,good,moderate
0.6500,0.1500,0.2000,1.415,6.133,4.600,800000,800000,800000,800000,0.9200,max,moderate
0.6500,0.1600,0.1900,1.415,5.750,4.842,800000,800000,800000,800000,0.9200,max,moderate
0.6500,0.1700,0.1800,1.415,5.412,5.111,800000,800000,800000,800000,0.9200,max,moderate
0.6500,0.1800,0.1700,1.415,5.111,5.412,800000,800000,800000,800000,0.9200,max,moderate
0.6500,0.1900,0.1600,1.415,4.842,5.750,800000,800000,800000,800000,0.9200,max,moderate
0.6500,0.2000,0.1500,1.415,4.600,6.133,800000,800000,800000,800000,0.9200,max,moderate
0.6500,0.2100,0.1400,1.415,4.381,6.571,800000,800000,800000,800000,0.9200,good,moderate
0.6500,0.2200,0.1300,1.415,4.182,7.077,800000,800000,800000,800000,0.9200,max,moderate
0.6500,0.2300,0.1200,1.415,4.000,7.667,800000,800000,800000,800000,0.9200,max,moderate
0.6500,0.2400,0.1100,1.415,3.833,8.364,800000,800000,800000,800000,0.9200,max,moderate
0.6500,0.2500,0.1000,1.415,3.680,9.200,800000,800000,800000,800000,0.9200,max,moderate
0.6500,0.2600,0.0900,1.415,3.538,10.222,800000,800000,800000,800000,0.9200,max,moderate
0.6500,0.2700,0.0800,1.415,3.407,11.500,800000,800000,800000,800000,0.9200,max,moderate
0.6500,0.2800,0.0700,1.415,3.286,13.143,800000,800000,800000,800000,0.9200,good,moderate
0.6500,0.2900,0.0600,1.415,3.172,15.333,800000,800000,800000,800000,0.9200,good,moderate
0.6500,0.3000,0.0500,1.415,3.067,18.400,800000,800000,800000,800000,0.9200,max,moderate
0.6500,0.3100,0.0400,1.415,2.968,23.000,800000,800000,800000,800000,0.9200,max,moderate
0.6500,0.3200,0.0300,1.415,2.875,30.667,800000,800000,800000,800000,0.9200,max,moderate
0.6500,0.3300,0.0200,1.415,2.788,46.000,800000,800000,800000,800000,0.9200,max,moderate
0.6500,0.3400,0.0100,1.415,2.706,92.000,800000,800000,800000,800000,0.9200,max,moderate
0.6500,0.3500,0.0000,1.415,2.629,999.000,800000,800000,10000000,800000,0.9200,good,moderate
0.6600,0.0000,0.3400,1.394,999.000,2.706,800000,10000000,800000,800000,0.9200,max,moderate
0.6600,0.0100,0.3300,1.394,92.000,2.788,800000,800000,800000,800000,0.9200,max,moderate
0.6600,0.0200,0.3200,1.394,46.000,2.875,800000,800000,800000,800000,0.9200,max,moderate
0.6600,0.0300,0.3100,1.394,30.667,2.968,800000,800000,800000,800000,0.9200,max,moderate
0.6600,0.0400,0.3000,1.394,23.000,3.067,800000,800000,800000,800000,0.9200,max,moderate
0.6600,0.0500,0.2900,1.394,18.400,3.172,800000,800000,800000,800000,0.9200,good,moderate
0.6600,0.0600,0.2800,1.394,15.333,3.286,800000,800000,800000,800000,0.9200,good,moderate
0.6600,0.0700,0.2700,1.394,13.143,3.407,800000,800000,800000,800000,0.9200,good,moderate
0.6600,0.0800,0.2600,1.394,11.500,3.538,800000,800000,800000,800000,0.9200,max,moderate
0.6600,0.0900,0.2500,1.394,10.222,3.680,800000,800000,800000,800000,0.9200,max,moderate
0.6600,0.1000,0.2400,1.394,9.200,3.833,800000,800000,800000,800000,0.9200,max,moderate
0.6600,0.1100,0.2300,1.394,8.364,4.000,800000,800000,800000,800000,0.9200,max,moderate
0.6600,0.1200,0.2200,1.394,7.667,4.182,800000,800000,800000,800000,0.9200,max,moderate
0.6600,0.1300,0.2100,1.394,7.077,4.381,800000,800000,800000,800000,0.9200,max,moderate
0.6600,0.1400,0.2000,1.394,6.571,4.600,800000,800000,800000,800000,0.9200,good,moderate
0.6600,0.1500,0.1900,1.394,6.133,4.842,800000,800000,800000,800000,0.9200,max,moderate
0.6600,0.1600,0.1800,1.394,5.750,5.111,800000,800000,800000,800000,0.9200,max,moderate
0.6600,0.1700,0.1700,1.394,5.412,5.412,800000,800000,800000,800000,0.9200,max,moderate
0.6600,0.1800,0.1600,1.394,5.111,5.750,800000,800000,800000,800000,0.9200,max,moderate
0.6600,0.1900,0.1500,1.394,4.842,6.133,800000,800000,800000,800000,0.9200,max,moderate
0.6600,0.2000,0.1400,1.394,4.600,6.571,800000,800000,800000,800000,0.9200,good,moderate
0.6600,0.2100,0.1300,1.394,4.381,7.077,800000,800000,800000,800000,0.9200,max,moderate
0.6600,0.2200,0.1200,1.394,4.182,7.667,800000,800000,800000,800000,0.9200,max,moderate
0.6600,0.2300,0.1100,1.394,4.000,8.364,800000,800000,800000,800000,0.9200,max,moderate
0.6600,0.2400,0.1000,1.394,3.833,9.200,800000,800000,800000,800000,0.9200,max,moderate
0.6600,0.2500,0.0900,1.394,3.680,10.222,800000,800000,800000,800000,0.9200,max,moderate
0.6600,0.2600,0.0800,1.394,3.538,11.500,800000,800000,800000,800000,0.9200,max,moderate
0.6600,0.2700,0.0700,1.394,3.407,13.143,800000,800000,800000,800000,0.9200,good,moderate
0.6600,0.2800,0.0600,1.394,3.286,15.333,800000,800000,800000,800000,0.9200,good,moderate
0.6600,0.2900,0.0500,1.394,3.172,18.400,800000,800000,800000,800000,0.9200,good,moderate
0.6600,0.3000,0.0400,1.394,3.067,23.000,800000,800000,800000,800000,0.9200,max,moderate
0.6600,0.3100,0.0300,1.394,2.968,30.667,800000,800000,800000,800000,0.9200,max,moderate
0.6600,0.3200,0.0200,1.394,2.875,46.000,800000,800000,800000,800000,0.9200,max,moderate
0.6600,0.3300,0.0100,1.394,2.788,92.000,800000,800000,800000,800000,0.9200,max,moderate
0.6600,0.3400,0.0000,1.394,2.706,999.000,800000,800000,10000000,800000,0.9200,max,moderate
0.6700,0.0000,0.3300,1.373,999.000,2.788,800000,10000000,800000,800000,0.9200,max,moderate
0.6700,0.0100,0.3200,1.373,92.000,2.875,800000,800000,800000,800000,0.9200,max,moderate
0.6700,0.0200,0.3100,1.373,46.000,2.968,800000,800000,800000,800000,0.9200,max,moderate
0.6700,0.0300,0.3000,1.373,30.667,3.067,800000,800000,800000,800000,0.9200,max,moderate
0.6700,0.0400,0.2900,1.373,23.000,3.172,800000,800000,800000,800000,0.9200,good,moderate
0.6700,0.0500,0.2800,1.373,18.400,3.286,800000,800000,800000,800000,0.9200,good,moderate
0.6700,0.0600,0.2700,1.373,15.333,3.407,800000,800000,800000,800000,0.9200,max,moderate
0.6700,0.0700,0.2600,1.373,13.143,3.538,800000,800000,800000,800000,0.9200,good,moderate
0.6700,0.0800,0.2500,1.373,11.500,3.680,800000,800000,800000,800000,0.9200,max,moderate
0.6700,0.0900,0.2400,1.373,10.222,3.833,800000,800000,800000,800000,0.9200,max,moderate
0.6700,0.1000,0.2300,1.373,9.200,4.000,800000,800000,800000,800000,0.9200,max,moderate
0.6700,0.1100,0.2200,1.373,8.364,4.182,800000,800000,800000,800000,0.9200,max,moderate
0.6700,0.1200,0.2100,1.373,7.667,4.381,800000,800000,800000,800000,0.9200,max,moderate
0.6700,0.1300,0.2000,1.373,7.077,4.600,800000,800000,800000,800000,0.9200,max,moderate
0.6700,0.1400,0.1900,1.373,6.571,4.842,800000,800000,800000,800000,0.9200,good,moderate
0.6700,0.1500,0.1800,1.373,6.133,5.111,800000,800000,800000,800000,0.9200,max,moderate
0.6700,0.1600,0.1700,1.373,5.750,5.412,800000,800000,800000,800000,0.9200,max,moderate
0.6700,0.1700,0.1600,1.373,5.412,5.750,800000,800000,800000,800000,0.9200,max,moderate
0.6700,0.1800,0.1500,1.373,5.111,6.133,800000,800000,800000,800000,0.9200,max,moderate
0.6700,0.1900,0.1400,1.373,4.842,6.571,800000,800000,800000,800000,0.9200,good,moderate
0.6700,0.2000,0.1300,1.373,4.600,7.077,800000,800000,800000,800000,0.9200,max,moderate
0.6700,0.2100,0.1200,1.373,4.381,7.667,800000,800000,800000,800000,0.9200,max,moderate
0.6700,0.2200,0.1100,1.373,4.182,8.364,800000,800000,800000,800000,0.9200,max,moderate
0.6700,0.2300,0.1000,1.373,4.000,9.200,800000,800000,800000,800000,0.9200,max,moderate
0.6700,0.2400,0.0900,1.373,3.833,10.222,800000,800000,800000,800000,0.9200,max,moderate
0.6700,0.2500,0.0800,1.373,3.680,11.500,800000,800000,800000,800000,0.9200,max,moderate
0.6700,0.2600,0.0700,1.373,3.538,13.143,800000,800000,800000,800000,0.9200,good,moderate
0.6700,0.2700,0.0600,1.373,3.407,15.333,800000,800000,800000,800000,0.9200,max,moderate
0.6700,0.2800,0.0500,1.373,3.286,18.400,800000,800000,800000,800000,0.9200,good,moderate
0.6700,0.2900,0.0400,1.373,3.172,23.000,800000,800000,800000,800000,0.9200,good,moderate
0.6700,0.3000,0.0300,1.373,3.067,30.667,800000,800000,800000,800000,0.9200,max,moderate
0.6700,0.3100,0.0200,1.373,2.968,46.000,800000,800000,800000,800000,0.9200,max,moderate
0.6700,0.3200,0.0100,1.373,2.875,92.000,800000,800000,800000,800000,0.9200,max,moderate
0.6700,0.3300,0.0000,1.373,2.788,999.000,800000,800000,10000000,800000,0.9200,max,moderate
0.6800,0.0000,0.3200,1.353,999.000,2.875,800000,10000000,800000,800000,0.9200,max,moderate
0.6800,0.0100,0.3100,1.353,92.000,2.968,800000,800000,800000,800000,0.9200,max,moderate
0.6800,0.0200,0.3000,1.353,46.000,3.067,800000,800000,800000,800000,0.9200,max,moderate
0.6800,0.0300,0.2900,1.353,30.667,3.172,800000,800000,800000,800000,0.9200,good,moderate
0.6800,0.0400,0.2800,1.353,23.000,3.286,800000,800000,800000,800000,0.9200,good,moderate
0.6800,0.0500,0.2700,1.353,18.400,3.407,800000,800000,800000,800000,0.9200,max,moderate
0.6800,0.0600,0.2600,1.353,15.333,3.538,800000,800000,800000,800000,0.9200,max,moderate
0.6800,0.0700,0.2500,1.353,13.143,3.680,800000,800000,800000,800000,0.9200,good,moderate
0.6800,0.0800,0.2400,1.353,11.500,3.833,800000,800000,800000,800000,0.9200,max,moderate
0.6800,0.0900,0.2300,1.353,10.222,4.000,800000,800000,800000,800000,0.9200,max,moderate
0.6800,0.1000,0.2200,1.353,9.200,4.182,800000,800000,800000,800000,0.9200,max,moderate
0.6800,0.1100,0.2100,1.353,8.364,4.381,800000,800000,800000,800000,0.9200,max,moderate
0.6800,0.1200,0.2000,1.353,7.667,4.600,800000,800000,800000,800000,0.9200,max,moderate
0.6800,0.1300,0.1900,1.353,7.077,4.842,800000,800000,800000,800000,0.9200,max,moderate
0.6800,0.1400,0.1800,1.353,6.571,5.111,800000,800000,800000,800000,0.9200,good,moderate
0.6800,0.1500,0.1700,1.353,6.133,5.412,800000,800000,800000,800000,0.9200,max,moderate
0.6800,0.1600,0.1600,1.353,5.750,5.750,800000,800000,800000,800000,0.9200,max,moderate
0.6800,0.1700,0.1500,1.353,5.412,6.133,800000,800000,800000,800000,0.9200,max,moderate
0.6800,0.1800,0.1400,1.353,5.111,6.571,800000,800000,800000,800000,0.9200,good,moderate
0.6800,0.1900,0.1300,1.353,4.842,7.077,800000,800000,800000,800000,0.9200,max,moderate
0.6800,0.2000,0.1200,1.353,4.600,7.667,800000,800000,800000,800000,0.9200,max,moderate
0.6800,0.2100,0.1100,1.353,4.381,8.364,800000,800000,800000,800000,0.9200,max,moderate
0.6800,0.2200,0.1000,1.353,4.182,9.200,800000,800000,800000,800000,0.9200,max,moderate
0.6800,0.2300,0.0900,1.353,4.000,10.222,800000,800000,800000,800000,0.9200,max,moderate
0.6800,0.2400,0.0800,1.353,3.833,11.500,800000,800000,800000,800000,0.9200,max,moderate
0.6800,0.2500,0.0700,1.353,3.680,13.143,800000,800000,800000,800000,0.9200,good,moderate
0.6800,0.2600,0.0600,1.353,3.538,15.333,800000,800000,800000,800000,0.9200,max,moderate
0.6800,0.2700,0.0500,1.353,3.407,18.400,800000,800000,800000,800000,0.9200,max,moderate
0.6800,0.2800,0.0400,1.353,3.286,23.000,800000,800000,800000,800000,0.9200,good,moderate
0.6800,0.2900,0.0300,1.353,3.172,30.667,800000,800000,800000,800000,0.9200,good,moderate
0.6800,0.3000,0.0200,1.353,3.067,46.000,800000,800000,800000,800000,0.9200,max,moderate
0.6800,0.3100,0.0100,1.353,2.968,92.000,800000,800000,800000,800000,0.9200,max,moderate
0.6800,0.3200,0.0000,1.353,2.875,999.000,800000,800000,10000000,800000,0.9200,max,moderate
0.6900,0.0000,0.3100,1.333,999.000,2.968,800000,10000000,800000,800000,0.9200,max,moderate
0.6900,0.0100,0.3000,1.333,92.000,3.067,800000,800000,800000,800000,0.9200,max,moderate
0.6900,0.0200,0.2900,1.333,46.000,3.172,800000,800000,800000,800000,0.9200,good,moderate
0.6900,0.0300,0.2800,1.333,30.667,3.286,800000,800000,800000,800000,0.9200,good,moderate
0.6900,0.0400,0.2700,1.333,23.000,3.407,800000,800000,800000,800000,0.9200,max,moderate
0.6900,0.0500,0.2600,1.333,18.400,3.538,800000,800000,800000,800000,0.9200,max,moderate
0.6900,0.0600,0.2500,1.333,15.333,3.680,800000,800000,800000,800000,0.9200,max,moderate
0.6900,0.0700,0.2400,1.333,13.143,3.833,800000,800000,800000,800000,0.9200,good,moderate
0.6900,0.0800,0.2300,1.333,11.500,4.000,800000,800000,800000,800000,0.9200,max,moderate
0.6900,0.0900,0.2200,1.333,10.222,4.182,800000,800000,800000,800000,0.9200,max,moderate
0.6900,0.1000,0.2100,1.333,9.200,4.381,800000,800000,800000,800000,0.9200,max,moderate
0.6900,0.1100,0.2000,1.333,8.364,4.600,800000,800000,800000,800000,0.9200,max,moderate
0.6900,0.1200,0.1900,1.333,7.667,4.842,800000,800000,800000,800000,0.9200,max,moderate
0.6900,0.1300,0.1800,1.333,7.077,5.111,800000,800000,800000,800000,0.9200,max,moderate
0.6900,0.1400,0.1700,1.333,6.571,5.412,800000,800000,800000,800000,0.9200,good,moderate
0.6900,0.1500,0.1600,1.333,6.133,5.750,800000,800000,800000,800000,0.9200,max,moderate
0.6900,0.1600,0.1500,1.333,5.750,6.133,800000,800000,800000,800000,0.9200,max,moderate
0.6900,0.1700,0.1400,1.333,5.412,6.571,800000,800000,800000,800000,0.9200,good,moderate
0.6900,0.1800,0.1300,1.333,5.111,7.077,800000,800000,800000,800000,0.9200,max,moderate
0.6900,0.1900,0.1200,1.333,4.842,7.667,800000,800000,800000,800000,0.9200,max,moderate
0.6900,0.2000,0.1100,1.333,4.600,8.364,800000,800000,800000,800000,0.9200,max,moderate
0.6900,0.2100,0.1000,1.333,4.381,9.200,800000,800000,800000,800000,0.9200,max,moderate
0.6900,0.2200,0.0900,1.333,4.182,10.222,800000,800000,800000,800000,0.9200,max,moderate
0.6900,0.2300,0.0800,1.333,4.000,11.500,800000,800000,800000,800000,0.9200,max,moderate
0.6900,0.2400,0.0700,1.333,3.833,13.143,800000,800000,800000,800000,0.9200,good,moderate
0.6900,0.2500,0.0600,1.333,3.680,15.333,800000,800000,800000,800000,0.9200,max,moderate
0.6900,0.2600,0.0500,1.333,3.538,18.400,800000,800000,800000,800000,0.9200,max,moderate
0.6900,0.2700,0.0400,1.333,3.407,23.000,800000,800000,800000,800000,0.9200,max,moderate
0.6900,0.2800,0.0300,1.333,3.286,30.667,800000,800000,800000,800000,0.9200,good,moderate
0.6900,0.2900,0.0200,1.333,3.172,46.000,800000,800000,800000,800000,0.9200,good,moderate
0.6900,0.3000,0.0100,1.333,3.067,92.000,800000,800000,800000,800000,0.9200,max,moderate
0.6900,0.3100,0.0000,1.333,2.968,999.000,800000,800000,10000000,800000,0.9200,max,moderate
0.7000,0.0000,0.3000,1.314,999.000,3.067,800000,10000000,800000,800000,0.9200,good,heavy
0.7000,0.0100,0.2900,1.314,92.000,3.172,800000,800000,800000,800000,0.9200,good,heavy
0.7000,0.0200,0.2800,1.314,46.000,3.286,800000,800000,800000,800000,0.9200,good,heavy
0.7000,0.0300,0.2700,1.314,30.667,3.407,800000,800000,800000,800000,0.9200,good,heavy
0.7000,0.0400,0.2600,1.314,23.000,3.538,800000,800000,800000,800000,0.9200,good,heavy
0.7000,0.0500,0.2500,1.314,18.400,3.680,800000,800000,800000,800000,0.9200,good,heavy
0.7000,0.0600,0.2400,1.314,15.333,3.833,800000,800000,800000,800000,0.9200,good,heavy
0.7000,0.0700,0.2300,1.314,13.143,4.000,800000,800000,800000,800000,0.9200,good,heavy
0.7000,0.0800,0.2200,1.314,11.500,4.182,800000,800000,800000,800000,0.9200,good,heavy
0.7000,0.0900,0.2100,1.314,10.222,4.381,800000,800000,800000,800000,0.9200,good,heavy
0.7000,0.1000,0.2000,1.314,9.200,4.600,800000,800000,800000,800000,0.9200,good,heavy
0.7000,0.1100,0.1900,1.314,8.364,4.842,800000,800000,800000,800000,0.9200,good,heavy
0.7000,0.1200,0.1800,1.314,7.667,5.111,800000,800000,800000,800000,0.9200,good,heavy
0.7000,0.1300,0.1700,1.314,7.077,5.412,800000,800000,800000,800000,0.9200,good,heavy
0.7000,0.1400,0.1600,1.314,6.571,5.750,800000,800000,800000,800000,0.9200,good,heavy
0.7000,0.1500,0.1500,1.314,6.133,6.133,800000,800000,800000,800000,0.9200,good,heavy
0.7000,0.1600,0.1400,1.314,5.750,6.571,800000,800000,800000,800000,0.9200,good,heavy
0.7000,0.1700,0.1300,1.314,5.412,7.077,800000,800000,800000,800000,0.9200,good,heavy
0.7000,0.1800,0.1200,1.314,5.111,7.667,800000,800000,800000,800000,0.9200,good,heavy
0.7000,0.1900,0.1100,1.314,4.842,8.364,800000,800000,800000,800000,0.9200,good,heavy
0.7000,0.2000,0.1000,1.314,4.600,9.200,800000,800000,800000,800000,0.9200,good,heavy
0.7000,0.2100,0.0900,1.314,4.381,10.222,800000,800000,800000,800000,0.9200,good,heavy
0.7000,0.2200,0.0800,1.314,4.182,11.500,800000,800000,800000,800000,0.9200,good,heavy
0.7000,0.2300,0.0700,1.314,4.000,13.143,800000,800000,800000,800000,0.9200,good,heavy
0.7000,0.2400,0.0600,1.314,3.833,15.333,800000,800000,800000,800000,0.9200,good,heavy
0.7000,0.2500,0.0500,1.314,3.680,18.400,800000,800000,800000,800000,0.9200,good,heavy
0.7000,0.2600,0.0400,1.314,3.538,23.000,800000,800000,800000,800000,0.9200,good,heavy
0.7000,0.2700,0.0300,1.314,3.407,30.667,800000,800000,800000,800000,0.9200,good,heavy
0.7000,0.2800,0.0200,1.314,3.286,46.000,800000,800000,800000,800000,0.9200,good,heavy
0.7000,0.2900,0.0100,1.314,3.172,92.000,800000,800000,800000,800000,0.9200,good,heavy
0.7000,0.3000,0.0000,1.314,3.067,999.000,800000,800000,10000000,800000,0.9200,good,heavy
0.7100,0.0000,0.2900,1.296,999.000,3.172,800000,10000000,800000,800000,0.9200,good,heavy
0.7100,0.0100,0.2800,1.296,92.000,3.286,800000,800000,800000,800000,0.9200,good,heavy
0.7100,0.0200,0.2700,1.296,46.000,3.407,800000,800000,800000,800000,0.9200,max,heavy
0.7100,0.0300,0.2600,1.296,30.667,3.538,800000,800000,800000,800000,0.9200,max,heavy
0.7100,0.0400,0.2500,1.296,23.000,3.680,800000,800000,800000,800000,0.9200,max,heavy
0.7100,0.0500,0.2400,1.296,18.400,3.833,800000,800000,800000,800000,0.9200,max,heavy
0.7100,0.0600,0.2300,1.296,15.333,4.000,800000,800000,800000,800000,0.9200,max,heavy
0.7100,0.0700,0.2200,1.296,13.143,4.182,800000,800000,800000,800000,0.9200,good,heavy
0.7100,0.0800,0.2100,1.296,11.500,4.381,800000,800000,800000,800000,0.9200,max,heavy
0.7100,0.0900,0.2000,1.296,10.222,4.600,800000,800000,800000,800000,0.9200,max,heavy
0.7100,0.1000,0.1900,1.296,9.200,4.842,800000,800000,800000,800000,0.9200,max,heavy
0.7100,0.1100,0.1800,1.296,8.364,5.111,800000,800000,800000,800000,0.9200,max,heavy
0.7100,0.1200,0.1700,1.296,7.667,5.412,800000,800000,800000,800000,0.9200,max,heavy
0.7100,0.1300,0.1600,1.296,7.077,5.750,800000,800000,800000,800000,0.9200,max,heavy
0.7100,0.1400,0.1500,1.296,6.571,6.133,800000,800000,800000,800000,0.9200,good,heavy
0.7100,0.1500,0.1400,1.296,6.133,6.571,800000,800000,800000,800000,0.9200,good,heavy
0.7100,0.1600,0.1300,1.296,5.750,7.077,800000,800000,800000,800000,0.9200,max,heavy
0.7100,0.1700,0.1200,1.296,5.412,7.667,800000,800000,800000,800000,0.9200,max,heavy
0.7100,0.1800,0.1100,1.296,5.111,8.364,800000,800000,800000,800000,0.9200,max,heavy
0.7100,0.1900,0.1000,1.296,4.842,9.200,800000,800000,800000,800000,0.9200,max,heavy
0.7100,0.2000,0.0900,1.296,4.600,10.222,800000,800000,800000,800000,0.9200,max,heavy
0.7100,0.2100,0.0800,1.296,4.381,11.500,800000,800000,800000,800000,0.9200,max,heavy
0.7100,0.2200,0.0700,1.296,4.182,13.143,800000,800000,800000,800000,0.9200,good,heavy
0.7100,0.2300,0.0600,1.296,4.000,15.333,800000,800000,800000,800000,0.9200,max,heavy
0.7100,0.2400,0.0500,1.296,3.833,18.400,800000,800000,800000,800000,0.9200,max,heavy
0.7100,0.2500,0.0400,1.296,3.680,23.000,800000,800000,800000,800000,0.9200,max,heavy
0.7100,0.2600,0.0300,1.296,3.538,30.667,800000,800000,800000,800000,0.9200,max,heavy
0.7100,0.2700,0.0200,1.296,3.407,46.000,800000,800000,800000,800000,0.9200,max,heavy
0.7100,0.2800,0.0100,1.296,3.286,92.000,800000,800000,800000,800000,0.9200,good,heavy
0.7100,0.2900,0.0000,1.296,3.172,999.000,800000,800000,10000000,800000,0.9200,good,heavy
0.7200,0.0000,0.2800,1.278,999.000,3.286,800000,10000000,800000,800000,0.9200,good,heavy
0.7200,0.0100,0.2700,1.278,92.000,3.407,800000,800000,800000,800000,0.9200,max,heavy
0.7200,0.0200,0.2600,1.278,46.000,3.538,800000,800000,800000,800000,0.9200,max,heavy
0.7200,0.0300,0.2500,1.278,30.667,3.680,800000,800000,800000,800000,0.9200,max,heavy
0.7200,0.0400,0.2400,1.278,23.000,3.833,800000,800000,800000,800000,0.9200,max,heavy
0.7200,0.0500,0.2300,1.278,18.400,4.000,800000,800000,800000,800000,0.9200,max,heavy
0.7200,0.0600,0.2200,1.278,15.333,4.182,800000,800000,800000,800000,0.9200,max,heavy
0.7200,0.0700,0.2100,1.278,13.143,4.381,800000,800000,800000,800000,0.9200,good,heavy
0.7200,0.0800,0.2000,1.278,11.500,4.600,800000,800000,800000,800000,0.9200,max,heavy
0.7200,0.0900,0.1900,1.278,10.222,4.842,800000,800000,800000,800000,0.9200,max,heavy
0.7200,0.1000,0.1800,1.278,9.200,5.111,800000,800000,800000,800000,0.9200,max,heavy
0.7200,0.1100,0.1700,1.278,8.364,5.412,800000,800000,800000,800000,0.9200,max,heavy
0.7200,0.1200,0.1600,1.278,7.667,5.750,800000,800000,800000,800000,0.9200,max,heavy
0.7200,0.1300,0.1500,1.278,7.077,6.133,800000,800000,800000,800000,0.9200,max,heavy
0.7200,0.1400,0.1400,1.278,6.571,6.571,800000,800000,800000,800000,0.9200,good,heavy
0.7200,0.1500,0.1300,1.278,6.133,7.077,800000,800000,800000,800000,0.9200,max,heavy
0.7200,0.1600,0.1200,1.278,5.750,7.667,800000,800000,800000,800000,0.9200,max,heavy
0.7200,0.1700,0.1100,1.278,5.412,8.364,800000,800000,800000,800000,0.9200,max,heavy
0.7200,0.1800,0.1000,1.278,5.111,9.200,800000,800000,800000,800000,0.9200,max,heavy
0.7200,0.1900,0.0900,1.278,4.842,10.222,800000,800000,800000,800000,0.9200,max,heavy
0.7200,0.2000,0.0800,1.278,4.600,11.500,800000,800000,800000,800000,0.9200,max,heavy
0.7200,0.2100,0.0700,1.278,4.381,13.143,800000,800000,800000,800000,0.9200,good,heavy
0.7200,0.2200,0.0600,1.278,4.182,15.333,800000,800000,800000,800000,0.9200,max,heavy
0.7200,0.2300,0.0500,1.278,4.000,18.400,800000,800000,800000,800000,0.9200,max,heavy
0.7200,0.2400,0.0400,1.278,3.833,23.000,800000,800000,800000,800000,0.9200,max,heavy
0.7200,0.2500,0.0300,1.278,3.680,30.667,800000,800000,800000,800000,0.9200,max,heavy
0.7200,0.2600,0.0200,1.278,3.538,46.000,800000,800000,800000,800000,0.9200,max,heavy
0.7200,0.2700,0.0100,1.278,3.407,92.000,800000,800000,800000,800000,0.9200,max,heavy
0.7200,0.2800,0.0000,1.278,3.286,999.000,800000,800000,10000000,800000,0.9200,good,heavy
0.7300,0.0000,0.2700,1.260,999.000,3.407,800000,10000000,800000,800000,0.9200,good,heavy
0.7300,0.0100,0.2600,1.260,92.000,3.538,800000,800000,800000,800000,0.9200,good,heavy
0.7300,0.0200,0.2500,1.260,46.000,3.680,800000,800000,800000,800000,0.9200,good,heavy
0.7300,0.0300,0.2400,1.260,30.667,3.833,800000,800000,800000,800000,0.9200,good,heavy
0.7300,0.0400,0.2300,1.260,23.000,4.000,800000,800000,800000,800000,0.9200,good,heavy
0.7300,0.0500,0.2200,1.260,18.400,4.182,800000,800000,800000,800000,0.9200,good,heavy
0.7300,0.0600,0.2100,1.260,15.333,4.381,800000,800000,800000,800000,0.9200,good,heavy
0.7300,0.0700,0.2000,1.260,13.143,4.600,800000,800000,800000,800000,0.9200,good,heavy
0.7300,0.0800,0.1900,1.260,11.500,4.842,800000,800000,800000,800000,0.9200,good,heavy
0.7300,0.0900,0.1800,1.260,10.222,5.111,800000,800000,800000,800000,0.9200,good,heavy
0.7300,0.1000,0.1700,1.260,9.200,5.412,800000,800000,800000,800000,0.9200,good,heavy
0.7300,0.1100,0.1600,1.260,8.364,5.750,800000,800000,800000,800000,0.9200,good,heavy
0.7300,0.1200,0.1500,1.260,7.667,6.133,800000,800000,800000,800000,0.9200,good,heavy
0.7300,0.1300,0.1400,1.260,7.077,6.571,800000,800000,800000,800000,0.9200,good,heavy
0.7300,0.1400,0.1300,1.260,6.571,7.077,800000,800000,800000,800000,0.9200,good,heavy
0.7300,0.1500,0.1200,1.260,6.133,7.667,800000,800000,800000,800000,0.9200,good,heavy
0.7300,0.1600,0.1100,1.260,5.750,8.364,800000,800000,800000,800000,0.9200,good,heavy
0.7300,0.1700,0.1000,1.260,5.412,9.200,800000,800000,800000,800000,0.9200,good,heavy
0.7300,0.1800,0.0900,1.260,5.111,10.222,800000,800000,800000,800000,0.9200,good,heavy
0.7300,0.1900,0.0800,1.260,4.842,11.500,800000,800000,800000,800000,0.9200,good,heavy
0.7300,0.2000,0.0700,1.260,4.600,13.143,800000,800000,800000,800000,0.9200,good,heavy
0.7300,0.2100,0.0600,1.260,4.381,15.333,800000,800000,800000,800000,0.9200,good,heavy
0.7300,0.2200,0.0500,1.260,4.182,18.400,800000,800000,800000,800000,0.9200,good,heavy
0.7300,0.2300,0.0400,1.260,4.000,23.000,800000,800000,800000,800000,0.9200,good,heavy
0.7300,0.2400,0.0300,1.260,3.833,30.667,800000,800000,800000,800000,0.9200,good,heavy
0.7300,0.2500,0.0200,1.260,3.680,46.000,800000,800000,800000,800000,0.9200,good,heavy
0.7300,0.2600,0.0100,1.260,3.538,92.000,800000,800000,800000,800000,0.9200,good,heavy
0.7300,0.2700,0.0000,1.260,3.407,999.000,800000,800000,10000000,800000,0.9200,good,heavy
0.7400,0.0000,0.2600,1.243,999.000,3.538,800000,10000000,800000,800000,0.9200,max,heavy
0.7400,0.0100,0.2500,1.243,92.000,3.680,800000,800000,800000,800000,0.9200,max,heavy
0.7400,0.0200,0.2400,1.243,46.000,3.833,800000,800000,800000,800000,0.9200,max,heavy
0.7400,0.0300,0.2300,1.243,30.667,4.000,800000,800000,800000,800000,0.9200,max,heavy
0.7400,0.0400,0.2200,1.243,23.000,4.182,800000,800000,800000,800000,0.9200,max,heavy
0.7400,0.0500,0.2100,1.243,18.400,4.381,800000,800000,800000,800000,0.9200,max,heavy
0.7400,0.0600,0.2000,1.243,15.333,4.600,800000,800000,800000,800000,0.9200,max,heavy
0.7400,0.0700,0.1900,1.243,13.143,4.842,800000,800000,800000,800000,0.9200,good,heavy
0.7400,0.0800,0.1800,1.243,11.500,5.111,800000,800000,800000,800000,0.9200,max,heavy
0.7400,0.0900,0.1700,1.243,10.222,5.412,800000,800000,800000,800000,0.9200,max,heavy
0.7400,0.1000,0.1600,1.243,9.200,5.750,800000,800000,800000,800000,0.9200,max,heavy
0.7400,0.1100,0.1500,1.243,8.364,6.133,800000,800000,800000,800000,0.9200,max,heavy
0.7400,0.1200,0.1400,1.243,7.667,6.571,800000,800000,800000,800000,0.9200,good,heavy
0.7400,0.1300,0.1300,1.243,7.077,7.077,800000,800000,800000,800000,0.9200,max,heavy
0.7400,0.1400,0.1200,1.243,6.571,7.667,800000,800000,800000,800000,0.9200,good,heavy
0.7400,0.1500,0.1100,1.243,6.133,8.364,800000,800000,800000,800000,0.9200,max,heavy
0.7400,0.1600,0.1000,1.243,5.750,9.200,800000,800000,800000,800000,0.9200,max,heavy
0.7400,0.1700,0.0900,1.243,5.412,10.222,800000,800000,800000,800000,0.9200,max,heavy
0.7400,0.1800,0.0800,1.243,5.111,11.500,800000,800000,800000,800000,0.9200,max,heavy
0.7400,0.1900,0.0700,1.243,4.842,13.143,800000,800000,800000,800000,0.9200,good,heavy
0.7400,0.2000,0.0600,1.243,4.600,15.333,800000,800000,800000,800000,0.9200,max,heavy
0.7400,0.2100,0.0500,1.243,4.381,18.400,800000,800000,800000,800000,0.9200,max,heavy
0.7400,0.2200,0.0400,1.243,4.182,23.000,800000,800000,800000,800000,0.9200,max,heavy
0.7400,0.2300,0.0300,1.243,4.000,30.667,800000,800000,800000,800000,0.9200,max,heavy
0.7400,0.2400,0.0200,1.243,3.833,46.000,800000,800000,800000,800000,0.9200,max,heavy
0.7400,0.2500,0.0100,1.243,3.680,92.000,800000,800000,800000,800000,0.9200,max,heavy
0.7400,0.2600,0.0000,1.243,3.538,999.000,800000,800000,10000000,800000,0.9200,max,heavy
0.7500,0.0000,0.2500,1.227,999.000,3.680,800000,10000000,800000,800000,0.9200,good,heavy
0.7500,0.0100,0.2400,1.227,92.000,3.833,800000,800000,800000,800000,0.9200,good,heavy
0.7500,0.0200,0.2300,1.227,46.000,4.000,800000,800000,800000,800000,0.9200,good,heavy
0.7500,0.0300,0.2200,1.227,30.667,4.182,800000,800000,800000,800000,0.9200,good,heavy
0.7500,0.0400,0.2100,1.227,23.000,4.381,800000,800000,800000,800000,0.9200,good,heavy
0.7500,0.0500,0.2000,1.227,18.400,4.600,800000,800000,800000,800000,0.9200,good,heavy
0.7500,0.0600,0.1900,1.227,15.333,4.842,800000,800000,800000,800000,0.9200,good,heavy
0.7500,0.0700,0.1800,1.227,13.143,5.111,800000,800000,800000,800000,0.9200,good,heavy
0.7500,0.0800,0.1700,1.227,11.500,5.412,800000,800000,800000,800000,0.9200,good,heavy
0.7500,0.0900,0.1600,1.227,10.222,5.750,800000,800000,800000,800000,0.9200,good,heavy
0.7500,0.1000,0.1500,1.227,9.200,6.133,800000,800000,800000,800000,0.9200,good,heavy
0.7500,0.1100,0.1400,1.227,8.364,6.571,800000,800000,800000,800000,0.9200,good,heavy
0.7500,0.1200,0.1300,1.227,7.667,7.077,800000,800000,800000,800000,0.9200,good,heavy
0.7500,0.1300,0.1200,1.227,7.077,7.667,800000,800000,800000,800000,0.9200,good,heavy
0.7500,0.1400,0.1100,1.227,6.571,8.364,800000,800000,800000,800000,0.9200,good,heavy
0.7500,0.1500,0.1000,1.227,6.133,9.200,800000,800000,800000,800000,0.9200,good,heavy
0.7500,0.1600,0.0900,1.227,5.750,10.222,800000,800000,800000,800000,0.9200,good,heavy
0.7500,0.1700,0.0800,1.227,5.412,11.500,800000,800000,800000,800000,0.9200,good,heavy
0.7500,0.1800,0.0700,1.227,5.111,13.143,800000,800000,800000,800000,0.9200,good,heavy
0.7500,0.1900,0.0600,1.227,4.842,15.333,800000,800000,800000,800000,0.9200,good,heavy
0.7500,0.2000,0.0500,1.227,4.600,18.400,800000,800000,800000,800000,0.9200,good,heavy
0.7500,0.2100,0.0400,1.227,4.381,23.000,800000,800000,800000,800000,0.9200,good,heavy
0.7500,0.2200,0.0300,1.227,4.182,30.667,800000,800000,800000,800000,0.9200,good,heavy
0.7500,0.2300,0.0200,1.227,4.000,46.000,800000,800000,800000,800000,0.9200,good,heavy
0.7500,0.2400,0.0100,1.227,3.833,92.000,800000,800000,800000,800000,0.9200,good,heavy
0.7500,0.2500,0.0000,1.227,3.680,999.000,800000,800000,10000000,800000,0.9200,good,heavy
0.7600,0.0000,0.2400,1.211,999.000,3.833,800000,10000000,800000,800000,0.9200,max,heavy
0.7600,0.0100,0.2300,1.211,92.000,4.000,800000,800000,800000,800000,0.9200,max,heavy
0.7600,0.0200,0.2200,1.211,46.000,4.182,800000,800000,800000,800000,0.9200,max,heavy
0.7600,0.0300,0.2100,1.211,30.667,4.381,800000,800000,800000,800000,0.9200,max,heavy
0.7600,0.0400,0.2000,1.211,23.000,4.600,800000,800000,800000,800000,0.9200,max,heavy
0.7600,0.0500,0.1900,1.211,18.400,4.842,800000,800000,800000,800000,0.9200,max,heavy
0.7600,0.0600,0.1800,1.211,15.333,5.111,800000,800000,800000,800000,0.9200,max,heavy
0.7600,0.0700,0.1700,1.211,13.143,5.412,800000,800000,800000,800000,0.9200,good,heavy
0.7600,0.0800,0.1600,1.211,11.500,5.750,800000,800000,800000,800000,0.9200,max,heavy
0.7600,0.0900,0.1500,1.211,10.222,6.133,800000,800000,800000,800000,0.9200,max,heavy
0.7600,0.1000,0.1400,1.211,9.200,6.571,800000,800000,800000,800000,0.9200,good,heavy
0.7600,0.1100,0.1300,1.211,8.364,7.077,800000,800000,800000,800000,0.9200,max,heavy
0.7600,0.1200,0.1200,1.211,7.667,7.667,800000,800000,800000,800000,0.9200,max,heavy
0.7600,0.1300,0.1100,1.211,7.077,8.364,800000,800000,800000,800000,0.9200,max,heavy
0.7600,0.1400,0.1000,1.211,6.571,9.200,800000,800000,800000,800000,0.9200,good,heavy
0.7600,0.1500,0.0900,1.211,6.133,10.222,800000,800000,800000,800000,0.9200,max,heavy
0.7600,0.1600,0.0800,1.211,5.750,11.500,800000,800000,800000,800000,0.9200,max,heavy
0.7600,0.1700,0.0700,1.211,5.412,13.143,800000,800000,800000,800000,0.9200,good,heavy
0.7600,0.1800,0.0600,1.211,5.111,15.333,800000,800000,800000,800000,0.9200,max,heavy
0.7600,0.1900,0.0500,1.211,4.842,18.400,800000,800000,800000,800000,0.9200,max,heavy
0.7600,0.2000,0.0400,1.211,4.600,23.000,800000,800000,800000,800000,0.9200,max,heavy
0.7600,0.2100,0.0300,1.211,4.381,30.667,800000,800000,800000,800000,0.9200,max,heavy
0.7600,0.2200,0.0200,1.211,4.182,46.000,800000,800000,800000,800000,0.9200,max,heavy
0.7600,0.2300,0.0100,1.211,4.000,92.000,800000,800000,800000,800000,0.9200,max,heavy
0.7600,0.2400,0.0000,1.211,3.833,999.000,800000,800000,10000000,800000,0.9200,max,heavy
0.7700,0.0000,0.2300,1.195,999.000,4.000,800000,10000000,800000,800000,0.9200,max,heavy
0.7700,0.0100,0.2200,1.195,92.000,4.182,800000,800000,800000,800000,0.9200,max,heavy
0.7700,0.0200,0.2100,1.195,46.000,4.381,800000,800000,800000,800000,0.9200,max,heavy
0.7700,0.0300,0.2000,1.195,30.667,4.600,800000,800000,800000,800000,0.9200,max,heavy
0.7700,0.0400,0.1900,1.195,23.000,4.842,800000,800000,800000,800000,0.9200,max,heavy
0.7700,0.0500,0.1800,1.195,18.400,5.111,800000,800000,800000,800000,0.9200,max,heavy
0.7700,0.0600,0.1700,1.195,15.333,5.412,800000,800000,800000,800000,0.9200,max,heavy
0.7700,0.0700,0.1600,1.195,13.143,5.750,800000,800000,800000,800000,0.9200,good,heavy
0.7700,0.0800,0.1500,1.195,11.500,6.133,800000,800000,800000,800000,0.9200,max,heavy
0.7700,0.0900,0.1400,1.195,10.222,6.571,800000,800000,800000,800000,0.9200,good,heavy
0.7700,0.1000,0.1300,1.195,9.200,7.077,800000,800000,800000,800000,0.9200,max,heavy
0.7700,0.1100,0.1200,1.195,8.364,7.667,800000,800000,800000,800000,0.9200,max,heavy
0.7700,0.1200,0.1100,1.195,7.667,8.364,800000,800000,800000,800000,0.9200,max,heavy
0.7700,0.1300,0.1000,1.195,7.077,9.200,800000,800000,800000,800000,0.9200,max,heavy
0.7700,0.1400,0.0900,1.195,6.571,10.222,800000,800000,800000,800000,0.9200,good,heavy
0.7700,0.1500,0.0800,1.195,6.133,11.500,800000,800000,800000,800000,0.9200,max,heavy
0.7700,0.1600,0.0700,1.195,5.750,13.143,800000,800000,800000,800000,0.9200,good,heavy
0.7700,0.1700,0.0600,1.195,5.412,15.333,800000,800000,800000,800000,0.9200,max,heavy
0.7700,0.1800,0.0500,1.195,5.111,18.400,800000,800000,800000,800000,0.9200,max,heavy
0.7700,0.1900,0.0400,1.195,4.842,23.000,800000,800000,800000,800000,0.9200,max,heavy
0.7700,0.2000,0.0300,1.195,4.600,30.667,800000,800000,800000,800000,0.9200,max,heavy
0.7700,0.2100,0.0200,1.195,4.381,46.000,800000,800000,800000,800000,0.9200,max,heavy
0.7700,0.2200,0.0100,1.195,4.182,92.000,800000,800000,800000,800000,0.9200,max,heavy
0.7700,0.2300,0.0000,1.195,4.000,999.000,800000,800000,10000000,800000,0.9200,max,heavy
0.7800,0.0000,0.2200,1.179,999.000,4.182,800000,10000000,800000,800000,0.9200,max,heavy
0.7800,0.0100,0.2100,1.179,92.000,4.381,800000,800000,800000,800000,0.9200,max,heavy
0.7800,0.0200,0.2000,1.179,46.000,4.600,800000,800000,800000,800000,0.9200,max,heavy
0.7800,0.0300,0.1900,1.179,30.667,4.842,800000,800000,800000,800000,0.9200,max,heavy
0.7800,0.0400,0.1800,1.179,23.000,5.111,800000,800000,800000,800000,0.9200,max,heavy
0.7800,0.0500,0.1700,1.179,18.400,5.412,800000,800000,800000,800000,0.9200,max,heavy
0.7800,0.0600,0.1600,1.179,15.333,5.750,800000,800000,800000,800000,0.9200,max,heavy
0.7800,0.0700,0.1500,1.179,13.143,6.133,800000,800000,800000,800000,0.9200,good,heavy
0.7800,0.0800,0.1400,1.179,11.500,6.571,800000,800000,800000,800000,0.9200,good,heavy
0.7800,0.0900,0.1300,1.179,10.222,7.077,800000,800000,800000,800000,0.9200,max,heavy
0.7800,0.1000,0.1200,1.179,9.200,7.667,800000,800000,800000,800000,0.9200,max,heavy
0.7800,0.1100,0.1100,1.179,8.364,8.364,800000,800000,800000,800000,0.9200,max,heavy
0.7800,0.1200,0.1000,1.179,7.667,9.200,800000,800000,800000,800000,0.9200,max,heavy
0.7800,0.1300,0.0900,1.179,7.077,10.222,800000,800000,800000,800000,0.9200,max,heavy
0.7800,0.1400,0.0800,1.179,6.571,11.500,800000,800000,800000,800000,0.9200,good,heavy
0.7800,0.1500,0.0700,1.179,6.133,13.143,800000,800000,800000,800000,0.9200,good,heavy
0.7800,0.1600,0.0600,1.179,5.750,15.333,800000,800000,800000,800000,0.9200,max,heavy
0.7800,0.1700,0.0500,1.179,5.412,18.400,800000,800000,800000,800000,0.9200,max,heavy
0.7800,0.1800,0.0400,1.179,5.111,23.000,800000,800000,800000,800000,0.9200,max,heavy
0.7800,0.1900,0.0300,1.179,4.842,30.667,800000,800000,800000,800000,0.9200,max,heavy
0.7800,0.2000,0.0200,1.179,4.600,46.000,800000,800000,800000,800000,0.9200,max,heavy
0.7800,0.2100,0.0100,1.179,4.381,92.000,800000,800000,800000,800000,0.9200,max,heavy
0.7800,0.2200,0.0000,1.179,4.182,999.000,800000,800000,10000000,800000,0.9200,max,heavy
0.7900,0.0000,0.2100,1.165,999.000,4.381,800000,10000000,800000,800000,0.9200,max,heavy
0.7900,0.0100,0.2000,1.165,92.000,4.600,800000,800000,800000,800000,0.9200,max,heavy
0.7900,0.0200,0.1900,1.165,46.000,4.842,800000,800000,800000,800000,0.9200,max,heavy
0.7900,0.0300,0.1800,1.165,30.667,5.111,800000,800000,800000,800000,0.9200,max,heavy
0.7900,0.0400,0.1700,1.165,23.000,5.412,800000,800000,800000,800000,0.9200,max,heavy
0.7900,0.0500,0.1600,1.165,18.400,5.750,800000,800000,800000,800000,0.9200,max,heavy
0.7900,0.0600,0.1500,1.165,15.333,6.133,800000,800000,800000,800000,0.9200,max,heavy
0.7900,0.0700,0.1400,1.165,13.143,6.571,800000,800000,800000,800000,0.9200,good,heavy
0.7900,0.0800,0.1300,1.165,11.500,7.077,800000,800000,800000,800000,0.9200,max,heavy
0.7900,0.0900,0.1200,1.165,10.222,7.667,800000,800000,800000,800000,0.9200,max,heavy
0.7900,0.1000,0.1100,1.165,9.200,8.364,800000,800000,800000,800000,0.9200,max,heavy
0.7900,0.1100,0.1000,1.165,8.364,9.200,800000,800000,800000,800000,0.9200,max,heavy
0.7900,0.1200,0.0900,1.165,7.667,10.222,800000,800000,800000,800000,0.9200,max,heavy
0.7900,0.1300,0.0800,1.165,7.077,11.500,800000,800000,800000,800000,0.9200,max,heavy
0.7900,0.1400,0.0700,1.165,6.571,13.143,800000,800000,800000,800000,0.9200,good,heavy
0.7900,0.1500,0.0600,1.165,6.133,15.333,800000,800000,800000,800000,0.9200,max,heavy
0.7900,0.1600,0.0500,1.165,5.750,18.400,800000,800000,800000,800000,0.9200,max,heavy
0.7900,0.1700,0.0400,1.165,5.412,23.000,800000,800000,800000,800000,0.9200,max,heavy
0.7900,0.1800,0.0300,1.165,5.111,30.667,800000,800000,800000,800000,0.9200,max,heavy
0.7900,0.1900,0.0200,1.165,4.842,46.000,800000,800000,800000,800000,0.9200,max,heavy
0.7900,0.2000,0.0100,1.165,4.600,92.000,800000,800000,800000,800000,0.9200,max,heavy
0.7900,0.2100,0.0000,1.165,4.381,999.000,800000,800000,10000000,800000,0.9200,max,heavy
0.8000,0.0000,0.2000,1.150,999.000,4.600,800000,10000000,800000,800000,0.9200,max,heavy
0.8000,0.0100,0.1900,1.150,92.000,4.842,800000,800000,800000,800000,0.9200,max,heavy
0.8000,0.0200,0.1800,1.150,46.000,5.111,800000,800000,800000,800000,0.9200,max,heavy
0.8000,0.0300,0.1700,1.150,30.667,5.412,800000,800000,800000,800000,0.9200,max,heavy
0.8000,0.0400,0.1600,1.150,23.000,5.750,800000,800000,800000,800000,0.9200,max,heavy
0.8000,0.0500,0.1500,1.150,18.400,6.133,800000,800000,800000,800000,0.9200,max,heavy
0.8000,0.0600,0.1400,1.150,15.333,6.571,800000,800000,800000,800000,0.9200,good,heavy
0.8000,0.0700,0.1300,1.150,13.143,7.077,800000,800000,800000,800000,0.9200,good,heavy
0.8000,0.0800,0.1200,1.150,11.500,7.667,800000,800000,800000,800000,0.9200,max,heavy
0.8000,0.0900,0.1100,1.150,10.222,8.364,800000,800000,800000,800000,0.9200,max,heavy
0.8000,0.1000,0.1000,1.150,9.200,9.200,800000,800000,800000,800000,0.9200,max,heavy
0.8000,0.1100,0.0900,1.150,8.364,10.222,800000,800000,800000,800000,0.9200,max,heavy
0.8000,0.1200,0.0800,1.150,7.667,11.500,800000,800000,800000,800000,0.9200,max,heavy
0.8000,0.1300,0.0700,1.150,7.077,13.143,800000,800000,800000,800000,0.9200,good,heavy
0.8000,0.1400,0.0600,1.150,6.571,15.333,800000,800000,800000,800000,0.9200,good,heavy
0.8000,0.1500,0.0500,1.150,6.133,18.400,800000,800000,800000,800000,0.9200,max,heavy
0.8000,0.1600,0.0400,1.150,5.750,23.000,800000,800000,800000,800000,0.9200,max,heavy
0.8000,0.1700,0.0300,1.150,5.412,30.667,800000,800000,800000,800000,0.9200,max,heavy
0.8000,0.1800,0.0200,1.150,5.111,46.000,800000,800000,800000,800000,0.9200,max,heavy
0.8000,0.1900,0.0100,1.150,4.842,92.000,800000,800000,800000,800000,0.9200,max,heavy
0.8000,0.2000,0.0000,1.150,4.600,999.000,800000,800000,10000000,800000,0.9200,max,heavy
0.8100,0.0000,0.1900,1.136,999.000,4.842,800000,10000000,800000,800000,0.9200,max,heavy
0.8100,0.0100,0.1800,1.136,92.000,5.111,800000,800000,800000,800000,0.9200,max,heavy
0.8100,0.0200,0.1700,1.136,46.000,5.412,800000,800000,800000,800000,0.9200,max,heavy
0.8100,0.0300,0.1600,1.136,30.667,5.750,800000,800000,800000,800000,0.9200,max,heavy
0.8100,0.0400,0.1500,1.136,23.000,6.133,800000,800000,800000,800000,0.9200,max,heavy
0.8100,0.0500,0.1400,1.136,18.400,6.571,800000,800000,800000,800000,0.9200,good,heavy
0.8100,0.0600,0.1300,1.136,15.333,7.077,800000,800000,800000,800000,0.9200,max,heavy
0.8100,0.0700,0.1200,1.136,13.143,7.667,800000,800000,800000,800000,0.9200,good,heavy
0.8100,0.0800,0.1100,1.136,11.500,8.364,800000,800000,800000,800000,0.9200,max,heavy
0.8100,0.0900,0.1000,1.136,10.222,9.200,800000,800000,800000,800000,0.9200,max,heavy
0.8100,0.1000,0.0900,1.136,9.200,10.222,800000,800000,800000,800000,0.9200,max,heavy
0.8100,0.1100,0.0800,1.136,8.364,11.500,800000,800000,800000,800000,0.9200,max,heavy
0.8100,0.1200,0.0700,1.136,7.667,13.143,800000,800000,800000,800000,0.9200,good,heavy
0.8100,0.1300,0.0600,1.136,7.077,15.333,800000,800000,800000,800000,0.9200,max,heavy
0.8100,0.1400,0.0500,1.136,6.571,18.400,800000,800000,800000,800000,0.9200,good,heavy
0.8100,0.1500,0.0400,1.136,6.133,23.000,800000,800000,800000,800000,0.9200,max,heavy
0.8100,0.1600,0.0300,1.136,5.750,30.667,800000,800000,800000,800000,0.9200,max,heavy
0.8100,0.1700,0.0200,1.136,5.412,46.000,800000,800000,800000,800000,0.9200,max,heavy
0.8100,0.1800,0.0100,1.136,5.111,92.000,800000,800000,800000,800000,0.9200,max,heavy
0.8100,0.1900,0.0000,1.136,4.842,999.000,800000,800000,10000000,800000,0.9200,max,heavy
0.8200,0.0000,0.1800,1.122,999.000,5.111,800000,10000000,800000,800000,0.9200,max,heavy
0.8200,0.0100,0.1700,1.122,92.000,5.412,800000,800000,800000,800000,0.9200,max,heavy
0.8200,0.0200,0.1600,1.122,46.000,5.750,800000,800000,800000,800000,0.9200,max,heavy
0.8200,0.0300,0.1500,1.122,30.667,6.133,800000,800000,800000,800000,0.9200,max,heavy
0.8200,0.0400,0.1400,1.122,23.000,6.571,800000,800000,800000,800000,0.9200,good,heavy
0.8200,0.0500,0.1300,1.122,18.400,7.077,800000,800000,800000,800000,0.9200,max,heavy
0.8200,0.0600,0.1200,1.122,15.333,7.667,800000,800000,800000,800000,0.9200,max,heavy
0.8200,0.0700,0.1100,1.122,13.143,8.364,800000,800000,800000,800000,0.9200,good,heavy
0.8200,0.0800,0.1000,1.122,11.500,9.200,800000,800000,800000,800000,0.9200,max,heavy
0.8200,0.0900,0.0900,1.122,10.222,10.222,800000,800000,800000,800000,0.9200,max,heavy
0.8200,0.1000,0.0800,1.122,9.200,11.500,800000,800000,800000,800000,0.9200,max,heavy
0.8200,0.1100,0.0700,1.122,8.364,13.143,800000,800000,800000,800000,0.9200,good,heavy
0.8200,0.1200,0.0600,1.122,7.667,15.333,800000,800000,800000,800000,0.9200,max,heavy
0.8200,0.1300,0.0500,1.122,7.077,18.400,800000,800000,800000,800000,0.9200,max,heavy
0.8200,0.1400,0.0400,1.122,6.571,23.000,800000,800000,800000,800000,0.9200,good,heavy
0.8200,0.1500,0.0300,1.122,6.133,30.667,800000,800000,800000,800000,0.9200,max,heavy
0.8200,0.1600,0.0200,1.122,5.750,46.000,800000,800000,800000,800000,0.9200,max,heavy
0.8200,0.1700,0.0100,1.122,5.412,92.000,800000,800000,800000,800000,0.9200,max,heavy
0.8200,0.1800,0.0000,1.122,5.111,999.000,800000,800000,10000000,800000,0.9200,max,heavy
0.8300,0.0000,0.1700,1.108,999.000,5.412,800000,10000000,800000,800000,0.9200,max,heavy
0.8300,0.0100,0.1600,1.108,92.000,5.750,800000,800000,800000,800000,0.9200,max,heavy
0.8300,0.0200,0.1500,1.108,46.000,6.133,800000,800000,800000,800000,0.9200,max,heavy
0.8300,0.0300,0.1400,1.108,30.667,6.571,800000,800000,800000,800000,0.9200,good,heavy
0.8300,0.0400,0.1300,1.108,23.000,7.077,800000,800000,800000,800000,0.9200,max,heavy
0.8300,0.0500,0.1200,1.108,18.400,7.667,800000,800000,800000,800000,0.9200,max,heavy
0.8300,0.0600,0.1100,1.108,15.333,8.364,800000,800000,800000,800000,0.9200,max,heavy
0.8300,0.0700,0.1000,1.108,13.143,9.200,800000,800000,800000,800000,0.9200,good,heavy
0.8300,0.0800,0.0900,1.108,11.500,10.222,800000,800000,800000,800000,0.9200,max,heavy
0.8300,0.0900,0.0800,1.108,10.222,11.500,800000,800000,800000,800000,0.9200,max,heavy
0.8300,0.1000,0.0700,1.108,9.200,13.143,800000,800000,800000,800000,0.9200,good,heavy
0.8300,0.1100,0.0600,1.108,8.364,15.333,800000,800000,800000,800000,0.9200,max,heavy
0.8300,0.1200,0.0500,1.108,7.667,18.400,800000,800000,800000,800000,0.9200,max,heavy
0.8300,0.1300,0.0400,1.108,7.077,23.000,800000,800000,800000,800000,0.9200,max,heavy
0.8300,0.1400,0.0300,1.108,6.571,30.667,800000,800000,800000,800000,0.9200,good,heavy
0.8300,0.1500,0.0200,1.108,6.133,46.000,800000,800000,800000,800000,0.9200,max,heavy
0.8300,0.1600,0.0100,1.108,5.750,92.000,800000,800000,800000,800000,0.9200,max,heavy
0.8300,0.1700,0.0000,1.108,5.412,999.000,800000,800000,10000000,800000,0.9200,max,heavy
0.8400,0.0000,0.1600,1.095,999.000,5.750,800000,10000000,800000,800000,0.9200,max,heavy
0.8400,0.0100,0.1500,1.095,92.000,6.133,800000,800000,800000,800000,0.9200,max,heavy
0.8400,0.0200,0.1400,1.095,46.000,6.571,800000,800000,800000,800000,0.9200,good,heavy
0.8400,0.0300,0.1300,1.095,30.667,7.077,800000,800000,800000,800000,0.9200,max,heavy
0.8400,0.0400,0.1200,1.095,23.000,7.667,800000,800000,800000,800000,0.9200,max,heavy
0.8400,0.0500,0.1100,1.095,18.400,8.364,800000,800000,800000,800000,0.9200,max,heavy
0.8400,0.0600,0.1000,1.095,15.333,9.200,800000,800000,800000,800000,0.9200,max,heavy
0.8400,0.0700,0.0900,1.095,13.143,10.222,800000,800000,800000,800000,0.9200,good,heavy
0.8400,0.0800,0.0800,1.095,11.500,11.500,800000,800000,800000,800000,0.9200,max,heavy
0.8400,0.0900,0.0700,1.095,10.222,13.143,800000,800000,800000,800000,0.9200,good,heavy
0.8400,0.1000,0.0600,1.095,9.200,15.333,800000,800000,800000,800000,0.9200,max,heavy
0.8400,0.1100,0.0500,1.095,8.364,18.400,800000,800000,800000,800000,0.9200,max,heavy
0.8400,0.1200,0.0400,1.095,7.667,23.000,800000,800000,800000,800000,0.9200,max,heavy
0.8400,0.1300,0.0300,1.095,7.077,30.667,800000,800000,800000,800000,0.9200,max,heavy
0.8400,0.1400,0.0200,1.095,6.571,46.000,800000,800000,800000,800000,0.9200,good,heavy
0.8400,0.1500,0.0100,1.095,6.133,92.000,800000,800000,800000,800000,0.9200,max,heavy
0.8400,0.1600,0.0000,1.095,5.750,999.000,800000,800000,10000000,800000,0.9200,max,heavy
0.8500,0.0000,0.1500,1.082,999.000,6.133,800000,10000000,800000,800000,0.9200,good,heavy
0.8500,0.0100,0.1400,1.082,92.000,6.571,800000,800000,800000,800000,0.9200,good,heavy
0.8500,0.0200,0.1300,1.082,46.000,7.077,800000,800000,800000,800000,0.9200,good,heavy
0.8500,0.0300,0.1200,1.082,30.667,7.667,800000,800000,800000,800000,0.9200,good,heavy
0.8500,0.0400,0.1100,1.082,23.000,8.364,800000,800000,800000,800000,0.9200,good,heavy
0.8500,0.0500,0.1000,1.082,18.400,9.200,800000,800000,800000,800000,0.9200,good,heavy
0.8500,0.0600,0.0900,1.082,15.333,10.222,800000,800000,800000,800000,0.9200,good,heavy
0.8500,0.0700,0.0800,1.082,13.143,11.500,800000,800000,800000,800000,0.9200,good,heavy
0.8500,0.0800,0.0700,1.082,11.500,13.143,800000,800000,800000,800000,0.9200,good,heavy
0.8500,0.0900,0.0600,1.082,10.222,15.333,800000,800000,800000,800000,0.9200,good,heavy
0.8500,0.1000,0.0500,1.082,9.200,18.400,800000,800000,800000,800000,0.9200,good,heavy
0.8500,0.1100,0.0400,1.082,8.364,23.000,800000,800000,800000,800000,0.9200,good,heavy
0.8500,0.1200,0.0300,1.082,7.667,30.667,800000,800000,800000,800000,0.9200,good,heavy
0.8500,0.1300,0.0200,1.082,7.077,46.000,800000,800000,800000,800000,0.9200,good,heavy
0.8500,0.1400,0.0100,1.082,6.571,92.000,800000,800000,800000,800000,0.9200,good,heavy
0.8500,0.1500,0.0000,1.082,6.133,999.000,800000,800000,10000000,800000,0.9200,good,heavy
0.8600,0.0000,0.1400,1.070,999.000,6.571,800000,10000000,800000,800000,0.9200,good,heavy
0.8600,0.0100,0.1300,1.070,92.000,7.077,800000,800000,800000,800000,0.9200,good,heavy
0.8600,0.0200,0.1200,1.070,46.000,7.667,800000,800000,800000,800000,0.9200,good,heavy
0.8600,0.0300,0.1100,1.070,30.667,8.364,800000,800000,800000,800000,0.9200,good,heavy
0.8600,0.0400,0.1000,1.070,23.000,9.200,800000,800000,800000,800000,0.9200,good,heavy
0.8600,0.0500,0.0900,1.070,18.400,10.222,800000,800000,800000,800000,0.9200,good,heavy
0.8600,0.0600,0.0800,1.070,15.333,11.500,800000,800000,800000,800000,0.9200,good,heavy
0.8600,0.0700,0.0700,1.070,13.143,13.143,800000,800000,800000,800000,0.9200,good,heavy
0.8600,0.0800,0.0600,1.070,11.500,15.333,800000,800000,800000,800000,0.9200,good,heavy
0.8600,0.0900,0.0500,1.070,10.222,18.400,800000,800000,800000,800000,0.9200,good,heavy
0.8600,0.1000,0.0400,1.070,9.200,23.000,800000,800000,800000,800000,0.9200,good,heavy
0.8600,0.1100,0.0300,1.070,8.364,30.667,800000,800000,800000,800000,0.9200,good,heavy
0.8600,0.1200,0.0200,1.070,7.667,46.000,800000,800000,800000,800000,0.9200,good,heavy
0.8600,0.1300,0.0100,1.070,7.077,92.000,800000,800000,800000,800000,0.9200,good,heavy
0.8600,0.1400,0.0000,1.070,6.571,999.000,800000,800000,10000000,800000,0.9200,good,heavy
0.8700,0.0000,0.1300,1.057,999.000,7.077,800000,10000000,800000,800000,0.9200,max,heavy
0.8700,0.0100,0.1200,1.057,92.000,7.667,800000,800000,800000,800000,0.9200,max,heavy
0.8700,0.0200,0.1100,1.057,46.000,8.364,800000,800000,800000,800000,0.9200,max,heavy
0.8700,0.0300,0.1000,1.057,30.667,9.200,800000,800000,800000,800000,0.9200,max,heavy
0.8700,0.0400,0.0900,1.057,23.000,10.222,800000,800000,800000,800000,0.9200,max,heavy
0.8700,0.0500,0.0800,1.057,18.400,11.500,800000,800000,800000,800000,0.9200,max,heavy
0.8700,0.0600,0.0700,1.057,15.333,13.143,800000,800000,800000,800000,0.9200,good,heavy
0.8700,0.0700,0.0600,1.057,13.143,15.333,800000,800000,800000,800000,0.9200,good,heavy
0.8700,0.0800,0.0500,1.057,11.500,18.400,800000,800000,800000,800000,0.9200,max,heavy
0.8700,0.0900,0.0400,1.057,10.222,23.000,800000,800000,800000,800000,0.9200,max,heavy
0.8700,0.1000,0.0300,1.057,9.200,30.667,800000,800000,800000,800000,0.9200,max,heavy
0.8700,0.1100,0.0200,1.057,8.364,46.000,800000,800000,800000,800000,0.9200,max,heavy
0.8700,0.1200,0.0100,1.057,7.667,92.000,800000,800000,800000,800000,0.9200,max,heavy
0.8700,0.1300,0.0000,1.057,7.077,999.000,800000,800000,10000000,800000,0.9200,max,heavy
0.8800,0.0000,0.1200,1.045,999.000,7.667,800000,10000000,800000,800000,0.9200,max,heavy
0.8800,0.0100,0.1100,1.045,92.000,8.364,800000,800000,800000,800000,0.9200,max,heavy
0.8800,0.0200,0.1000,1.045,46.000,9.200,800000,800000,800000,800000,0.9200,max,heavy
0.8800,0.0300,0.0900,1.045,30.667,10.222,800000,800000,800000,800000,0.9200,max,heavy
0.8800,0.0400,0.0800,1.045,23.000,11.500,800000,800000,800000,800000,0.9200,max,heavy
0.8800,0.0500,0.0700,1.045,18.400,13.143,800000,800000,800000,800000,0.9200,good,heavy
0.8800,0.0600,0.0600,1.045,15.333,15.333,800000,800000,800000,800000,0.9200,max,heavy
0.8800,0.0700,0.0500,1.045,13.143,18.400,800000,800000,800000,800000,0.9200,good,heavy
0.8800,0.0800,0.0400,1.045,11.500,23.000,800000,800000,800000,800000,0.9200,max,heavy
0.8800,0.0900,0.0300,1.045,10.222,30.667,800000,800000,800000,800000,0.9200,max,heavy
0.8800,0.1000,0.0200,1.045,9.200,46.000,800000,800000,800000,800000,0.9200,max,heavy
0.8800,0.1100,0.0100,1.045,8.364,92.000,800000,800000,800000,800000,0.9200,max,heavy
0.8800,0.1200,0.0000,1.045,7.667,999.000,800000,800000,10000000,800000,0.9200,max,heavy
0.8900,0.0000,0.1100,1.034,999.000,8.364,800000,10000000,800000,800000,0.9200,max,heavy
0.8900,0.0100,0.1000,1.034,92.000,9.200,800000,800000,800000,800000,0.9200,max,heavy
0.8900,0.0200,0.0900,1.034,46.000,10.222,800000,800000,800000,800000,0.9200,max,heavy
0.8900,0.0300,0.0800,1.034,30.667,11.500,800000,800000,800000,800000,0.9200,max,heavy
0.8900,0.0400,0.0700,1.034,23.000,13.143,800000,800000,800000,800000,0.9200,good,heavy
0.8900,0.0500,0.0600,1.034,18.400,15.333,800000,800000,800000,800000,0.9200,max,heavy
0.8900,0.0600,0.0500,1.034,15.333,18.400,800000,800000,800000,800000,0.9200,max,heavy
0.8900,0.0700,0.0400,1.034,13.143,23.000,800000,800000,800000,800000,0.9200,good,heavy
0.8900,0.0800,0.0300,1.034,11.500,30.667,800000,800000,800000,800000,0.9200,max,heavy
0.8900,0.0900,0.0200,1.034,10.222,46.000,800000,800000,800000,800000,0.9200,max,heavy
0.8900,0.1000,0.0100,1.034,9.200,92.000,800000,800000,800000,800000,0.9200,max,heavy
0.8900,0.1100,0.0000,1.034,8.364,999.000,800000,800000,10000000,800000,0.9200,max,heavy
0.9000,0.0000,0.1000,1.022,999.000,9.200,800000,10000000,800000,800000,0.9200,max,extreme
0.9000,0.0100,0.0900,1.022,92.000,10.222,800000,800000,800000,800000,0.9200,max,extreme
0.9000,0.0200,0.0800,1.022,46.000,11.500,800000,800000,800000,800000,0.9200,max,extreme
0.9000,0.0300,0.0700,1.022,30.667,13.143,800000,800000,800000,800000,0.9200,good,extreme
0.9000,0.0400,0.0600,1.022,23.000,15.333,800000,800000,800000,800000,0.9200,max,extreme
0.9000,0.0500,0.0500,1.022,18.400,18.400,800000,800000,800000,800000,0.9200,max,extreme
0.9000,0.0600,0.0400,1.022,15.333,23.000,800000,800000,800000,800000,0.9200,max,extreme
0.9000,0.0700,0.0300,1.022,13.143,30.667,800000,800000,800000,800000,0.9200,good,extreme
0.9000,0.0800,0.0200,1.022,11.500,46.000,800000,800000,800000,800000,0.9200,max,extreme
0.9000,0.0900,0.0100,1.022,10.222,92.000,800000,800000,800000,800000,0.9200,max,extreme
0.9000,0.1000,0.0000,1.022,9.200,999.000,800000,800000,10000000,800000,0.9200,max,extreme
0.9100,0.0000,0.0900,1.011,999.000,10.222,800000,10000000,800000,800000,0.9200,max,extreme
0.9100,0.0100,0.0800,1.011,92.000,11.500,800000,800000,800000,800000,0.9200,max,extreme
0.9100,0.0200,0.0700,1.011,46.000,13.143,800000,800000,800000,800000,0.9200,good,extreme
0.9100,0.0300,0.0600,1.011,30.667,15.333,800000,800000,800000,800000,0.9200,max,extreme
0.9100,0.0400,0.0500,1.011,23.000,18.400,800000,800000,800000,800000,0.9200,max,extreme
0.9100,0.0500,0.0400,1.011,18.400,23.000,800000,800000,800000,800000,0.9200,max,extreme
0.9100,0.0600,0.0300,1.011,15.333,30.667,800000,800000,800000,800000,0.9200,max,extreme
0.9100,0.0700,0.0200,1.011,13.143,46.000,800000,800000,800000,800000,0.9200,good,extreme
0.9100,0.0800,0.0100,1.011,11.500,92.000,800000,800000,800000,800000,0.9200,max,extreme
0.9100,0.0900,0.0000,1.011,10.222,999.000,800000,800000,10000000,800000,0.9200,max,extreme
0.9200,0.0000,0.0800,1.010,999.000,11.500,708000,10000000,800000,708000,0.9292,good,extreme
0.9200,0.0100,0.0700,1.010,92.000,13.143,708000,800000,800000,708000,0.9292,good,extreme
0.9200,0.0200,0.0600,1.010,46.000,15.333,708000,800000,800000,708000,0.9292,good,extreme
0.9200,0.0300,0.0500,1.010,30.667,18.400,708000,800000,800000,708000,0.9292,good,extreme
0.9200,0.0400,0.0400,1.010,23.000,23.000,708000,800000,800000,708000,0.9292,good,extreme
0.9200,0.0500,0.0300,1.010,18.400,30.667,708000,800000,800000,708000,0.9292,good,extreme
0.9200,0.0600,0.0200,1.010,15.333,46.000,708000,800000,800000,708000,0.9292,good,extreme
0.9200,0.0700,0.0100,1.010,13.143,92.000,708000,800000,800000,708000,0.9292,good,extreme
0.9200,0.0800,0.0000,1.010,11.500,999.000,708000,800000,10000000,708000,0.9292,good,extreme
0.9300,0.0000,0.0700,1.010,999.000,13.143,607000,10000000,800000,607000,0.9393,good,extreme
0.9300,0.0100,0.0600,1.010,92.000,15.333,607000,800000,800000,607000,0.9393,good,extreme
0.9300,0.0200,0.0500,1.010,46.000,18.400,607000,800000,800000,607000,0.9393,good,extreme
0.9300,0.0300,0.0400,1.010,30.667,23.000,607000,800000,800000,607000,0.9393,good,extreme
0.9300,0.0400,0.0300,1.010,23.000,30.667,607000,800000,800000,607000,0.9393,good,extreme
0.9300,0.0500,0.0200,1.010,18.400,46.000,607000,800000,800000,607000,0.9393,good,extreme
0.9300,0.0600,0.0100,1.010,15.333,92.000,607000,800000,800000,607000,0.9393,good,extreme
0.9300,0.0700,0.0000,1.010,13.143,999.000,607000,800000,10000000,607000,0.9393,good,extreme
0.9400,0.0000,0.0600,1.010,999.000,15.333,506000,10000000,800000,506000,0.9494,good,extreme
0.9400,0.0100,0.0500,1.010,92.000,18.400,506000,800000,800000,506000,0.9494,good,extreme
0.9400,0.0200,0.0400,1.010,46.000,23.000,506000,800000,800000,506000,0.9494,good,extreme
0.9400,0.0300,0.0300,1.010,30.667,30.667,506000,800000,800000,506000,0.9494,good,extreme
0.9400,0.0400,0.0200,1.010,23.000,46.000,506000,800000,800000,506000,0.9494,good,extreme
0.9400,0.0500,0.0100,1.010,18.400,92.000,506000,800000,800000,506000,0.9494,good,extreme
0.9400,0.0600,0.0000,1.010,15.333,999.000,506000,800000,10000000,506000,0.9494,good,extreme
0.9500,0.0000,0.0500,1.010,999.000,18.400,405000,10000000,800000,405000,0.9595,good,extreme
0.9500,0.0100,0.0400,1.010,92.000,23.000,405000,800000,800000,405000,0.9595,good,extreme
0.9500,0.0200,0.0300,1.010,46.000,30.667,405000,800000,800000,405000,0.9595,good,extreme
0.9500,0.0300,0.0200,1.010,30.667,46.000,405000,800000,800000,405000,0.9595,good,extreme
0.9500,0.0400,0.0100,1.010,23.000,92.000,405000,800000,800000,405000,0.9595,good,extreme
0.9500,0.0500,0.0000,1.010,18.400,999.000,405000,800000,10000000,405000,0.9595,good,extreme
0.9600,0.0000,0.0400,1.010,999.000,23.000,304000,10000000,800000,304000,0.9696,good,extreme
0.9600,0.0100,0.0300,1.010,92.000,30.667,304000,800000,800000,304000,0.9696,good,extreme
0.9600,0.0200,0.0200,1.010,46.000,46.000,304000,800000,800000,304000,0.9696,good,extreme
0.9600,0.0300,0.0100,1.010,30.667,92.000,304000,800000,800000,304000,0.9696,good,extreme
0.9600,0.0400,0.0000,1.010,23.000,999.000,304000,800000,10000000,304000,0.9696,good,extreme
0.9700,0.0000,0.0300,1.010,999.000,30.667,203000,10000000,800000,203000,0.9797,good,extreme
0.9700,0.0100,0.0200,1.010,92.000,46.000,203000,800000,800000,203000,0.9797,good,extreme
0.9700,0.0200,0.0100,1.010,46.000,92.000,203000,800000,800000,203000,0.9797,good,extreme
0.9700,0.0300,0.0000,1.010,30.667,999.000,203000,800000,10000000,203000,0.9797,good,extreme
0.9800,0.0000,0.0200,1.010,999.000,46.000,102000,10000000,800000,102000,0.9898,thin,extreme
0.9800,0.0100,0.0100,1.010,92.000,92.000,102000,800000,800000,102000,0.9898,thin,extreme
0.9800,0.0200,0.0000,1.010,46.000,999.000,102000,800000,10000000,102000,0.9898,thin,extreme
0.9900,0.0000,0.0100,1.010,999.000,92.000,1000,10000000,800000,1000,0.9999,thin,extreme
0.9900,0.0100,0.0000,1.010,92.000,999.000,1000,800000,10000000,1000,0.9999,thin,extreme
1.0000,0.0000,0.0000,1.010,999.000,999.000,-100000,10000000,10000000,-100000,1.0100,loss,extreme